nombre,url_album,foto_frontal,foto_trasera
Manchester United 15/16 Third Away Retro Jersey S-XXL,https://minkang.x.yupoo.com/albums/256508972?uid=1,https://photo.yupoo.com/minkang/d182a162be/big.jpg,https://photo.yupoo.com/minkang/97d990f659/big.jpg
LFC 26/27 EQT Black Retro Jersey S-4XL,https://minkang.x.yupoo.com/albums/256508953?uid=1,,
AFC Richmond 26/27 Home Jersey S-4XL,https://minkang.x.yupoo.com/albums/256223681?uid=1,https://photo.yupoo.com/minkang/1e7c91f382/big.jpg,https://photo.yupoo.com/minkang/74bb1a0ea8/big.jpg
Sunderland 26/27 Blue-Purple Special Edition Jersey S-4XL,https://minkang.x.yupoo.com/albums/256428399?uid=1,https://photo.yupoo.com/minkang/85f1e1d50c/big.jpg,https://photo.yupoo.com/minkang/2555243ef7/big.jpg
Manchester United 26/27 EQT Red Retro Jersey S-4XL,https://minkang.x.yupoo.com/albums/256428225?uid=1,https://photo.yupoo.com/minkang/1162bd3d7d/big.jpg,https://photo.yupoo.com/minkang/0e41aa394e/big.jpg
Manchester United 26/27 EQT Black Retro Jersey S-4XL,https://minkang.x.yupoo.com/albums/256428195?uid=1,https://photo.yupoo.com/minkang/710489f431/big.jpg,https://photo.yupoo.com/minkang/46affeb10c/big.jpg
Hull City 26/27 Third Away Jersey S-4XL,https://minkang.x.yupoo.com/albums/256428117?uid=1,https://photo.yupoo.com/minkang/387f518369/big.jpg,https://photo.yupoo.com/minkang/6e4db11b64/big.jpg
Derby County 26/27 Third Away Jersey S-4XL,https://minkang.x.yupoo.com/albums/256428012?uid=1,https://photo.yupoo.com/minkang/1940079798/big.jpeg,https://photo.yupoo.com/minkang/07f6e44006/big.jpeg
Crystal Palace 26/27 Away Jersey S-4XL,https://minkang.x.yupoo.com/albums/256427983?uid=1,https://photo.yupoo.com/minkang/8a9bc8ea2a/big.jpeg,https://photo.yupoo.com/minkang/9d818441a1/big.jpeg
Arsenal 26/27 EQT Red Retro Jersey S-4XL,https://minkang.x.yupoo.com/albums/256427920?uid=1,https://photo.yupoo.com/minkang/8bac8e2fe5/big.jpg,https://photo.yupoo.com/minkang/633562058c/big.jpg
Arsenal 26/27 EQT Blue Retro Jersey S-4XL,https://minkang.x.yupoo.com/albums/256427902?uid=1,https://photo.yupoo.com/minkang/85102ec59f/big.jpg,https://photo.yupoo.com/minkang/debd7e7115/big.jpg
LFC 26/27 Third Away Kit Kids  Size 16-28,https://minkang.x.yupoo.com/albums/256233692?uid=1,,
Wolves 26/27 Away Jersey S-4XL,https://minkang.x.yupoo.com/albums/255836137?uid=1,https://photo.yupoo.com/minkang/2a342c0f86/big.jpg,https://photo.yupoo.com/minkang/a3d7c85179/big.jpg
West Ham United 26/27 Third Jersey S-4XL,https://minkang.x.yupoo.com/albums/255836087?uid=1,https://photo.yupoo.com/minkang/2c8d199970/big.jpg,https://photo.yupoo.com/minkang/76e0caecb3/big.jpg
West Bromwich Albion 26/27 Home Jersey S-4XL,https://minkang.x.yupoo.com/albums/255836067?uid=1,https://photo.yupoo.com/minkang/501370c172/big.jpg,https://photo.yupoo.com/minkang/5e4ced4354/big.jpg
West Bromwich Albion 26/27 Away Jersey S-4XL,https://minkang.x.yupoo.com/albums/255836035?uid=1,https://photo.yupoo.com/minkang/387431eac8/big.jpg,https://photo.yupoo.com/minkang/5afea3d33f/big.jpg
Stoke City 26/27 Home Jersey S-4XL,https://minkang.x.yupoo.com/albums/255835008?uid=1,https://photo.yupoo.com/minkang/b2a9b7ccec/big.jpg,https://photo.yupoo.com/minkang/e0609c8d1d/big.jpg
Stoke City 26/27 Away Jersey S-4XL,https://minkang.x.yupoo.com/albums/255834991?uid=1,https://photo.yupoo.com/minkang/be7d1e08e3/big.jpg,https://photo.yupoo.com/minkang/d95e24e287/big.jpg
Nottingham Forest 26/27 Third Jersey S-4XL,https://minkang.x.yupoo.com/albums/255834900?uid=1,https://photo.yupoo.com/minkang/733aaf8c04/big.jpg,https://photo.yupoo.com/minkang/770a853f83/big.jpg
Hull City 26/27 Away Jersey S-4XL,https://minkang.x.yupoo.com/albums/255834858?uid=1,https://photo.yupoo.com/minkang/2518e5d12a/big.jpg,https://photo.yupoo.com/minkang/45caa0c74f/big.jpg
Fulham 26/27 Third Jersey S-4XL,https://minkang.x.yupoo.com/albums/255834843?uid=1,https://photo.yupoo.com/minkang/41ef03b2e2/big.jpg,https://photo.yupoo.com/minkang/513d35eb4e/big.jpg
Fulham 26/27 Home Jersey S-4XL,https://minkang.x.yupoo.com/albums/255834821?uid=1,https://photo.yupoo.com/minkang/a9460b2d85/big.jpg,https://photo.yupoo.com/minkang/0ee6e21c1d/big.jpg
Fulham 26/27 Away Jersey S-4XL,https://minkang.x.yupoo.com/albums/255834801?uid=1,https://photo.yupoo.com/minkang/dcbcfd6326/big.jpg,https://photo.yupoo.com/minkang/db3319418f/big.jpg
Coventry City 26/27 Third Jersey S-4XL,https://minkang.x.yupoo.com/albums/255834643?uid=1,https://photo.yupoo.com/minkang/1ed93ba946/big.jpg,https://photo.yupoo.com/minkang/b0e9aac463/big.jpg
Coventry City 26/27 Away Jersey S-4XL,https://minkang.x.yupoo.com/albums/255834625?uid=1,https://photo.yupoo.com/minkang/63cc323444/big.jpg,https://photo.yupoo.com/minkang/76c4fa7e00/big.jpg
Burnley 26/27 Home Jersey S-4XL,https://minkang.x.yupoo.com/albums/255834448?uid=1,https://photo.yupoo.com/minkang/587f307f4a/big.jpg,https://photo.yupoo.com/minkang/f21f71fb96/big.jpg
Brighton &amp; Hove Albion 26/27 Third Jersey S-4XL,https://minkang.x.yupoo.com/albums/255834434?uid=1,https://photo.yupoo.com/minkang/a272ce4edc/big.jpg,https://photo.yupoo.com/minkang/1e1eb2cc57/big.jpg
Blackburn Rovers 26/27 Third Jersey S-4XL,https://minkang.x.yupoo.com/albums/255834401?uid=1,https://photo.yupoo.com/minkang/1258f35e99/big.jpg,https://photo.yupoo.com/minkang/0a6e033095/big.jpg
Blackburn Rovers 26/27 Away Jersey S-4XL,https://minkang.x.yupoo.com/albums/255834386?uid=1,https://photo.yupoo.com/minkang/3c03221da5/big.jpg,https://photo.yupoo.com/minkang/73a6b3204d/big.jpg
AFC Bournemouth 26/27 Home Jersey S-4XL,https://minkang.x.yupoo.com/albums/255834226?uid=1,https://photo.yupoo.com/minkang/dd5419bd6e/big.jpg,https://photo.yupoo.com/minkang/74febd86d3/big.jpg
LFC 26/27 Third Away Player Version Jersey S-4XL,https://minkang.x.yupoo.com/albums/255796794?uid=1,,
Sunderlandl 05/06 Home Retro Jersey S-XXL,https://minkang.x.yupoo.com/albums/255161055?uid=1,https://photo.yupoo.com/minkang/1630d8275c/big.jpg,https://photo.yupoo.com/minkang/bb516fe777/big.jpg
Sunderlandl 05/06 Away Retro Jersey S-XXL,https://minkang.x.yupoo.com/albums/255161009?uid=1,https://photo.yupoo.com/minkang/70ff45c84e/big.jpg,https://photo.yupoo.com/minkang/9ec78a5c9c/big.jpg
Retro Crystal Palace 96/98 Home Jersey S-XXL,https://minkang.x.yupoo.com/albums/255036911?uid=1,https://photo.yupoo.com/minkang/a578a176c9/big.jpg,https://photo.yupoo.com/minkang/daaf73bee3/big.jpg
Retro Aston Villa 11/12 Home S-XXL,https://minkang.x.yupoo.com/albums/255036819?uid=1,https://photo.yupoo.com/minkang/f0a60b572a/big.jpg,https://photo.yupoo.com/minkang/a883f3ffb7/big.jpg
Retro Arsenal 02/03 home Player Version Jersey S-XXL,https://minkang.x.yupoo.com/albums/255036780?uid=1,https://photo.yupoo.com/minkang/8d8e7736bc/big.jpg,https://photo.yupoo.com/minkang/10e109eb9e/big.jpg
Retro Chelsea  11/12 home Champions League Player Version Jersey S-XXL,https://minkang.x.yupoo.com/albums/255036652?uid=1,https://photo.yupoo.com/minkang/4eef7b7c42/big.jpg,https://photo.yupoo.com/minkang/3a87931433/big.jpg
Retro 01/02 M-U 100th Anniversary Edition S-XXL (Can be worn on both sides) S-XXL,https://minkang.x.yupoo.com/albums/255036545?uid=1,https://photo.yupoo.com/minkang/11aec82df3/big.jpg,https://photo.yupoo.com/minkang/b5a5dd90b1/big.jpg
Norwich City 92/94 Home Retro Jersey S-XXL,https://minkang.x.yupoo.com/albums/255036419?uid=1,https://photo.yupoo.com/minkang/e4e793447d/big.jpg,https://photo.yupoo.com/minkang/3e72e8e3b6/big.jpg
Newcastle United 95/96 Away Retro Jersey S-XXL,https://minkang.x.yupoo.com/albums/255036374?uid=1,https://photo.yupoo.com/minkang/a1e099712e/big.jpg,https://photo.yupoo.com/minkang/26bb852c9a/big.jpg
Newcastle United 26/27 Home Long Sleeve Jersey S-4XL,https://minkang.x.yupoo.com/albums/255036327?uid=1,https://photo.yupoo.com/minkang/d220fd6193/big.jpg,https://photo.yupoo.com/minkang/6788256b04/big.jpg
Manchester United x Stone Roses 25/26 Shorts S-XXL,https://minkang.x.yupoo.com/albums/255036223?uid=1,https://photo.yupoo.com/minkang/85feaf723f/big.jpg,https://photo.yupoo.com/minkang/bbc69946fe/big.jpg
Manchester United 26/27 Home Long Sleeve Jersey S-4XL,https://minkang.x.yupoo.com/albums/255036132?uid=1,https://photo.yupoo.com/minkang/6732c5bcf1/big.jpg,https://photo.yupoo.com/minkang/e91bab9247/big.jpg
Manchester United 16/17 Home Jersey S-4XL,https://minkang.x.yupoo.com/albums/255036103?uid=1,https://photo.yupoo.com/minkang/6270cd0e16/big.jpg,https://photo.yupoo.com/minkang/5eaa6f0df7/big.jpg
Manchester United 07/08 Away Player Version Jersey S-XXL,https://minkang.x.yupoo.com/albums/255036064?uid=1,https://photo.yupoo.com/minkang/17063b650c/big.jpg,https://photo.yupoo.com/minkang/2d6a3655ee/big.jpg
Manchester United 01/02 Centenary Reversible Away And Third Retro Jersey S-XXL,https://minkang.x.yupoo.com/albums/255036031?uid=1,https://photo.yupoo.com/minkang/82613c935c/big.jpg,https://photo.yupoo.com/minkang/23fbc8fab2/big.jpg
Manchester City 89/91 Home Retro Jersey S-XXL,https://minkang.x.yupoo.com/albums/255035991?uid=1,https://photo.yupoo.com/minkang/49799a84c6/big.jpg,https://photo.yupoo.com/minkang/6c54e86926/big.jpg
Manchester City 26/27 Third Kids Kit Size 16-28,https://minkang.x.yupoo.com/albums/255035938?uid=1,https://photo.yupoo.com/minkang/bfc98c3059/big.jpg,https://photo.yupoo.com/minkang/a170cc8955/big.jpg
Manchester City 26/27 Home Long Sleeve Jersey S-4XL,https://minkang.x.yupoo.com/albums/255035895?uid=1,https://photo.yupoo.com/minkang/9ff7160305/big.jpg,https://photo.yupoo.com/minkang/fe83cbcfa2/big.jpg
Manchester City 26/27 Third Away Long Sleeve Jersey  Player Version S-XXL,https://minkang.x.yupoo.com/albums/255035856?uid=1,https://photo.yupoo.com/minkang/422803b64a/big.jpg,https://photo.yupoo.com/minkang/6948c340ad/big.jpg
Manchester City 26/27 Third Away Jersey Player Version S-XXL,https://minkang.x.yupoo.com/albums/255035811?uid=1,https://photo.yupoo.com/minkang/8f1ede35bb/big.jpg,https://photo.yupoo.com/minkang/3bc931d00d/big.jpg
LFC 26/27 Third Jersey S-4XL,https://minkang.x.yupoo.com/albums/255035770?uid=1,,
LFC 26/27 Home Long Sleeve Jersey S-4XL,https://minkang.x.yupoo.com/albums/255035668?uid=1,,
Coventry City F.C. 26/27 Home Jersey S-4XL,https://minkang.x.yupoo.com/albums/255035282?uid=1,https://photo.yupoo.com/minkang/9f1a3c8697/big.jpeg,https://photo.yupoo.com/minkang/23e18ac2cc/big.jpeg
Chelsea 26/27 Home Long Sleeve Jersey S-4XL,https://minkang.x.yupoo.com/albums/255035225?uid=1,https://photo.yupoo.com/minkang/609099db52/big.jpg,https://photo.yupoo.com/minkang/9f4ea6987f/big.jpg
Blackburn Rovers 94/95 Home Retro Jersey S-XXL,https://minkang.x.yupoo.com/albums/255034968?uid=1,https://photo.yupoo.com/minkang/8b9a0560c4/big.jpg,https://photo.yupoo.com/minkang/bfa67bc88c/big.jpg
Aston Villa 26/27 Pre-Match Jersey S-4XL,https://minkang.x.yupoo.com/albums/255034839?uid=1,https://photo.yupoo.com/minkang/73a104ea45/big.jpg,https://photo.yupoo.com/minkang/c778172750/big.jpg
Arsenal 26/27 Home Long Sleeve Jersey S-4XL,https://minkang.x.yupoo.com/albums/255034752?uid=1,https://photo.yupoo.com/minkang/db684e1f37/big.jpg,https://photo.yupoo.com/minkang/338ea11a2d/big.jpg
Arsenal 26/27 Away Long Sleeve Jersey S-4XL,https://minkang.x.yupoo.com/albums/255034677?uid=1,https://photo.yupoo.com/minkang/2aeefea806/big.jpg,https://photo.yupoo.com/minkang/4b8a447177/big.jpg
Sunderland 26/27 Third away Jersey S-4XL,https://minkang.x.yupoo.com/albums/254282214?uid=1,https://photo.yupoo.com/minkang/2569e2186f/big.jpg,https://photo.yupoo.com/minkang/ce028e8054/big.jpg
Sunderland 26/27 Home Jersey S-4XL,https://minkang.x.yupoo.com/albums/254282162?uid=1,https://photo.yupoo.com/minkang/c584d118ab/big.jpg,https://photo.yupoo.com/minkang/5ea4714196/big.jpg
Sheffield Wednesday 26/27 Away Jersey S-4XL,https://minkang.x.yupoo.com/albums/254282131?uid=1,https://photo.yupoo.com/minkang/c505ee405a/big.jpg,https://photo.yupoo.com/minkang/4f7966936e/big.jpg
Sheffield Wednesday 26/27 Away GOALKEEPER Jersey S-4XL,https://minkang.x.yupoo.com/albums/254282099?uid=1,https://photo.yupoo.com/minkang/5c608cfbc8/big.jpg,https://photo.yupoo.com/minkang/9caffc549e/big.jpg
Sheffield United 26/27 Third away Jersey S-4XL,https://minkang.x.yupoo.com/albums/254282059?uid=1,https://photo.yupoo.com/minkang/f055f6d467/big.jpg,https://photo.yupoo.com/minkang/2a98fc11bd/big.jpg
Leeds United 26/27 Third away Jersey S-4XL,https://minkang.x.yupoo.com/albums/254281591?uid=1,https://photo.yupoo.com/minkang/8565d0cc80/big.jpg,https://photo.yupoo.com/minkang/0df6d864ed/big.jpg
Derby County 26/27 Away Jersey S-4XL,https://minkang.x.yupoo.com/albums/254280725?uid=1,https://photo.yupoo.com/minkang/07288df9c7/big.jpg,https://photo.yupoo.com/minkang/e4c1f651d3/big.jpg
Crystal Palace 26/27 Third away Jersey S-4XL,https://minkang.x.yupoo.com/albums/254280542?uid=1,https://photo.yupoo.com/minkang/5676124c33/big.jpg,https://photo.yupoo.com/minkang/8d78740450/big.jpg
Crystal Palace 26/27 Away Jersey S-4XL,https://minkang.x.yupoo.com/albums/254280495?uid=1,https://photo.yupoo.com/minkang/a35f7ac030/big.jpg,https://photo.yupoo.com/minkang/4fe43e02aa/big.jpg
Birmingham City 26/27 Home Jersey S-4XL,https://minkang.x.yupoo.com/albums/254280225?uid=1,https://photo.yupoo.com/minkang/a07c23c7b4/big.jpg,https://photo.yupoo.com/minkang/f8cb3e2530/big.jpg
Birmingham City 26/27 Away Jersey S-4XL,https://minkang.x.yupoo.com/albums/254280189?uid=1,https://photo.yupoo.com/minkang/b82b037af6/big.jpg,https://photo.yupoo.com/minkang/a86698b084/big.jpg
M-U 26/27  Away Kids kit goalkeeper Jersey Size 16-28,https://minkang.x.yupoo.com/albums/254289041?uid=1,https://photo.yupoo.com/minkang/608badcda4/big.jpg,https://photo.yupoo.com/minkang/1e67b480d1/big.jpg
Middlesbrough 26/27 Aawy Kids Kit Size 16-28,https://minkang.x.yupoo.com/albums/253817584?uid=1,https://photo.yupoo.com/minkang/60011222fc/big.jpg,https://photo.yupoo.com/minkang/078f9ef758/big.jpg
Cardiff City 26/27 Home Kids Kit Size 16-28,https://minkang.x.yupoo.com/albums/253817336?uid=1,https://photo.yupoo.com/minkang/6e97348adc/big.jpg,https://photo.yupoo.com/minkang/c4a1a701d2/big.jpg
Sheffield United 26/27 Home Kids kit Size 16-28,https://minkang.x.yupoo.com/albums/252958184?uid=1,https://photo.yupoo.com/minkang/5ff14ece9c/big.jpg,https://photo.yupoo.com/minkang/bc7dd8b14f/big.jpg
Arsenal Originals Retro Style Casual Shirt S-XXL,https://minkang.x.yupoo.com/albums/252957157?uid=1,https://photo.yupoo.com/minkang/78e85ffe4d/big.jpg,https://photo.yupoo.com/minkang/44e75553c5/big.jpg
Leyard 26/27 away jersey S-2XL,https://minkang.x.yupoo.com/albums/252315391?uid=1,https://photo.yupoo.com/minkang/9ad81044f1/big.jpg,https://photo.yupoo.com/minkang/4ee4b61d2f/big.jpg
Cardiff City 26/27 Home Kit S-4XL,https://minkang.x.yupoo.com/albums/252315118?uid=1,https://photo.yupoo.com/minkang/799cdfc88f/big.jpg,https://photo.yupoo.com/minkang/d13946f01c/big.jpg
Millwall 26/27 Home Jersey S-4XL,https://minkang.x.yupoo.com/albums/252314745?uid=1,https://photo.yupoo.com/minkang/8be022a2bd/big.jpg,https://photo.yupoo.com/minkang/df8b7ab1e9/big.jpg
Doncaster 26/27 Home Jersey S-4XL,https://minkang.x.yupoo.com/albums/252314602?uid=1,https://photo.yupoo.com/minkang/4e52eff508/big.jpg,https://photo.yupoo.com/minkang/095f7d0277/big.jpg
Crescent 26/27 Away Jersey S-2XL,https://minkang.x.yupoo.com/albums/252314560?uid=1,https://photo.yupoo.com/minkang/10d910e874/big.jpg,https://photo.yupoo.com/minkang/f8b7da5947/big.jpg
Sheffield United 26/27 Home Jersey S-4XL,https://minkang.x.yupoo.com/albums/251870237?uid=1,https://photo.yupoo.com/minkang/dbc398cb9d/big.jpg,https://photo.yupoo.com/minkang/19591beaac/big.jpg
Middlesbrough 26/27 Home Jersey S-XXL,https://minkang.x.yupoo.com/albums/251870052?uid=1,https://photo.yupoo.com/minkang/b92e3e62c6/big.jpg,https://photo.yupoo.com/minkang/a4068c1259/big.jpg
Brentford 26/27 Home Jersey S-4XL,https://minkang.x.yupoo.com/albums/251869423?uid=1,https://photo.yupoo.com/minkang/c92a64add4/big.jpg,https://photo.yupoo.com/minkang/ffe8479bfa/big.jpg
Sheffield United 26/27 Away Kids kit Jersey Size 16-28,https://minkang.x.yupoo.com/albums/251868479?uid=1,https://photo.yupoo.com/minkang/d664b1d6fa/big.jpg,https://photo.yupoo.com/minkang/a8e627c8a5/big.jpg
Middlesbrough 26/27 Home Kids kit Size 16-28,https://minkang.x.yupoo.com/albums/251868202?uid=1,https://photo.yupoo.com/minkang/aa85896ef9/big.jpg,https://photo.yupoo.com/minkang/6db329c774/big.jpg
Ipswich Town 26/27 Home Kids kit Jersey Size 16-28,https://minkang.x.yupoo.com/albums/251868083?uid=1,https://photo.yupoo.com/minkang/7eb5491118/big.jpg,https://photo.yupoo.com/minkang/c1615a87d2/big.jpg
Ipswich Town 26/27 Away Kids kit Jersey Size 16-28,https://minkang.x.yupoo.com/albums/251868066?uid=1,https://photo.yupoo.com/minkang/8bd222a068/big.jpg,https://photo.yupoo.com/minkang/d2329195d0/big.jpg
Hull City 26/27 Away Kids kit Jersey Size 16-28,https://minkang.x.yupoo.com/albums/251868027?uid=1,https://photo.yupoo.com/minkang/ba1c6f4026/big.jpg,https://photo.yupoo.com/minkang/cd7c59a124/big.jpg
Cardiff City 26/27 Aaway Kids kit Jersey Size 16-28,https://minkang.x.yupoo.com/albums/251867711?uid=1,https://photo.yupoo.com/minkang/a7390f638a/big.jpg,https://photo.yupoo.com/minkang/7ea4a623c6/big.jpg
Burnley 26/27 Home Kids kit Jersey Size 16-28,https://minkang.x.yupoo.com/albums/251867591?uid=1,https://photo.yupoo.com/minkang/3a0c155867/big.jpg,https://photo.yupoo.com/minkang/4749c78818/big.jpg
Brentford 26/27 Home Kids kit Size 16-28,https://minkang.x.yupoo.com/albums/251867565?uid=1,https://photo.yupoo.com/minkang/dd3b132661/big.jpg,https://photo.yupoo.com/minkang/142a49237e/big.jpg
Aston Villa 26/27 Away Jersey S-4XL,https://minkang.x.yupoo.com/albums/253817198?uid=1,https://photo.yupoo.com/minkang/481781555a/big.jpg,https://photo.yupoo.com/minkang/d0e3424e45/big.jpg
Brighton &amp; Hove Albion 26/27 Home Kids Kit Size 16-28,https://minkang.x.yupoo.com/albums/253817286?uid=1,https://photo.yupoo.com/minkang/8ad5498095/big.jpg,https://photo.yupoo.com/minkang/e9d084b8fa/big.jpg
Coventry City 26/27 Away Kids Kit Size 16-28,https://minkang.x.yupoo.com/albums/253817365?uid=1,https://photo.yupoo.com/minkang/8c1daa7fb9/big.jpg,https://photo.yupoo.com/minkang/6be6d884b7/big.jpg
Coventry City 26/27 Home Kids Kit Size 16-28,https://minkang.x.yupoo.com/albums/253817387?uid=1,https://photo.yupoo.com/minkang/b0b39669c0/big.jpg,https://photo.yupoo.com/minkang/a2a06d332d/big.jpg
Everton 26/27 Home Kids Kit Size 16-28,https://minkang.x.yupoo.com/albums/253817418?uid=1,https://photo.yupoo.com/minkang/8df991d490/big.jpg,https://photo.yupoo.com/minkang/59a28d6f19/big.jpg
Newcastle 26/27 Third Away Jersey S-4XL,https://minkang.x.yupoo.com/albums/253817630?uid=1,https://photo.yupoo.com/minkang/a592470cc1/big.jpg,https://photo.yupoo.com/minkang/cd0a997c52/big.jpg
Portsmouth 26/27 away Jersey S-4XL,https://minkang.x.yupoo.com/albums/253817706?uid=1,https://photo.yupoo.com/minkang/8859950fe5/big.jpg,https://photo.yupoo.com/minkang/0aad486800/big.jpg
Portsmouth 26/27 Home Kids Kit Size 16-28,https://minkang.x.yupoo.com/albums/253817731?uid=1,https://photo.yupoo.com/minkang/b5b5a7a815/big.jpg,https://photo.yupoo.com/minkang/a32e23387b/big.jpg
Sunderland 26/27 Home Jersey S-4XL,https://minkang.x.yupoo.com/albums/253817915?uid=1,https://photo.yupoo.com/minkang/81afd4ca82/big.jpg,https://photo.yupoo.com/minkang/ed91f7eb9c/big.jpg
Manchester City 26/27 Away Player Version Long Sleeve Jersey S-3XL,https://minkang.x.yupoo.com/albums/253656192?uid=1,https://photo.yupoo.com/minkang/59901d3640/big.jpg,https://photo.yupoo.com/minkang/290c82c6f3/big.jpg
M-U 26/27 Away Player Version Long Sleeve Jersey S-3XL,https://minkang.x.yupoo.com/albums/253656277?uid=1,https://photo.yupoo.com/minkang/8fbe040cab/big.jpg,https://photo.yupoo.com/minkang/332862bcf2/big.jpg
M-U 26/27 Home Player Version Long Sleeve Jersey S-3XL,https://minkang.x.yupoo.com/albums/253656360?uid=1,https://photo.yupoo.com/minkang/c89dc2e1fd/big.jpg,https://photo.yupoo.com/minkang/3947dc2dc6/big.jpg
Tottenham 26/27 Away Kids Kit Jersey Size 16-28,https://minkang.x.yupoo.com/albums/253656804?uid=1,https://photo.yupoo.com/minkang/b846814570/big.jpg,https://photo.yupoo.com/minkang/3304d2c095/big.jpg
Newcastle United 26/27 Away Kids kit Size 16-28,https://minkang.x.yupoo.com/albums/253699394?uid=1,https://photo.yupoo.com/minkang/be7544dd04/big.jpg,https://photo.yupoo.com/minkang/9e2afe10ca/big.jpg
Everton 26/27 Home Jersey S-4XL,https://minkang.x.yupoo.com/albums/253699523?uid=1,https://photo.yupoo.com/minkang/4af17d2423/big.jpg,https://photo.yupoo.com/minkang/0b26058175/big.jpg
M-U 26/27 Third Away Jersey S-4XL,https://minkang.x.yupoo.com/albums/253307673?uid=1,https://photo.yupoo.com/minkang/0ef37f0c0e/big.jpg,https://photo.yupoo.com/minkang/6a8b29f49f/big.jpg
Manchester City 26/27 Away Jersey S-4XL,https://minkang.x.yupoo.com/albums/253307430?uid=1,https://photo.yupoo.com/minkang/d9da2b0b1b/big.jpg,https://photo.yupoo.com/minkang/33a48293b8/big.jpg
Manchester City 26/27 Third Away Jersey S-4XL,https://minkang.x.yupoo.com/albums/253305355?uid=1,https://photo.yupoo.com/minkang/d2797b4385/big.jpg,https://photo.yupoo.com/minkang/1f7a64ce5c/big.jpg
Chelsea 26/27 Away Jersey S-4XL,https://minkang.x.yupoo.com/albums/253304996?uid=1,https://photo.yupoo.com/minkang/d9a17d3e1d/big.jpg,https://photo.yupoo.com/minkang/d6cf998db4/big.jpg
Newcastle United 26/27 Home Jersey S-XL,https://minkang.x.yupoo.com/albums/253304098?uid=1,https://photo.yupoo.com/minkang/66e43b83c0/big.jpg,https://photo.yupoo.com/minkang/42f76792fc/big.jpg
Tottenham Hotspur 26/27 Home Jersey S-5XL,https://minkang.x.yupoo.com/albums/253303782?uid=1,https://photo.yupoo.com/minkang/29a756c4fc/big.jpg,https://photo.yupoo.com/minkang/5ce69542ec/big.jpg
LFC 26/27 Home Kids Kit Jersey Size 16-28,https://minkang.x.yupoo.com/albums/253287645?uid=1,,
Arsenal 26/27 Away Kids Kit Jersey Size 16-28,https://minkang.x.yupoo.com/albums/253284762?uid=1,https://photo.yupoo.com/minkang/83b55e9c57/big.jpg,https://photo.yupoo.com/minkang/d6811dacfe/big.jpg
M-U 26/27 Away Kids Kit Jersey Size 16-28,https://minkang.x.yupoo.com/albums/253284512?uid=1,https://photo.yupoo.com/minkang/ce67efc6db/big.jpg,https://photo.yupoo.com/minkang/1353e4faa2/big.jpg
Newcastle United 26/27 Home Kids kit Size 16-28,https://minkang.x.yupoo.com/albums/253284088?uid=1,https://photo.yupoo.com/minkang/d66eea253d/big.jpg,https://photo.yupoo.com/minkang/fddd9bafaf/big.jpg
M-U 26/27 Third Away Kids kit Jersey Size 16-28,https://minkang.x.yupoo.com/albums/253282917?uid=1,https://photo.yupoo.com/minkang/da21f7d6f7/big.jpg,https://photo.yupoo.com/minkang/7cf884eb81/big.jpg
LFC 26/27 Away Player Version Long Sleeve Jersey S-3XL,https://minkang.x.yupoo.com/albums/253282193?uid=1,,
Leicester City 26/27 Home Kids Kit Size 16-28,https://minkang.x.yupoo.com/albums/252957829?uid=1,https://photo.yupoo.com/minkang/e0de80ab9e/big.jpg,https://photo.yupoo.com/minkang/fc0f4daeb2/big.jpg
Fulham 26/27 Home Kids kit Size 16-28,https://minkang.x.yupoo.com/albums/252957729?uid=1,https://photo.yupoo.com/minkang/7888aae99c/big.jpg,https://photo.yupoo.com/minkang/b3f100ef2a/big.jpg
Aston Villa 26/27 Third Player Version Jersey S-3XL,https://minkang.x.yupoo.com/albums/252957222?uid=1,https://photo.yupoo.com/minkang/8c2f4ce61e/big.jpg,https://photo.yupoo.com/minkang/138f02585b/big.jpg
West Ham United 26/27 Away Kids kit Size 16-28,https://minkang.x.yupoo.com/albums/251867437?uid=1,https://photo.yupoo.com/minkang/971bf78256/big.jpg,https://photo.yupoo.com/minkang/ea39f93c5f/big.jpg
Birmingham City 26/27 Home Kids kit Jersey Size 16-28,https://minkang.x.yupoo.com/albums/251867530?uid=1,https://photo.yupoo.com/minkang/4719a9436f/big.jpg,https://photo.yupoo.com/minkang/41646beb10/big.jpg
Blackburn Rovers 26/27 Home Kids kit Jersey Size 16-28,https://minkang.x.yupoo.com/albums/251867546?uid=1,https://photo.yupoo.com/minkang/b69f2047d6/big.jpg,https://photo.yupoo.com/minkang/514efab3ae/big.jpg
Blackburn Rovers 26/27 Third Kids kit Jersey Size 16-28,https://minkang.x.yupoo.com/albums/251867554?uid=1,https://photo.yupoo.com/minkang/6a1751208e/big.jpg,https://photo.yupoo.com/minkang/15e9708410/big.jpg
Brighton &amp; Hove Albion 26/27 Away Kids kit Jersey Size 16-28,https://minkang.x.yupoo.com/albums/251867578?uid=1,https://photo.yupoo.com/minkang/09bdbedc70/big.jpg,https://photo.yupoo.com/minkang/128e976f5a/big.jpg
Chelsea 26/27 Away Kids kit Size 16-30,https://minkang.x.yupoo.com/albums/251867919?uid=1,https://photo.yupoo.com/minkang/b2615c20f7/big.jpg,https://photo.yupoo.com/minkang/ebe7e1ed9b/big.jpg
Everton 26/27 Away Kids kit Jersey Size 16-28,https://minkang.x.yupoo.com/albums/251867964?uid=1,https://photo.yupoo.com/minkang/0894c5df3f/big.jpg,https://photo.yupoo.com/minkang/ee0c915c2b/big.jpg
Hull City 26/27 Home Kids kit Jersey Size 16-28,https://minkang.x.yupoo.com/albums/251868046?uid=1,https://photo.yupoo.com/minkang/cfedb25dfa/big.jpg,https://photo.yupoo.com/minkang/c0616f1970/big.jpg
Leeds United 26/27 Away Kids kit Size 16-28,https://minkang.x.yupoo.com/albums/251868124?uid=1,https://photo.yupoo.com/minkang/553d77bc2b/big.jpg,https://photo.yupoo.com/minkang/ee42d12aae/big.jpg
Manchester City 26/27 Home Womens Jersey S-XXL,https://minkang.x.yupoo.com/albums/251868139?uid=1,https://photo.yupoo.com/minkang/32a747c716/big.jpg,https://photo.yupoo.com/minkang/b9a3739207/big.jpg
M-U 26/27 Away Womens Jersey S-XXL,https://minkang.x.yupoo.com/albums/251868150?uid=1,https://photo.yupoo.com/minkang/788758bec3/big.jpg,https://photo.yupoo.com/minkang/0059298998/big.jpg
M-U 26/27 Third Womens Jersey S-XXL,https://minkang.x.yupoo.com/albums/251868185?uid=1,https://photo.yupoo.com/minkang/90ffaf9333/big.jpg,https://photo.yupoo.com/minkang/5ba44f2eea/big.jpg
Nottingham Forest 26/27 Home Kids kit Jersey Size 16-28,https://minkang.x.yupoo.com/albums/251868303?uid=1,https://photo.yupoo.com/minkang/a3581399aa/big.jpg,
Chelsea 26/27 Away Womens Jersey S-XXL,https://minkang.x.yupoo.com/albums/251869498?uid=1,https://photo.yupoo.com/minkang/01e126bd2c/big.jpg,https://photo.yupoo.com/minkang/834c126520/big.jpg
Chelsea 26/27 Third Jersey S-4XL,https://minkang.x.yupoo.com/albums/251869523?uid=1,https://photo.yupoo.com/minkang/e86a320659/big.jpg,https://photo.yupoo.com/minkang/50fe2f0864/big.jpg
LFC 26/27 Pre-Match Jersey S-4XL,https://minkang.x.yupoo.com/albums/252314713?uid=1,,
M-U 26/27 Special Jersey S-4XL,https://minkang.x.yupoo.com/albums/252314780?uid=1,https://photo.yupoo.com/minkang/91314d00a7/big.jpg,https://photo.yupoo.com/minkang/b792a92f25/big.jpg
M-U 26/27 Away Jersey S-2XL,https://minkang.x.yupoo.com/albums/252314762?uid=1,https://photo.yupoo.com/minkang/57938ffe4f/big.jpg,https://photo.yupoo.com/minkang/f4b055be47/big.jpg
M-U 26/27 Special Jersey S-4XL,https://minkang.x.yupoo.com/albums/252314877?uid=1,https://photo.yupoo.com/minkang/1c0eb5e71f/big.jpg,https://photo.yupoo.com/minkang/75deff9ed5/big.jpg
Newcastle 26/27 away Jersey S-4XL,https://minkang.x.yupoo.com/albums/252315422?uid=1,https://photo.yupoo.com/minkang/9bad45cc66/big.jpg,https://photo.yupoo.com/minkang/bd2c5dfb7c/big.jpg
Tottenham 26/27 Away jersey S-2XL,https://minkang.x.yupoo.com/albums/252315533?uid=1,https://photo.yupoo.com/minkang/fe1eb9a1d4/big.jpg,https://photo.yupoo.com/minkang/ab817bd28e/big.jpg
Arsenal 26/27 Away Jersey S-4XL,https://minkang.x.yupoo.com/albums/252346922?uid=1,https://photo.yupoo.com/minkang/cb8a0cb3ea/big.jpg,https://photo.yupoo.com/minkang/1f56c8de76/big.jpg
Tottenham 26/27 Third Away jersey S-4XL,https://minkang.x.yupoo.com/albums/252347957?uid=1,https://photo.yupoo.com/minkang/34730048bc/big.jpg,https://photo.yupoo.com/minkang/a0192898af/big.jpg
Wolves 26/27 Home Jersey S-4XL,https://minkang.x.yupoo.com/albums/252347990?uid=1,https://photo.yupoo.com/minkang/d745fee6d5/big.jpg,https://photo.yupoo.com/minkang/3f467e5160/big.jpg
M-U 26/27 Away Jersey S-4XL,https://minkang.x.yupoo.com/albums/252349324?uid=1,https://photo.yupoo.com/minkang/9b47af968b/big.jpg,https://photo.yupoo.com/minkang/303f88c2d9/big.jpg
LFC 26/27 Home S-4XL,https://minkang.x.yupoo.com/albums/252349516?uid=1,,
Chelsea 26/27 Third Player Version Jersey S-4XL,https://minkang.x.yupoo.com/albums/252350903?uid=1,https://photo.yupoo.com/minkang/ebffcc87ca/big.jpg,https://photo.yupoo.com/minkang/ac250b4e8a/big.jpg
LFC 26/27 Home Player Version Jersey S-4XL,https://minkang.x.yupoo.com/albums/252352202?uid=1,,
Chelsea 26/27 Home Player Version Jersey S-4XL,https://minkang.x.yupoo.com/albums/252352434?uid=1,https://photo.yupoo.com/minkang/39e3ba4647/big.jpg,https://photo.yupoo.com/minkang/d6624ffe8e/big.jpg
LFC 26/27 Away Player Version Jersey S-4XL,https://minkang.x.yupoo.com/albums/252352610?uid=1,,
Arsenal 26/27 Third Player Version Jersey S-4XL,https://minkang.x.yupoo.com/albums/252353029?uid=1,https://photo.yupoo.com/minkang/af79e5ea96/big.jpg,https://photo.yupoo.com/minkang/23dbf2530b/big.jpg
LFC 26/27 Away Kids Kit Jersey Size：16-28,https://minkang.x.yupoo.com/albums/252353590?uid=1,,
Manchester City 26/27 Away Kids Kit Size 16-28,https://minkang.x.yupoo.com/albums/252353760?uid=1,https://photo.yupoo.com/minkang/bf26493a4c/big.jpg,https://photo.yupoo.com/minkang/5a2e2c9d6d/big.jpg
M-U 26/27 Third Long Sleeved Jersey S-4XL,https://minkang.x.yupoo.com/albums/251867075?uid=1,https://photo.yupoo.com/minkang/8126765a1b/big.jpg,https://photo.yupoo.com/minkang/5668d2544b/big.jpg
M-U 26/27 Away Long Sleeved Jersey S-4XL,https://minkang.x.yupoo.com/albums/251867004?uid=1,https://photo.yupoo.com/minkang/821ea6c379/big.jpg,https://photo.yupoo.com/minkang/3a09a1afbb/big.jpg
Tottenham Hotspur 26/27 Home Kids Kit Jersey Size:16-28,https://minkang.x.yupoo.com/albums/251102959?uid=1,https://photo.yupoo.com/minkang/3fea0c846b/big.jpg,https://photo.yupoo.com/minkang/ffe2c8906b/big.jpg
M-U 26/27 Third Away Player Version Jersey S-4XL,https://minkang.x.yupoo.com/albums/251101856?uid=1,https://photo.yupoo.com/minkang/7180d65494/big.jpg,https://photo.yupoo.com/minkang/de00d504f3/big.jpg
Newcastle United 26/27 Away Player Version Jersey S-3XL,https://minkang.x.yupoo.com/albums/251101232?uid=1,https://photo.yupoo.com/minkang/1f9f5ac321/big.jpg,https://photo.yupoo.com/minkang/f5416a0f5f/big.jpg
LFC 26/27 Away Jersey S-4XL,https://minkang.x.yupoo.com/albums/251099896?uid=1,,
Chelsea 2026 Home Kids Kit Jersey Size 16-28,https://minkang.x.yupoo.com/albums/245426154?uid=1,https://photo.yupoo.com/minkang/9ffdf9d643/big.jpg,https://photo.yupoo.com/minkang/b228ad2687/big.jpg
Portsmouth 26/27 Home Jersey S-4XL,https://minkang.x.yupoo.com/albums/249052589?uid=1,https://photo.yupoo.com/minkang/cd97d141ed/big.jpg,https://photo.yupoo.com/minkang/0ff70b4602/big.jpg
Sunderland 26/27 Away Jersey S-4XL,https://minkang.x.yupoo.com/albums/249052980?uid=1,https://photo.yupoo.com/minkang/f96b541147/big.jpg,https://photo.yupoo.com/minkang/2234aa338d/big.jpg
Queens Park Rangers 26/27 Home Jersey S-4XL,https://minkang.x.yupoo.com/albums/249053121?uid=1,https://photo.yupoo.com/minkang/b381f3eba9/big.jpg,https://photo.yupoo.com/minkang/1f3afecb40/big.jpg
Preston 26/27 Home Jersey S-4XL,https://minkang.x.yupoo.com/albums/249065757?uid=1,https://photo.yupoo.com/minkang/6d491b889d/big.jpg,https://photo.yupoo.com/minkang/31ec4a07ab/big.jpg
Queens Park Rangers 26/27 Away Jersey S-4XL,https://minkang.x.yupoo.com/albums/249065896?uid=1,https://photo.yupoo.com/minkang/8c70941475/big.jpg,https://photo.yupoo.com/minkang/35b7c54ae5/big.jpg
Newcastle United 26/27 Special Edition Jersey S-4XL,https://minkang.x.yupoo.com/albums/249066123?uid=1,https://photo.yupoo.com/minkang/97f160593e/big.jpg,https://photo.yupoo.com/minkang/6fb203ddb4/big.jpg
Queens Park Rangers 26/27 Third Away Jersey S-4XL,https://minkang.x.yupoo.com/albums/249049718?uid=1,https://photo.yupoo.com/minkang/88ceadcf82/big.jpg,https://photo.yupoo.com/minkang/36a9d87593/big.jpg
Arsenal 26/27 Player Version Away Jersey S-4XL,https://minkang.x.yupoo.com/albums/248835301?uid=1,https://photo.yupoo.com/minkang/e6ff2b7f73/big.jpg,https://photo.yupoo.com/minkang/902cbb36a5/big.jpg
Manchester City 26/27 Away Player Version Jersey S-XXL,https://minkang.x.yupoo.com/albums/248835434?uid=1,https://photo.yupoo.com/minkang/9b7b1db638/big.jpg,https://photo.yupoo.com/minkang/d866961ee3/big.jpg
M-U 26/27 Player Version Third Jersey S-4XL,https://minkang.x.yupoo.com/albums/248835623?uid=1,https://photo.yupoo.com/minkang/3759f8f6ef/big.jpg,https://photo.yupoo.com/minkang/d29b7e417d/big.jpg
Arsenal 90/92 Away Retro Jersey S-4XL,https://minkang.x.yupoo.com/albums/248662865?uid=1,https://photo.yupoo.com/minkang/ef56c3a8b8/big.jpg,https://photo.yupoo.com/minkang/0709fdbdb3/big.jpg
Chelsea 26/27 Home Womens Jersey S-XXL,https://minkang.x.yupoo.com/albums/248187735?uid=1,https://photo.yupoo.com/minkang/9fb3c1fedc/big.jpg,https://photo.yupoo.com/minkang/e7c7f40905/big.jpg
Arsenal 26/27 Home Women's Jersey S-XXL,https://minkang.x.yupoo.com/albums/248187954?uid=1,https://photo.yupoo.com/minkang/1e7c4205ae/big.jpg,https://photo.yupoo.com/minkang/c7be93e271/big.jpg
Tottenham Hotspur 26/27 Away Womens Jersey S-XXL,https://minkang.x.yupoo.com/albums/248187890?uid=1,https://photo.yupoo.com/minkang/1830c6d576/big.jpg,https://photo.yupoo.com/minkang/2f0726d1fb/big.jpg
Tottenham Hotspur 26/27 Home Womens Jersey S-XXL,https://minkang.x.yupoo.com/albums/248187521?uid=1,https://photo.yupoo.com/minkang/1a47d855e2/big.jpg,https://photo.yupoo.com/minkang/a53ee16cb1/big.jpg
M-U 26/27 Home Womens Crop Jersey S-XXL,https://minkang.x.yupoo.com/albums/248188114?uid=1,https://photo.yupoo.com/minkang/d52c50f213/big.jpg,https://photo.yupoo.com/minkang/4a77682eec/big.jpg
LFC 26/27 Home Womens Crop Jersey S-XXL,https://minkang.x.yupoo.com/albums/248188230?uid=1,,
LFC 26/27 Home Womens Jersey S-XXL,https://minkang.x.yupoo.com/albums/248188058?uid=1,,
Arsenal 26/27 Home Match Women's Crop Jersey S-XXL,https://minkang.x.yupoo.com/albums/248188332?uid=1,https://photo.yupoo.com/minkang/3907e3f93e/big.jpg,https://photo.yupoo.com/minkang/cef85460b7/big.jpg
Arsenal 26/27 Third Away Women's Crop Jersey S-XXL,https://minkang.x.yupoo.com/albums/248188293?uid=1,https://photo.yupoo.com/minkang/01db5acf03/big.jpg,https://photo.yupoo.com/minkang/2be84e48ff/big.jpg
M-U 26/27 Home Womens Jersey S-XXL,https://minkang.x.yupoo.com/albums/248187833?uid=1,https://photo.yupoo.com/minkang/6773bd9ec1/big.jpg,https://photo.yupoo.com/minkang/a5d311e4ca/big.jpg
Arsenal 26/27 Third Womens Jersey S-XXL,https://minkang.x.yupoo.com/albums/248187464?uid=1,https://photo.yupoo.com/minkang/987a5a4181/big.jpg,https://photo.yupoo.com/minkang/ecb49c832b/big.jpg
Manchester City x Kidsuper 2026 Reversible Anthem All Weather Jacket Windbreaker S-3XL,https://minkang.x.yupoo.com/albums/247788130?uid=1,https://photo.yupoo.com/minkang/f46818d4f3/big.jpg,https://photo.yupoo.com/minkang/863fed3f43/big.jpg
Arsenal 2026 Tiro Competition Presentation All Weather Jacket Windbreaker S-XXL,https://minkang.x.yupoo.com/albums/247787254?uid=1,https://photo.yupoo.com/minkang/06e3e6a738/big.jpg,https://photo.yupoo.com/minkang/d26ecf702c/big.jpg
Aston Villa 26/27 Home Player Version Long Sleeve Jersey S-3XL,https://minkang.x.yupoo.com/albums/247356708?uid=1,,
LFC 02/04 Home Long sleeves Retro Jersey S-XXL,https://minkang.x.yupoo.com/albums/247187483?uid=1,,
Fulham 02/03 Home Retro Jersey S-XXL,https://minkang.x.yupoo.com/albums/247187227?uid=1,https://photo.yupoo.com/minkang/e47a10e39e/big.jpg,https://photo.yupoo.com/minkang/23dff66295/big.jpg
Fulham 01/02 Home Retro Jersey S-XXL,https://minkang.x.yupoo.com/albums/246279764?uid=1,https://photo.yupoo.com/minkang/d37fb03b13/big.jpg,https://photo.yupoo.com/minkang/096344aac8/big.jpg
Fulham 98/99 Home Retro Jersey S-XXL,https://minkang.x.yupoo.com/albums/246279910?uid=1,https://photo.yupoo.com/minkang/734fc53ca6/big.jpg,https://photo.yupoo.com/minkang/da959671d7/big.jpg
LFC 02/04 Home Retro Jersey S-XXL,https://minkang.x.yupoo.com/albums/246280038?uid=1,,
Aston Villa 95/97 Away Retro Jersey S-XXL,https://minkang.x.yupoo.com/albums/245839238?uid=1,https://photo.yupoo.com/minkang/900b46b172/big.jpg,https://photo.yupoo.com/minkang/8075eaecdf/big.jpg
Chelsea 13/14 Third Retro Jersey S-XXL,https://minkang.x.yupoo.com/albums/245838616?uid=1,https://photo.yupoo.com/minkang/48e2d9ab87/big.jpg,https://photo.yupoo.com/minkang/a0496c3869/big.jpg
Sheffield Wednesday 93/95 Away Retro Jersey S-XXL,https://minkang.x.yupoo.com/albums/245626214?uid=1,https://photo.yupoo.com/minkang/8dda66cd72/big.jpg,https://photo.yupoo.com/minkang/36cc45b229/big.jpg
Sheffield Wednesday 1998 Away Retro Jersey S-4XL,https://minkang.x.yupoo.com/albums/245626184?uid=1,https://photo.yupoo.com/minkang/08fbae9e10/big.jpg,https://photo.yupoo.com/minkang/f1bf1e5052/big.jpg
Sheffield Wednesday 2001 Home Game Retro Jersey S-4XL,https://minkang.x.yupoo.com/albums/245626136?uid=1,https://photo.yupoo.com/minkang/f45158c352/big.jpg,https://photo.yupoo.com/minkang/b1148df278/big.jpg
Sheffield Wednesday 1999 Away Retro Jersey S-4XL,https://minkang.x.yupoo.com/albums/245626107?uid=1,https://photo.yupoo.com/minkang/d696467a5b/big.jpg,https://photo.yupoo.com/minkang/463498d02d/big.jpg
Sheffield Wednesday 1998 Home Retro Jersey S-XXL,https://minkang.x.yupoo.com/albums/245624437?uid=1,https://photo.yupoo.com/minkang/ed0c08c378/big.jpg,https://photo.yupoo.com/minkang/d578b0f739/big.jpg
Birmingham 02/03 Away Retro Jersey S-4XL,https://minkang.x.yupoo.com/albums/245626237?uid=1,https://photo.yupoo.com/minkang/515f8a6ad7/big.jpg,https://photo.yupoo.com/minkang/45e68b1e70/big.jpg
Sunderland Patrick 86/87 Away Retro Jersey  S-XXL,https://minkang.x.yupoo.com/albums/245626198?uid=1,https://photo.yupoo.com/minkang/54253d13c6/big.jpg,https://photo.yupoo.com/minkang/d6f85ce8b7/big.jpg
Aston Villa 1998 Home Stadium Retro Jersey  S-XXL,https://minkang.x.yupoo.com/albums/245626176?uid=1,https://photo.yupoo.com/minkang/eea74d35b1/big.jpg,https://photo.yupoo.com/minkang/3276d0ab00/big.jpg
Birmingham 92/93 Blue Retro Jersey S-4XL,https://minkang.x.yupoo.com/albums/245626161?uid=1,https://photo.yupoo.com/minkang/bc8bd170ec/big.jpg,https://photo.yupoo.com/minkang/ce76dd29c2/big.jpg
Coventry 98/99 Away Retro Jersey S-4XL,https://minkang.x.yupoo.com/albums/245626084?uid=1,https://photo.yupoo.com/minkang/e3f2473d86/big.jpg,https://photo.yupoo.com/minkang/c243518543/big.jpg
Derby County 95/96 Home Retro Jersey S-4XL,https://minkang.x.yupoo.com/albums/245626065?uid=1,https://photo.yupoo.com/minkang/11c7486e09/big.jpg,https://photo.yupoo.com/minkang/b6ebf8cf51/big.jpg
Sunderland Patrick 86/87 Home Retro Jersey S-XXL,https://minkang.x.yupoo.com/albums/245625908?uid=1,https://photo.yupoo.com/minkang/6685ce81ae/big.jpg,https://photo.yupoo.com/minkang/3c8af5a855/big.jpg
Coventry 98/99 Home Retro Jersey S-4XL,https://minkang.x.yupoo.com/albums/245624463?uid=1,https://photo.yupoo.com/minkang/21d3b8ffac/big.jpg,https://photo.yupoo.com/minkang/e2199c69df/big.jpg
Sunderland 1991 Home Retro Jersey S-XXL,https://minkang.x.yupoo.com/albums/245506038?uid=1,https://photo.yupoo.com/minkang/3178d09e8b/big.jpg,https://photo.yupoo.com/minkang/4a84b6da6c/big.jpg
Birmingham 84/85 Away Retro Jersey S-XXL,https://minkang.x.yupoo.com/albums/245506059?uid=1,https://photo.yupoo.com/minkang/3d3671112d/big.jpg,https://photo.yupoo.com/minkang/cdbac816c8/big.jpg
Birmingham 02/03 Home Retro Jersey S-4XL,https://minkang.x.yupoo.com/albums/245506063?uid=1,https://photo.yupoo.com/minkang/5840a8c48b/big.jpg,https://photo.yupoo.com/minkang/ed6d780ce2/big.jpg
Sheffield Wednesday 1991 Home Retro Jersey S-4XL,https://minkang.x.yupoo.com/albums/245506113?uid=1,https://photo.yupoo.com/minkang/8cd8997d3e/big.jpg,https://photo.yupoo.com/minkang/0b02275e3d/big.jpg
Sheffield Wednesday 2001 Away Retro Jersey S-4XL,https://minkang.x.yupoo.com/albums/245506130?uid=1,https://photo.yupoo.com/minkang/93bc57453c/big.jpg,https://photo.yupoo.com/minkang/fd58b26811/big.jpg
Sheffield Wednesday 1997 Away Retro Jersey S-XXL,https://minkang.x.yupoo.com/albums/245506187?uid=1,https://photo.yupoo.com/minkang/947fd1cae7/big.jpg,https://photo.yupoo.com/minkang/cd90119b9a/big.jpg
Sheffield Wednesday 88/89 Away Retro Jersey S-4XL,https://minkang.x.yupoo.com/albums/245506100?uid=1,https://photo.yupoo.com/minkang/2b988abda4/big.jpg,https://photo.yupoo.com/minkang/7392450537/big.jpg
Arsenal CNY Tang Jacket S-XXL,https://minkang.x.yupoo.com/albums/245506695?uid=1,https://photo.yupoo.com/minkang/2d9da4a64a/big.jpg,https://photo.yupoo.com/minkang/0fbce65223/big.jpg
Manchester City 26/27 KING Anthem Jacket Windbreaker S-XXL,https://minkang.x.yupoo.com/albums/245506861?uid=1,https://photo.yupoo.com/minkang/8bd5a856b8/big.jpg,https://photo.yupoo.com/minkang/d5cfd986d9/big.jpg
Arsenal 26/27 Home Shorts S-XXL,https://minkang.x.yupoo.com/albums/245505983?uid=1,https://photo.yupoo.com/minkang/3a8c5f67fa/big.jpg,https://photo.yupoo.com/minkang/b2e1e0003b/big.jpg
LFC 26/27 Home Shorts S-XXL,https://minkang.x.yupoo.com/albums/245505906?uid=1,,
M-U 26/27 Home Shorts -White S-XXL,https://minkang.x.yupoo.com/albums/245505777?uid=1,https://photo.yupoo.com/minkang/4ff62c03f4/big.jpg,https://photo.yupoo.com/minkang/7e1fbc947f/big.jpg
Arsenal 26/27 Home Kids Kit Jersey Size：16-28,https://minkang.x.yupoo.com/albums/245426223?uid=1,https://photo.yupoo.com/minkang/140a784595/big.jpg,https://photo.yupoo.com/minkang/b5610339d0/big.jpg
Arsenal 26/27 Goalkeeper Kids Kit Jersey Size：16-28,https://minkang.x.yupoo.com/albums/245426307?uid=1,https://photo.yupoo.com/minkang/321e2397eb/big.jpg,https://photo.yupoo.com/minkang/57383c156e/big.jpg
M-U 26/27 Goalkeeper Kids Kit Jersey Size：16-28,https://minkang.x.yupoo.com/albums/245426339?uid=1,https://photo.yupoo.com/minkang/55f9d8434c/big.jpg,https://photo.yupoo.com/minkang/46d2b19626/big.jpg
Aston Villa 26/27 Home Kids Kit Jersey Size 16-28,https://minkang.x.yupoo.com/albums/245428124?uid=1,https://photo.yupoo.com/minkang/54e2d91c82/big.jpg,https://photo.yupoo.com/minkang/bc7272514d/big.jpg
LFC 26/27  Kids Kit Jersey Size：16-28,https://minkang.x.yupoo.com/albums/245427580?uid=1,,
LFC 26/27 Home Player Version Long Sleeved Jersey S-3XL,https://minkang.x.yupoo.com/albums/245424099?uid=1,,
Arsenal 26/27 Third Away Player Version Long Sleeved Jersey S-3XL,https://minkang.x.yupoo.com/albums/245424069?uid=1,https://photo.yupoo.com/minkang/cd8fbe8382/big.jpg,https://photo.yupoo.com/minkang/b9de244036/big.jpg
Manchester City 26/27 Home Player Version Long Sleeved Jersey S-3XL,https://minkang.x.yupoo.com/albums/245423868?uid=1,https://photo.yupoo.com/minkang/9527958312/big.jpg,https://photo.yupoo.com/minkang/533d61e5ad/big.jpg
Arsenal 26/27 Home Player Version Long Sleeved Jersey S-3XL,https://minkang.x.yupoo.com/albums/245423364?uid=1,https://photo.yupoo.com/minkang/514f307def/big.jpg,https://photo.yupoo.com/minkang/9c5a57302d/big.jpg
Chelsea 26/27 Third Away Player Version Long Sleeved Jersey S-3XL,https://minkang.x.yupoo.com/albums/245423302?uid=1,https://photo.yupoo.com/minkang/1b47bf679a/big.jpg,https://photo.yupoo.com/minkang/69e7abf296/big.jpg
Tottenham 26/27 Away Match Player Version Jersey S-3XL,https://minkang.x.yupoo.com/albums/245423005?uid=1,https://photo.yupoo.com/minkang/0ee4a66a53/big.jpg,https://photo.yupoo.com/minkang/9249b4024c/big.jpg
LFC 26//27 Player Version Training Vest White Jersey S-3XL,https://minkang.x.yupoo.com/albums/245422949?uid=1,,
Tottenham 26/27 Home Player Version Jersey S-3XL,https://minkang.x.yupoo.com/albums/245422825?uid=1,https://photo.yupoo.com/minkang/ab97323255/big.jpg,https://photo.yupoo.com/minkang/27a3975749/big.jpg
LFC 2026 OG Player Version Training Shorts - Royal Blue S-3XL,https://minkang.x.yupoo.com/albums/245424855?uid=1,,
LFC 26/27 Player Version Training White Jersey S-3XL,https://minkang.x.yupoo.com/albums/244881848?uid=1,,
LFC 26//27 Player Version Training Vest White Jersey S-3XL,https://minkang.x.yupoo.com/albums/244881744?uid=1,,
LFC 26/27 Player Version Training Vest Black Jersey S-3XL,https://minkang.x.yupoo.com/albums/244867082?uid=1,,
LFC 26/27 Player Version Training Polo Black Jersey S-3XL,https://minkang.x.yupoo.com/albums/244866871?uid=1,,
LFC 26/27 Player Version Training Black Jersey S-3XL,https://minkang.x.yupoo.com/albums/244866727?uid=1,,
Aston Villa 26/27 Home Player Version Jersey S-3XL,https://minkang.x.yupoo.com/albums/244865313?uid=1,https://photo.yupoo.com/minkang/f453864163/big.jpg,https://photo.yupoo.com/minkang/7105e90550/big.jpg
LFC 26/27 Goalkeeper Jersey - Green S-4XL,https://minkang.x.yupoo.com/albums/244523578?uid=1,,
Hull City 26/27 Home Jersey S-4XL,https://minkang.x.yupoo.com/albums/244523198?uid=1,https://photo.yupoo.com/minkang/181028483c/big.jpg,https://photo.yupoo.com/minkang/b43f8f8d80/big.jpg
Derby County 26/27 Home Jersey S-4XL,https://minkang.x.yupoo.com/albums/244522594?uid=1,https://photo.yupoo.com/minkang/ddd886986a/big.jpg,https://photo.yupoo.com/minkang/381e3c267e/big.jpg
Chelsea 26/27 Home Jersey S-4XL,https://minkang.x.yupoo.com/albums/244522276?uid=1,https://photo.yupoo.com/minkang/f2fab50e96/big.jpg,https://photo.yupoo.com/minkang/f8528a3286/big.jpg
Plymouth Argyle 26/27 Home Jersey S-4XL,https://minkang.x.yupoo.com/albums/244275516?uid=1,https://photo.yupoo.com/minkang/bc58f3e3ca/big.jpg,https://photo.yupoo.com/minkang/2bc3bb6ece/big.jpg
Leeds United 26/27 Home Jersey S-4XL,https://minkang.x.yupoo.com/albums/244274522?uid=1,https://photo.yupoo.com/minkang/3526c82ac8/big.jpg,https://photo.yupoo.com/minkang/71ff2aaaaf/big.jpg
Leeds United 26/27 Away Jersey S-4XL,https://minkang.x.yupoo.com/albums/244274202?uid=1,https://photo.yupoo.com/minkang/35921b5658/big.jpg,https://photo.yupoo.com/minkang/01a4b67421/big.jpg
Hull City 26/27 Goalkeeper Jersey S-4XL,https://minkang.x.yupoo.com/albums/244274049?uid=1,https://photo.yupoo.com/minkang/38359ad726/big.jpg,https://photo.yupoo.com/minkang/34dd1fc89f/big.jpg
Brighton 26/27 125th Anniversary Jersey S-4XL,https://minkang.x.yupoo.com/albums/244272918?uid=1,https://photo.yupoo.com/minkang/9793b43dd9/big.jpg,https://photo.yupoo.com/minkang/7e40b3cf28/big.jpg
Bradford City 26/27 Home Jersey S-4XL,https://minkang.x.yupoo.com/albums/244272610?uid=1,https://photo.yupoo.com/minkang/7f55c291fb/big.jpg,https://photo.yupoo.com/minkang/ae8bfd80d8/big.jpg
Chelsea 26/27 Third Away Player Version Jersey S-4XL,https://minkang.x.yupoo.com/albums/242208256?uid=1,https://photo.yupoo.com/minkang/4d92a7be4d/big.jpg,https://photo.yupoo.com/minkang/27ee1d6d06/big.jpg
M-U 26/27 Home Kids Kit Jersey Size 16-28,https://minkang.x.yupoo.com/albums/240192907?uid=1,https://photo.yupoo.com/minkang/847fde5552/big.jpg,https://photo.yupoo.com/minkang/9607cff776/big.jpg
M-U Bringback 90/92 Sweatshirt - Black S-4XL,https://minkang.x.yupoo.com/albums/240191737?uid=1,https://photo.yupoo.com/minkang/5acbc08b4b/big.jpg,https://photo.yupoo.com/minkang/9b604f97d2/big.jpg
M-U CNY Tang Jacket S-XXL,https://minkang.x.yupoo.com/albums/240191700?uid=1,https://photo.yupoo.com/minkang/30eda00fce/big.jpg,https://photo.yupoo.com/minkang/f99027164c/big.jpg
M-U 26/27 Home Jersey S-4XL,https://minkang.x.yupoo.com/albums/240053278?uid=1,https://photo.yupoo.com/minkang/2ff2109f8c/big.jpg,https://photo.yupoo.com/minkang/f2daf8d69b/big.jpg
Manchester United 25/26 Originals Stone Roses Baby Jersey Size 912,https://minkang.x.yupoo.com/albums/239481821?uid=1,https://photo.yupoo.com/minkang/a9e4e7ec32/big.jpg,https://photo.yupoo.com/minkang/d90e3a6963/big.jpg
Manchester City 26/27 Home Baby Jersey Size 9/12,https://minkang.x.yupoo.com/albums/239481712?uid=1,https://photo.yupoo.com/minkang/fb8e736ae3/big.jpg,https://photo.yupoo.com/minkang/735a899100/big.jpg
Arsenal 26/27 Away Women's Jersey S-XXL,https://minkang.x.yupoo.com/albums/239478138?uid=1,https://photo.yupoo.com/minkang/aae6231f61/big.jpg,https://photo.yupoo.com/minkang/cba034fc77/big.jpg
Arsenal 26/27 Third Away Jersey S-4XL,https://minkang.x.yupoo.com/albums/239250939?uid=1,https://photo.yupoo.com/minkang/fef4af7580/big.jpg,https://photo.yupoo.com/minkang/dd91ef6eea/big.jpg
Southampton 93/95 Retro All Black Jersey S-4XL,https://minkang.x.yupoo.com/albums/238633098?uid=1,https://photo.yupoo.com/minkang/22168b199f/big.jpg,https://photo.yupoo.com/minkang/0c8c2e9036/big.jpg
LFC 95/96 Retro Long Sleeve Black Jersey S-XXL,https://minkang.x.yupoo.com/albums/238631139?uid=1,,
"Chelsea 24/25 Training Casual T-shirt, Sizes S-3XL",https://minkang.x.yupoo.com/albums/238629577?uid=1,https://photo.yupoo.com/minkang/4a8c0388f8/big.jpg,https://photo.yupoo.com/minkang/00eb415c69/big.jpg
Southampton 1993 Home Retro Jersey S-4XL,https://minkang.x.yupoo.com/albums/238463907?uid=1,https://photo.yupoo.com/minkang/694fa53b93/big.jpg,https://photo.yupoo.com/minkang/9adfdfb68f/big.jpg
Southampton 1993 Away Retro Jersey S-4XL,https://minkang.x.yupoo.com/albums/238463842?uid=1,https://photo.yupoo.com/minkang/66882522f2/big.jpg,https://photo.yupoo.com/minkang/be08163f0b/big.jpg
M-U 26/27 Special Edition Player Version Jersey S-XXL,https://minkang.x.yupoo.com/albums/238462760?uid=1,https://photo.yupoo.com/minkang/43bdb4e84e/big.jpg,https://photo.yupoo.com/minkang/f9ababf21a/big.jpg
Derby County 95/96 Away Retro Jersey S-4XL,https://minkang.x.yupoo.com/albums/238461744?uid=1,https://photo.yupoo.com/minkang/9edc9b5ce7/big.jpg,https://photo.yupoo.com/minkang/e197e10e61/big.jpg
Arsenal Originals Culture Retro Casual T-shirt S-3XL,https://minkang.x.yupoo.com/albums/238460324?uid=1,https://photo.yupoo.com/minkang/d30b2b11d8/big.jpg,https://photo.yupoo.com/minkang/fa336fac25/big.jpg
M-U 98/99 Home Retro Long Sleeve Kids Kit Jersey SIZE 16-28,https://minkang.x.yupoo.com/albums/238400675?uid=1,https://photo.yupoo.com/minkang/56cc7f7edf/big.jpg,https://photo.yupoo.com/minkang/e0138ea411/big.jpg
M-U 08/09 Third Away Retro Long-Sleeve Kids Kit Jersey Size 16-28,https://minkang.x.yupoo.com/albums/238400606?uid=1,https://photo.yupoo.com/minkang/46b8ba68a7/big.jpg,https://photo.yupoo.com/minkang/dc5a37abe4/big.jpg
M-U 07/08 Home Retro Long Sleeve Kids Kit Jersey SIZE 16-28,https://minkang.x.yupoo.com/albums/238400540?uid=1,https://photo.yupoo.com/minkang/a713fe2de3/big.jpg,https://photo.yupoo.com/minkang/53f3c45fa3/big.jpg
M-U 07/08 Away Retro Long Sleeve Kids Kit Jersey SIZE 16-28,https://minkang.x.yupoo.com/albums/238400453?uid=1,https://photo.yupoo.com/minkang/0442f2315f/big.jpg,https://photo.yupoo.com/minkang/9dfc8ff993/big.jpg
Arsenal 05/06 Home Retro Long Sleeve Kids Kit Jersey Size 16-28,https://minkang.x.yupoo.com/albums/238399851?uid=1,https://photo.yupoo.com/minkang/54df6a0fdc/big.jpg,https://photo.yupoo.com/minkang/e1388e28eb/big.jpg
Arsenal 05/06 Home Retro Kids Kit Jersey Size 16-28,https://minkang.x.yupoo.com/albums/237966692?uid=1,https://photo.yupoo.com/minkang/62c163aec2/big.jpg,https://photo.yupoo.com/minkang/31cee0b2eb/big.jpg
Arsenal 02/04 Home Retro Kids Kit Jersey Size 16-28,https://minkang.x.yupoo.com/albums/237966647?uid=1,https://photo.yupoo.com/minkang/ccd1fdfed4/big.jpg,https://photo.yupoo.com/minkang/046432bac4/big.jpg
M-U 96/98 Third Away Retro Kids Kit Jersey SIZE 16-28,https://minkang.x.yupoo.com/albums/237798430?uid=1,https://photo.yupoo.com/minkang/23a6c2bb15/big.jpg,https://photo.yupoo.com/minkang/072c738df5/big.jpg
M-U 93/94 Away Retro Kids Kit Jersey Size 16-28,https://minkang.x.yupoo.com/albums/237798321?uid=1,https://photo.yupoo.com/minkang/89c254a6a4/big.jpg,https://photo.yupoo.com/minkang/6294cf9343/big.jpg
M-U 90/92 Away Retro Kids Kit Jersey SIZE 16-28,https://minkang.x.yupoo.com/albums/237798213?uid=1,https://photo.yupoo.com/minkang/44c46c99e4/big.jpg,https://photo.yupoo.com/minkang/b407154821/big.jpg
M-U 10/11 Home Retro Kids Kit Jersey SIZE 16-28,https://minkang.x.yupoo.com/albums/237798119?uid=1,https://photo.yupoo.com/minkang/f30734b318/big.jpg,https://photo.yupoo.com/minkang/c6f0756d55/big.jpg
M-U 08/09 Away (UEFA Champions League) Retro Kids Kit Jersey SIZE 16-28,https://minkang.x.yupoo.com/albums/237797649?uid=1,https://photo.yupoo.com/minkang/09fceec29b/big.jpg,https://photo.yupoo.com/minkang/48b81cc9ce/big.jpg
M-U 0809 Away (League Edition) Retro Kids Kit Jersey Size 16-2-,https://minkang.x.yupoo.com/albums/237797534?uid=1,https://photo.yupoo.com/minkang/8edea82992/big.jpg,https://photo.yupoo.com/minkang/ecb92013c2/big.jpg
M-U 07/08 Home Retro Kids Kit Jersey Size 16-28,https://minkang.x.yupoo.com/albums/237797390?uid=1,https://photo.yupoo.com/minkang/2a700df6b6/big.jpg,https://photo.yupoo.com/minkang/1f59276e23/big.jpg
LFC 96/97 Away Retro Kids Kit Jersey Size 16-28,https://minkang.x.yupoo.com/albums/237797294?uid=1,,
LFC 95/96 Home Retro Kids Kit Jersey Size 16-28,https://minkang.x.yupoo.com/albums/237797181?uid=1,,
LFC 94/96 Third Away Retro Kids Kit Jersey SIZE 16-28,https://minkang.x.yupoo.com/albums/237797091?uid=1,,
LFC 01/02 Away Retro Kids Kit Jersey SIZE 16-28,https://minkang.x.yupoo.com/albums/237796883?uid=1,,
Chelsea 11/12 Home (UEFA Champions League) Retro Kids Kit Jersey Size 16-28,https://minkang.x.yupoo.com/albums/237795381?uid=1,https://photo.yupoo.com/minkang/f8f091fab6/big.jpg,https://photo.yupoo.com/minkang/b1f818e004/big.jpg
Arsenal 01/02 Away Retro Kids Kit Jersey SIZE 16-28,https://minkang.x.yupoo.com/albums/237792777?uid=1,https://photo.yupoo.com/minkang/7bfa569afd/big.jpg,https://photo.yupoo.com/minkang/b55bc7d86f/big.jpg
M-U Terrace Icons T-Shirt White S-XXL,https://minkang.x.yupoo.com/albums/237393146?uid=1,https://photo.yupoo.com/minkang/f21ddce5a0/big.jpg,https://photo.yupoo.com/minkang/07d9ba4051/big.jpg
M-U Terrace Icons Long Sleeve T-Shirt White S-XXL,https://minkang.x.yupoo.com/albums/237393116?uid=1,https://photo.yupoo.com/minkang/6ef9f5722d/big.jpg,https://photo.yupoo.com/minkang/c4613ac30e/big.jpg
M-U Terrace Icons Long Sleeve T-Shirt Red S-XXL,https://minkang.x.yupoo.com/albums/237393088?uid=1,https://photo.yupoo.com/minkang/cf95cca9e2/big.jpg,https://photo.yupoo.com/minkang/cc66b8b883/big.jpg
M-U 26/27 Special Edition - Blue Player Version Jersey S-2XL,https://minkang.x.yupoo.com/albums/237393063?uid=1,https://photo.yupoo.com/minkang/022706648d/big.jpg,https://photo.yupoo.com/minkang/8dc163315d/big.jpg
M-U 25/26 Originals Stone Roses Player Version Jersey S-2XL,https://minkang.x.yupoo.com/albums/237393026?uid=1,https://photo.yupoo.com/minkang/9a018a8fe7/big.jpg,https://photo.yupoo.com/minkang/434172d415/big.jpg
LFC Terrace Icons T-Shirt Red S-XXL,https://minkang.x.yupoo.com/albums/237392970?uid=1,,
LFC Terrace Icons Long Sleeve T-Shirt Red S-XXL,https://minkang.x.yupoo.com/albums/237392889?uid=1,,
LFC 26/27 Special Edition Player Version Jersey S-2XL,https://minkang.x.yupoo.com/albums/237392830?uid=1,,
Arsenal Terrace Icons T-Shirt Yellow S-XXL,https://minkang.x.yupoo.com/albums/237391896?uid=1,https://photo.yupoo.com/minkang/62951dcadd/big.jpg,https://photo.yupoo.com/minkang/3c88ed4946/big.jpg
M-U 25/26 Training Windbreaker - Purple S-XXL,https://minkang.x.yupoo.com/albums/237218574?uid=1,https://photo.yupoo.com/minkang/f487540d0b/big.jpg,https://photo.yupoo.com/minkang/041a8f03b2/big.jpg
Everton 03/04 Home Retro Jersey S-XXL,https://minkang.x.yupoo.com/albums/236819404?uid=1,https://photo.yupoo.com/minkang/1725087228/big.jpg,https://photo.yupoo.com/minkang/820d3a896a/big.jpg
Derby County 95/96 Home Retro Jersey S-XXL,https://minkang.x.yupoo.com/albums/236819235?uid=1,https://photo.yupoo.com/minkang/dd779330e5/big.jpg,https://photo.yupoo.com/minkang/0082160184/big.jpg
Coventry City 75/81 Home Retro Jersey S-XXL,https://minkang.x.yupoo.com/albums/236818837?uid=1,https://photo.yupoo.com/minkang/4effd47931/big.jpg,https://photo.yupoo.com/minkang/c13d97c6d7/big.jpg
Birmingham City 77/78 Home Retro Jersey S-XXL,https://minkang.x.yupoo.com/albums/236818471?uid=1,https://photo.yupoo.com/minkang/ef5fb8a52c/big.jpg,https://photo.yupoo.com/minkang/a66ba3c4bd/big.jpg
Lincoln City 50th Anniversary Jersey S-4XL,https://minkang.x.yupoo.com/albums/236328030?uid=1,https://photo.yupoo.com/minkang/e3b72f9796/big.jpg,https://photo.yupoo.com/minkang/70c7eed395/big.jpg
Newcastle United Terrace Icons T-Shirt Blue S-XXL,https://minkang.x.yupoo.com/albums/236113249?uid=1,https://photo.yupoo.com/minkang/c7ead42848/big.jpg,https://photo.yupoo.com/minkang/afe0f3310a/big.jpg
Newcastle United Terrace Icons Long Sleeve T-Shirt Blue S-XXL,https://minkang.x.yupoo.com/albums/236113189?uid=1,https://photo.yupoo.com/minkang/35701d00bb/big.jpg,https://photo.yupoo.com/minkang/dc334b7b33/big.jpg
M-U Terrace Icons Shorts Red S-XXL,https://minkang.x.yupoo.com/albums/236112959?uid=1,https://photo.yupoo.com/minkang/3100daa623/big.jpg,https://photo.yupoo.com/minkang/67915cae05/big.jpg
M-U Terrace Icons Shorts Blue S-XXL,https://minkang.x.yupoo.com/albums/236112851?uid=1,https://photo.yupoo.com/minkang/66327df8c1/big.jpg,https://photo.yupoo.com/minkang/0c07d9adc5/big.jpg
M-UTerrace Icons Shorts Black S-XXL,https://minkang.x.yupoo.com/albums/236112746?uid=1,https://photo.yupoo.com/minkang/9c5f32c1e6/big.jpg,https://photo.yupoo.com/minkang/9c4c54ff4d/big.jpg
LFC Terrace Icons Shorts White S-XXL,https://minkang.x.yupoo.com/albums/236112190?uid=1,,
LFC Terrace Icons Shorts Green S-XXL,https://minkang.x.yupoo.com/albums/236112049?uid=1,,
LFC Terrace Icons Shorts Black S-XXL,https://minkang.x.yupoo.com/albums/236111849?uid=1,,
Leeds United Terrace Icons White T-Shirt S-XXL,https://minkang.x.yupoo.com/albums/236111764?uid=1,https://photo.yupoo.com/minkang/17530cb90b/big.jpg,https://photo.yupoo.com/minkang/6a2b62f60c/big.jpg
Leeds United Terrace Icons White Long Sleeve T-Shirt S-XXL,https://minkang.x.yupoo.com/albums/236111704?uid=1,https://photo.yupoo.com/minkang/d582c628d1/big.jpg,https://photo.yupoo.com/minkang/0f4fefa82d/big.jpg
Chelsea Terrace Icons Shorts Off-White S-XXL,https://minkang.x.yupoo.com/albums/236110454?uid=1,https://photo.yupoo.com/minkang/515d59068b/big.jpg,https://photo.yupoo.com/minkang/1032fb8592/big.jpg
Chelsea Terrace Icons Shorts Blue S-XXL,https://minkang.x.yupoo.com/albums/236110389?uid=1,https://photo.yupoo.com/minkang/d5fd4f55dd/big.jpg,https://photo.yupoo.com/minkang/a4e17eca81/big.jpg
Arsenal Terrace Icons T-Shirt Red S-XXL,https://minkang.x.yupoo.com/albums/236101504?uid=1,https://photo.yupoo.com/minkang/17814fd947/big.jpg,https://photo.yupoo.com/minkang/47169eda1e/big.jpg
Arsenal Terrace Icons Shorts Yellow S-XXL,https://minkang.x.yupoo.com/albums/236101452?uid=1,https://photo.yupoo.com/minkang/c3201575e1/big.jpg,https://photo.yupoo.com/minkang/6a96936433/big.jpg
Arsenal Terrace Icons Shorts Red S-XXL,https://minkang.x.yupoo.com/albums/236101387?uid=1,https://photo.yupoo.com/minkang/49344e1851/big.jpg,https://photo.yupoo.com/minkang/04b841b4e9/big.jpg
Arsenal Terrace Icons Long Sleeve T-Shirt Red S-XXL,https://minkang.x.yupoo.com/albums/236101286?uid=1,https://photo.yupoo.com/minkang/94725c7f91/big.jpg,https://photo.yupoo.com/minkang/db889297ad/big.jpg
Arsenal 26/27 Home Player Version Jersey S-4XL,https://minkang.x.yupoo.com/albums/235531682?uid=1,https://photo.yupoo.com/minkang/f20becffa0/big.jpg,https://photo.yupoo.com/minkang/20f97dc2aa/big.jpg
LFC Polyester T-shirt 95 Sky Blue S-XXL,https://minkang.x.yupoo.com/albums/235265922?uid=1,,
LFC Polyester T-shirt 95 Red S-XXL,https://minkang.x.yupoo.com/albums/235265796?uid=1,,
LFC Polyester T-shirt 95 Pink S-XXL,https://minkang.x.yupoo.com/albums/235265668?uid=1,,
LFC Polyester T-shirt 95 Navy Blue S-XXL,https://minkang.x.yupoo.com/albums/235265551?uid=1,,
LFC Polyester T-shirt 95 Green S-XXL,https://minkang.x.yupoo.com/albums/235265430?uid=1,,
LFC 95/96 Track Jacket Top - Green S-XXL,https://minkang.x.yupoo.com/albums/234182227?uid=1,,
Arsenal 26/27 Home Jersey S-4XL,https://minkang.x.yupoo.com/albums/233497300?uid=1,https://photo.yupoo.com/minkang/ea52aaf823/big.jpg,https://photo.yupoo.com/minkang/cb22fb540e/big.jpg
LFC 25/26 Originals T-Shirt S-XXL,https://minkang.x.yupoo.com/albums/233046716?uid=1,,
Arsenal 25/26 Originals T-Shirt S-XXL,https://minkang.x.yupoo.com/albums/233046647?uid=1,https://photo.yupoo.com/minkang/6245b8a8c8/big.jpg,https://photo.yupoo.com/minkang/31d0695b47/big.jpg
Sunderland 26/27 St. Patrick's Day Jersey S-XXL,https://minkang.x.yupoo.com/albums/232205755?uid=1,https://photo.yupoo.com/minkang/b93db927/big.jpg,https://photo.yupoo.com/minkang/e9319df6/big.jpg
Leeds United 26/27 St. Patrick's Day Jersey S-XXL,https://minkang.x.yupoo.com/albums/232204813?uid=1,https://photo.yupoo.com/minkang/0f9a8629/big.jpg,https://photo.yupoo.com/minkang/38e3a64a/big.jpg
Everton 26/27 St. Patrick's Day Jersey S-XXL,https://minkang.x.yupoo.com/albums/232204164?uid=1,https://photo.yupoo.com/minkang/4f3dcb58/big.jpg,https://photo.yupoo.com/minkang/6aded76a/big.jpg
Aston Villa 26/27 St. Patrick's Day Jersey S-XXL,https://minkang.x.yupoo.com/albums/232203287?uid=1,https://photo.yupoo.com/minkang/a11b851c/big.jpg,https://photo.yupoo.com/minkang/d8aa229a/big.jpg
LFC 96/97 Retro White Jersey S-XXL,https://minkang.x.yupoo.com/albums/231426434?uid=1,,
M-U x Stone Roses Track Top 'Black Multi  S-XXL,https://minkang.x.yupoo.com/albums/231422923?uid=1,https://photo.yupoo.com/minkang/c15e30d7/big.jpg,https://photo.yupoo.com/minkang/67b3f81e/big.jpg
West Ham United 76/80 Home Retro Jersey S-XXL,https://minkang.x.yupoo.com/albums/231415497?uid=1,https://photo.yupoo.com/minkang/3fe81a95/big.jpg,https://photo.yupoo.com/minkang/ba11b661/big.jpg
LFC Special Retro Jersey 95 - Black  S-4XL,https://minkang.x.yupoo.com/albums/231414438?uid=1,,
LFC 95/96 Drill Top Sweatshirt - Green S-4XL,https://minkang.x.yupoo.com/albums/231115424?uid=1,,
LFC 95/96 Originals Reissue Tee Long Sleeve S-4XL,https://minkang.x.yupoo.com/albums/230750253?uid=1,,
LFC 93/95 Sweat Top S-4XL,https://minkang.x.yupoo.com/albums/229932317?uid=1,,
LFC 95/96 Originals Reissue Tee S-4XL,https://minkang.x.yupoo.com/albums/229898036?uid=1,,
M-U Terrace Icons T-Shirt Red S-XXL,https://minkang.x.yupoo.com/albums/229874417?uid=1,https://photo.yupoo.com/minkang/b08b50fa/big.jpg,https://photo.yupoo.com/minkang/f099c56a/big.jpg
Iron Maiden x West Ham United 2008 Retro Yellow Jersey S-XXL,https://minkang.x.yupoo.com/albums/229873938?uid=1,https://photo.yupoo.com/minkang/e622f99b/big.jpg,https://photo.yupoo.com/minkang/37b41439/big.jpg
Arsenal 26/27 Special Edition - Green Jersey S-4XL,https://minkang.x.yupoo.com/albums/229872429?uid=1,https://photo.yupoo.com/minkang/a888bfb0/big.jpg,https://photo.yupoo.com/minkang/12f9ee8e/big.jpg
M-U 26/27 Home Player Version Jersey S-3XL,https://minkang.x.yupoo.com/albums/229204733?uid=1,https://photo.yupoo.com/minkang/71bc65d8/big.jpg,https://photo.yupoo.com/minkang/1e99e04d/big.jpg
Manchester City 26/27 Home Kids Kit Size 16-28,https://minkang.x.yupoo.com/albums/229204375?uid=1,https://photo.yupoo.com/minkang/8044de4f/big.jpg,https://photo.yupoo.com/minkang/214bb836/big.jpg
LFC 25/26 Pre-Match Kids Kit Size 16-28,https://minkang.x.yupoo.com/albums/229204341?uid=1,,
M-U 25/26 Originals Stone Roses Long-Sleeve Jersey S-4XL,https://minkang.x.yupoo.com/albums/228200109?uid=1,https://photo.yupoo.com/minkang/6ef49c4f/big.jpg,https://photo.yupoo.com/minkang/eec3e754/big.jpg
Chelsea Terrace Icons T-Shirt White S-XXL,https://minkang.x.yupoo.com/albums/227758443?uid=1,https://photo.yupoo.com/minkang/960565b4/big.jpg,https://photo.yupoo.com/minkang/20cd821b/big.jpg
LFC Terrace Icons T-Shirt White S-XXL,https://minkang.x.yupoo.com/albums/227574669?uid=1,,
Aston Villa 26/27 Home Jersey S-4XL,https://minkang.x.yupoo.com/albums/227570885?uid=1,https://photo.yupoo.com/minkang/4a982121/big.jpg,https://photo.yupoo.com/minkang/be6c85c9/big.jpg
Wolves 98/99 Home Long-Sleeve Retro Jersey S-XXL,https://minkang.x.yupoo.com/albums/226671850?uid=1,https://photo.yupoo.com/minkang/0fdcc09e/big.jpg,https://photo.yupoo.com/minkang/7f3d1649/big.jpg
Wolves 86/88 Away Retro Jersey S-XXL,https://minkang.x.yupoo.com/albums/226671834?uid=1,https://photo.yupoo.com/minkang/1f6be655/big.jpg,https://photo.yupoo.com/minkang/f4e24bc7/big.jpg
Wolves 86/87 Home Retro Jersey S-XXL,https://minkang.x.yupoo.com/albums/226671807?uid=1,https://photo.yupoo.com/minkang/9bd8ba57/big.jpg,https://photo.yupoo.com/minkang/6659d689/big.jpg
Coventry City 97/98 Home Retro Jersey S-XXL,https://minkang.x.yupoo.com/albums/226669512?uid=1,https://photo.yupoo.com/minkang/9ef46465/big.jpg,https://photo.yupoo.com/minkang/bf525ef6/big.jpg
Bologna 97/98 Home Retro Jersey S-XXL,https://minkang.x.yupoo.com/albums/226669433?uid=1,https://photo.yupoo.com/minkang/670035e2/big.jpg,https://photo.yupoo.com/minkang/489b3186/big.jpg
Birmingham 93/94 Home Retro Jersey S-XXL,https://minkang.x.yupoo.com/albums/226669403?uid=1,https://photo.yupoo.com/minkang/ac50da10/big.jpg,https://photo.yupoo.com/minkang/a0ec1059/big.jpg
Arsenal 98/99 Retro Windbreaker S-XXL,https://minkang.x.yupoo.com/albums/226668509?uid=1,https://photo.yupoo.com/minkang/a37acd0d/big.jpg,https://photo.yupoo.com/minkang/f25ae8a7/big.jpg
Manchester City 26/27 Home Player Version Jersey S-XXL,https://minkang.x.yupoo.com/albums/226668221?uid=1,https://photo.yupoo.com/minkang/b1df07c5/big.jpg,https://photo.yupoo.com/minkang/7bc37ebe/big.jpg
Newcastle United 95/96 Retro Training Jersey S-4XL,https://minkang.x.yupoo.com/albums/226516027?uid=1,https://photo.yupoo.com/minkang/fd500b11/big.jpg,https://photo.yupoo.com/minkang/7a1fc077/big.jpg
M-U 26/27 Pre-Match Jersey S-4XL,https://minkang.x.yupoo.com/albums/226515888?uid=1,https://photo.yupoo.com/minkang/a8a3997c/big.jpg,https://photo.yupoo.com/minkang/15cd9601/big.jpg
M-U 26/27 Collaboration - Rose Jersey S-4XL,https://minkang.x.yupoo.com/albums/226515852?uid=1,https://photo.yupoo.com/minkang/fbd23696/big.jpg,https://photo.yupoo.com/minkang/ea2ea28e/big.jpg
Coventry City 25/26 Third Away Jersey S-XXL,https://minkang.x.yupoo.com/albums/226515431?uid=1,https://photo.yupoo.com/minkang/ff297aab/big.jpg,https://photo.yupoo.com/minkang/e9c50883/big.jpg
Newcastle United 97/98 Goalkeeper Retro Long-Sleeve Jersey S-XXL,https://minkang.x.yupoo.com/albums/226515110?uid=1,https://photo.yupoo.com/minkang/a5e2735f/big.jpg,https://photo.yupoo.com/minkang/0f789caa/big.jpg
Newcastle United 95/96 Training Retro Long-Sleeve Jersey S-4XL,https://minkang.x.yupoo.com/albums/226515057?uid=1,https://photo.yupoo.com/minkang/938c9383/big.jpg,https://photo.yupoo.com/minkang/46ce709f/big.jpg
Chelsea 26/27 Pre-Match Jerseys S-XXL,https://minkang.x.yupoo.com/albums/226512098?uid=1,https://photo.yupoo.com/minkang/8d25ecd7/big.jpg,https://photo.yupoo.com/minkang/31752dc3/big.jpg
Arsenal 92/94 Retro Away Jersey S-XXL,https://minkang.x.yupoo.com/albums/226512066?uid=1,https://photo.yupoo.com/minkang/9a1e48e1/big.jpg,https://photo.yupoo.com/minkang/828bf549/big.jpg
Arsenal 26/27 Pre-match Jersey S-4XL,https://minkang.x.yupoo.com/albums/226512033?uid=1,https://photo.yupoo.com/minkang/ff8cd3b2/big.jpg,https://photo.yupoo.com/minkang/2cba8613/big.jpg
M-U 25/26 Third Away Player Version Long-sleeved Jersey S-XXL,https://minkang.x.yupoo.com/albums/226511715?uid=1,https://photo.yupoo.com/minkang/c89b5b98/big.jpg,https://photo.yupoo.com/minkang/8616b4ba/big.jpg
Manchester City 26/27 Home Jersey S-4XL,https://minkang.x.yupoo.com/albums/225670164?uid=1,https://photo.yupoo.com/minkang/5f05f992/big.jpg,https://photo.yupoo.com/minkang/09309db9/big.jpg
M-U 25/26 Long-sleeved Pre-Match Jersey S-4XL,https://minkang.x.yupoo.com/albums/224860868?uid=1,https://photo.yupoo.com/minkang/fc8b12d5/big.jpg,https://photo.yupoo.com/minkang/df6c4aa4/big.jpg
LFC 25/26 Long-sleeved Pre-Match Jersey S-4XL,https://minkang.x.yupoo.com/albums/224860817?uid=1,,
Arsenal 25/26 Special Edition Jersey S-XXL,https://minkang.x.yupoo.com/albums/224860642?uid=1,https://photo.yupoo.com/minkang/9eb97244/big.jpg,https://photo.yupoo.com/minkang/7581a990/big.jpg
M-U 25/26 Cultural Story - Red Kids Kit Jersey SIZE 16-28,https://minkang.x.yupoo.com/albums/224798839?uid=1,https://photo.yupoo.com/minkang/e0fcdab5/big.jpg,https://photo.yupoo.com/minkang/5119ce25/big.jpg
M-U Reversible Jacket Windbreaker - Black &amp; Red S-XXL,https://minkang.x.yupoo.com/albums/224170756?uid=1,https://photo.yupoo.com/minkang/40e29f7c/big.jpg,https://photo.yupoo.com/minkang/ab0cdb55/big.jpg
Chelsea 25/26 Windbreaker S-XXL,https://minkang.x.yupoo.com/albums/224169787?uid=1,https://photo.yupoo.com/minkang/180b3a34/big.jpg,https://photo.yupoo.com/minkang/c0beba44/big.jpg
Tottenham Hotspur 125th Anniversary White Jersey S-4XL,https://minkang.x.yupoo.com/albums/224150089?uid=1,https://photo.yupoo.com/minkang/1b160817/big.jpg,https://photo.yupoo.com/minkang/5a18d828/big.jpg
Tottenham Hotspur 125th Anniversary Long-Sleeved White Jersey S-4XL,https://minkang.x.yupoo.com/albums/224150022?uid=1,https://photo.yupoo.com/minkang/be16cffa/big.jpg,https://photo.yupoo.com/minkang/388f3b78/big.jpg
Southampton 26/27 50th Anniversary Jersey S-4XL,https://minkang.x.yupoo.com/albums/224149867?uid=1,https://photo.yupoo.com/minkang/c62e0459/big.jpg,https://photo.yupoo.com/minkang/846c0641/big.jpg
Blackburn Rovers 150th Anniversary Edition Long-Sleeved White Jersey S-4XL,https://minkang.x.yupoo.com/albums/224148288?uid=1,https://photo.yupoo.com/minkang/444a93c5/big.jpg,https://photo.yupoo.com/minkang/18c15979/big.jpg
Birmingham 02/03 Home Retro Jersey S-4XL,https://minkang.x.yupoo.com/albums/224148238?uid=1,https://photo.yupoo.com/minkang/3bae87b8/big.jpg,https://photo.yupoo.com/minkang/05f36d6b/big.jpg
Tottenham Hotspur 25/26 Windbreaker - Navy Blue S-3XL,https://minkang.x.yupoo.com/albums/223853619?uid=1,https://photo.yupoo.com/minkang/9228bf18/big.jpg,https://photo.yupoo.com/minkang/3c67dbbc/big.jpg
Manchester City 25/26 Long-sleeved Sweatshirt M-4XL,https://minkang.x.yupoo.com/albums/223852483?uid=1,https://photo.yupoo.com/minkang/62e152d1/big.jpg,https://photo.yupoo.com/minkang/da8a36b8/big.jpg
Arsenal 25/26 Long-sleeved Sweatshirt M-4XL,https://minkang.x.yupoo.com/albums/223852091?uid=1,https://photo.yupoo.com/minkang/f1e59a36/big.jpg,https://photo.yupoo.com/minkang/5316edbc/big.jpg
M-U 25/26 POLO - Grey Purple S-XXL,https://minkang.x.yupoo.com/albums/223561641?uid=1,https://photo.yupoo.com/minkang/3de99bfb/big.jpg,https://photo.yupoo.com/minkang/ab103b41/big.jpg
M-U 25/26 POLO - Black S-XXL,https://minkang.x.yupoo.com/albums/223561624?uid=1,https://photo.yupoo.com/minkang/096f548e/big.jpg,https://photo.yupoo.com/minkang/0d6ab151/big.jpg
LFC 25/26 POLO - White S-XXL,https://minkang.x.yupoo.com/albums/223561603?uid=1,,
LFC 25/26 POLO - Black S-XXL,https://minkang.x.yupoo.com/albums/223561517?uid=1,,
Arsenal 25/26 POLO - Navy Blue S-XXL,https://minkang.x.yupoo.com/albums/223561413?uid=1,https://photo.yupoo.com/minkang/0ec1b12b/big.jpg,https://photo.yupoo.com/minkang/d51b5de5/big.jpg
LFC 25/26 POLO-Red S-XXL,https://minkang.x.yupoo.com/albums/223561310?uid=1,,
Chelsea 25/26 POLO - White S-XXL,https://minkang.x.yupoo.com/albums/223561242?uid=1,https://photo.yupoo.com/minkang/56e3177e/big.jpg,https://photo.yupoo.com/minkang/7da8e3af/big.jpg
Chelsea 25/26 POLO - Dark Grey S-XXL,https://minkang.x.yupoo.com/albums/223561218?uid=1,https://photo.yupoo.com/minkang/e9d5f7b7/big.jpg,https://photo.yupoo.com/minkang/c4c83ebf/big.jpg
Arsenal 25/26 POLO - Navy Blue S-XXL,https://minkang.x.yupoo.com/albums/223561185?uid=1,https://photo.yupoo.com/minkang/a640a574/big.jpg,https://photo.yupoo.com/minkang/b365bf0d/big.jpg
Arsenal 25/26 POLO - Light Green S-XXL,https://minkang.x.yupoo.com/albums/223561170?uid=1,https://photo.yupoo.com/minkang/6534d77e/big.jpg,https://photo.yupoo.com/minkang/b0a4c3f5/big.jpg
Arsenal 25/26 POLO - Black S-XXL,https://minkang.x.yupoo.com/albums/223561153?uid=1,https://photo.yupoo.com/minkang/7a6dbf88/big.jpg,https://photo.yupoo.com/minkang/cf42930c/big.jpg
LFC 25/26 POLO - Red S-XXL,https://minkang.x.yupoo.com/albums/223119874?uid=1,,
Arsenal 25/26 POLO - Grey S-XXL,https://minkang.x.yupoo.com/albums/223119359?uid=1,https://photo.yupoo.com/minkang/a8ef2796/big.jpg,https://photo.yupoo.com/minkang/629b0c54/big.jpg
Arsenal 25/26 POLO - Burgundy S-XXL,https://minkang.x.yupoo.com/albums/223119328?uid=1,https://photo.yupoo.com/minkang/4ab4ddf0/big.jpg,https://photo.yupoo.com/minkang/1a6701e5/big.jpg
Arsenal 25/26 POLO - Blue S-XXL,https://minkang.x.yupoo.com/albums/223119280?uid=1,https://photo.yupoo.com/minkang/f817d753/big.jpg,https://photo.yupoo.com/minkang/073a1394/big.jpg
M-U 25/26 POLO - White S-XXL,https://minkang.x.yupoo.com/albums/223116978?uid=1,https://photo.yupoo.com/minkang/7a89d5d6/big.jpg,https://photo.yupoo.com/minkang/f138be1e/big.jpg
M-U 25/26 POLO - Black S-XXL,https://minkang.x.yupoo.com/albums/223116923?uid=1,https://photo.yupoo.com/minkang/720bdf54/big.jpg,https://photo.yupoo.com/minkang/838bb0ec/big.jpg
Sunderland 25/26 Hero Edition Jersey S-4XL,https://minkang.x.yupoo.com/albums/223003456?uid=1,https://photo.yupoo.com/minkang/80865bce/big.jpg,https://photo.yupoo.com/minkang/39e3bdf9/big.jpg
Arsenal 25/26 Special Edition Jersey S-4XL,https://minkang.x.yupoo.com/albums/223001681?uid=1,https://photo.yupoo.com/minkang/abc2a563/big.jpg,https://photo.yupoo.com/minkang/22cfc13c/big.jpg
Arsenal 25/26 Special Edition - White Jersey S-XXL,https://minkang.x.yupoo.com/albums/222820725?uid=1,https://photo.yupoo.com/minkang/505cfc51/big.jpg,https://photo.yupoo.com/minkang/6c030fa0/big.jpg
Arsenal 25/26 Special Edition - Black Jersey S-XXL,https://minkang.x.yupoo.com/albums/222820611?uid=1,https://photo.yupoo.com/minkang/889edc4b/big.jpg,https://photo.yupoo.com/minkang/cdce4f0b/big.jpg
M-U 25/26 Third Away Women's crop top style S-XXL,https://minkang.x.yupoo.com/albums/222812714?uid=1,https://photo.yupoo.com/minkang/c7305bce/big.jpg,https://photo.yupoo.com/minkang/e859bb50/big.jpg
LFC 25/26 Home Women's Vest S-XXL,https://minkang.x.yupoo.com/albums/222812681?uid=1,,
Arsenal 25/26 Away Women's Vest S-XXL,https://minkang.x.yupoo.com/albums/222812379?uid=1,https://photo.yupoo.com/minkang/741eb038/big.jpg,https://photo.yupoo.com/minkang/eb23d511/big.jpg
M-U 25/26 Third Away Shorts S-XXL,https://minkang.x.yupoo.com/albums/222811927?uid=1,https://photo.yupoo.com/minkang/c4e73606/big.jpg,https://photo.yupoo.com/minkang/21d48cd6/big.jpg
LFC 25/26 Third Away Shorts S-XXL,https://minkang.x.yupoo.com/albums/222811913?uid=1,,
LFC 25/26 Third Away Shorts - Green S-XXL,https://minkang.x.yupoo.com/albums/222811900?uid=1,,
LFC Reversible Jacket Windbreaker - Red & White S-XXL,https://minkang.x.yupoo.com/albums/222526286?uid=1,,
LFC 25/26 Windbreaker S-XXL,https://minkang.x.yupoo.com/albums/222526227?uid=1,,
LFC 25/26 Windbreaker - Black S-XXL,https://minkang.x.yupoo.com/albums/222526139?uid=1,,
Hull City 81/82 Home Retro Jersey S-XXL,https://minkang.x.yupoo.com/albums/222222991?uid=1,https://photo.yupoo.com/minkang/154d8e6a/big.jpg,https://photo.yupoo.com/minkang/04440eb7/big.jpg
Hull City 81/82 Home Long-Sleeve Retro Jersey S-XXL,https://minkang.x.yupoo.com/albums/222222905?uid=1,https://photo.yupoo.com/minkang/43a04d22/big.jpg,https://photo.yupoo.com/minkang/ba0e3faf/big.jpg
Aston Villa 95/96 Away Retro Jersey S-XXL,https://minkang.x.yupoo.com/albums/222222703?uid=1,https://photo.yupoo.com/minkang/ccc9c7c9/big.jpg,https://photo.yupoo.com/minkang/4dd42a5a/big.jpg
Tottenham Hotspur 19/20 Home Retro Jersey S-XXL,https://minkang.x.yupoo.com/albums/222043309?uid=1,https://photo.yupoo.com/minkang/37efa7b8/big.jpg,https://photo.yupoo.com/minkang/cdff135e/big.jpg
Tottenham Hotspur 18/19 Home Retro Jersey S-XXL,https://minkang.x.yupoo.com/albums/222043297?uid=1,https://photo.yupoo.com/minkang/cc33bdb2/big.jpg,https://photo.yupoo.com/minkang/f87a9d17/big.jpg
M-U 21/22 Third Away Retro Jersey S-XXL,https://minkang.x.yupoo.com/albums/222043102?uid=1,https://photo.yupoo.com/minkang/dba175fa/big.jpg,https://photo.yupoo.com/minkang/47dfad22/big.jpg
M-U 21/22 Home Retro Jersey S-XXL,https://minkang.x.yupoo.com/albums/222043086?uid=1,https://photo.yupoo.com/minkang/2ea6f7dd/big.jpg,https://photo.yupoo.com/minkang/cdb51392/big.jpg
M-U 20/21 Third Away Retro Jersey S-XXL,https://minkang.x.yupoo.com/albums/222043071?uid=1,https://photo.yupoo.com/minkang/8c4dd23b/big.jpg,https://photo.yupoo.com/minkang/cfcfc73d/big.jpg
M-U 20/21 Home Retro Jersey S-XXL,https://minkang.x.yupoo.com/albums/222043046?uid=1,https://photo.yupoo.com/minkang/20f1372b/big.jpg,https://photo.yupoo.com/minkang/e448bd78/big.jpg
M-U 18/19 Away Retro Jersey S-XXL,https://minkang.x.yupoo.com/albums/222043025?uid=1,https://photo.yupoo.com/minkang/bd70a1c0/big.jpg,https://photo.yupoo.com/minkang/f03b98de/big.jpg
Manchester City 21/22 Home Retro Jersey S-XXL,https://minkang.x.yupoo.com/albums/222043009?uid=1,https://photo.yupoo.com/minkang/da5eef63/big.jpg,https://photo.yupoo.com/minkang/7e0bc7b1/big.jpg
Manchester City 20/21 Home Retro Jersey S-XXL,https://minkang.x.yupoo.com/albums/222042992?uid=1,https://photo.yupoo.com/minkang/cd4d150e/big.jpg,https://photo.yupoo.com/minkang/c8bee622/big.jpg
Manchester City 20/21 Away Retro Jersey S-XXL,https://minkang.x.yupoo.com/albums/222042974?uid=1,https://photo.yupoo.com/minkang/b3798b94/big.jpg,https://photo.yupoo.com/minkang/dec99423/big.jpg
LFC 20/21 Away Retro Jersey S-XXL,https://minkang.x.yupoo.com/albums/222042955?uid=1,,
Chelsea 20/21 Home Retro Jersey S-XXL,https://minkang.x.yupoo.com/albums/222042833?uid=1,https://photo.yupoo.com/minkang/6ef7d2c2/big.jpg,https://photo.yupoo.com/minkang/cb3213a1/big.jpg
Tottenham Hotspur 18/19 Third Away Retro Jersey S-XXL,https://minkang.x.yupoo.com/albums/221920525?uid=1,https://photo.yupoo.com/minkang/1a9a3c8b/big.jpg,https://photo.yupoo.com/minkang/f96ccf35/big.jpg
M-U 21/22 Away Retro Jersey S-XXL,https://minkang.x.yupoo.com/albums/221920310?uid=1,https://photo.yupoo.com/minkang/6f31db6f/big.jpg,https://photo.yupoo.com/minkang/8ecc6239/big.jpg
M-U 20/21 Away Retro Jersey S-XXL,https://minkang.x.yupoo.com/albums/221920249?uid=1,https://photo.yupoo.com/minkang/fef17442/big.jpg,https://photo.yupoo.com/minkang/0080e6de/big.jpg
Manchester City 20/21 Third Away Retro Jersey S-XXL,https://minkang.x.yupoo.com/albums/221920174?uid=1,https://photo.yupoo.com/minkang/f83542e1/big.jpg,https://photo.yupoo.com/minkang/d543948b/big.jpg
LFC 21/22 Away Retro Jersey S-XXL,https://minkang.x.yupoo.com/albums/221920116?uid=1,,
LFC 19/20 Home Goalkeeper Retro Jersey S-XXL,https://minkang.x.yupoo.com/albums/221920026?uid=1,,
Arsenal 21/22 Home Retro Jersey S-XXL,https://minkang.x.yupoo.com/albums/221919483?uid=1,https://photo.yupoo.com/minkang/c716453b/big.jpg,https://photo.yupoo.com/minkang/43cf506c/big.jpg
West Ham United 25/26 Third Away Kids kit Jersey SIZE 16-28,https://minkang.x.yupoo.com/albums/221917557?uid=1,https://photo.yupoo.com/minkang/ee43c6fc/big.jpg,https://photo.yupoo.com/minkang/7549abbc/big.jpg
Leeds United 25/26 Away Kids kit Jersey SIZE 16-28,https://minkang.x.yupoo.com/albums/221917210?uid=1,https://photo.yupoo.com/minkang/e333f1b8/big.jpg,https://photo.yupoo.com/minkang/8b3da908/big.jpg
Brighton 25/26 Home Kids kit Jersey SIZE 16-28,https://minkang.x.yupoo.com/albums/221917104?uid=1,https://photo.yupoo.com/minkang/fb8553a9/big.jpg,https://photo.yupoo.com/minkang/911bd83a/big.jpg
Leeds United 25/26 Home Kids Kit Jersey Size 16-28,https://minkang.x.yupoo.com/albums/221734042?uid=1,https://photo.yupoo.com/minkang/dc972c13/big.jpg,https://photo.yupoo.com/minkang/526dd71e/big.jpg
M-U 25/26 Third Away Goalkeeper Jersey S-4XL,https://minkang.x.yupoo.com/albums/221733362?uid=1,https://photo.yupoo.com/minkang/6c878ae2/big.jpg,https://photo.yupoo.com/minkang/d7cf9bed/big.jpg
Manchester City 25/26 Special Edition #9 Jersey S-XXL,https://minkang.x.yupoo.com/albums/221733317?uid=1,https://photo.yupoo.com/minkang/b7e8ecfd/big.jpg,https://photo.yupoo.com/minkang/1863f710/big.jpg
Chelsea 25/26 Limited Edition Jersey S-4XL,https://minkang.x.yupoo.com/albums/221732135?uid=1,https://photo.yupoo.com/minkang/873b2a66/big.jpg,https://photo.yupoo.com/minkang/cd390b41/big.jpg
LFC 98/99 Away Long-Sleeve Retro Jersey S-XXL,https://minkang.x.yupoo.com/albums/221250074?uid=1,,
LFC 98/99 Away Retro Jersey S-XXL,https://minkang.x.yupoo.com/albums/221249949?uid=1,,
Chelsea 98/00 White Retro Jersey S-XXL,https://minkang.x.yupoo.com/albums/221249849?uid=1,https://photo.yupoo.com/minkang/e12befd4/big.jpg,https://photo.yupoo.com/minkang/e984ac30/big.jpg
M-U 99/00 Away Retro Shorts S-XXL,https://minkang.x.yupoo.com/albums/221240636?uid=1,https://photo.yupoo.com/minkang/207696bf/big.jpg,https://photo.yupoo.com/minkang/b24c283f/big.jpg
M-U 1998 Home Retro Shorts S-XXL,https://minkang.x.yupoo.com/albums/221240531?uid=1,https://photo.yupoo.com/minkang/b5fbca60/big.jpg,https://photo.yupoo.com/minkang/cf513293/big.jpg
M-U 07/08 Home Retro Shorts S-XXL,https://minkang.x.yupoo.com/albums/221240413?uid=1,https://photo.yupoo.com/minkang/6dd36de5/big.jpg,https://photo.yupoo.com/minkang/4c22f9e0/big.jpg
Chelsea 11/12 Home Retro Shorts S-XXL,https://minkang.x.yupoo.com/albums/221240118?uid=1,https://photo.yupoo.com/minkang/c1b24bad/big.jpg,https://photo.yupoo.com/minkang/8d43a988/big.jpg
M-U Windbreaker - White &amp; Navy Blue S-XXL,https://minkang.x.yupoo.com/albums/221176528?uid=1,https://photo.yupoo.com/minkang/159522a5/big.jpg,https://photo.yupoo.com/minkang/778b8297/big.jpg
M-U Retro Windbreaker - Black S-XXL,https://minkang.x.yupoo.com/albums/221176462?uid=1,https://photo.yupoo.com/minkang/070d5b51/big.jpg,https://photo.yupoo.com/minkang/968f98fd/big.jpg
M-U Jacket - White &amp; Black S-XXL,https://minkang.x.yupoo.com/albums/221176394?uid=1,https://photo.yupoo.com/minkang/7d727e3c/big.jpg,https://photo.yupoo.com/minkang/7cbd9325/big.jpg
M-U 92/94 Retro Windbreaker - Black S-XXL,https://minkang.x.yupoo.com/albums/221176331?uid=1,https://photo.yupoo.com/minkang/515606f5/big.jpg,https://photo.yupoo.com/minkang/7d584ee3/big.jpg
M-U 07/08 Windbreaker - Red S-XXL,https://minkang.x.yupoo.com/albums/221176271?uid=1,https://photo.yupoo.com/minkang/a3a6bc04/big.jpg,https://photo.yupoo.com/minkang/bceb4f5c/big.jpg
M-U 06/07 Windbreaker - Black S-XXL,https://minkang.x.yupoo.com/albums/221176204?uid=1,https://photo.yupoo.com/minkang/4086157e/big.jpg,https://photo.yupoo.com/minkang/6b717f12/big.jpg
M-U 06/07 Windbreaker - Black &amp; Red S-XXL,https://minkang.x.yupoo.com/albums/221176124?uid=1,https://photo.yupoo.com/minkang/6185991b/big.jpg,https://photo.yupoo.com/minkang/2c8c0efb/big.jpg
LFC Windbreaker - Off-white S-XXL,https://minkang.x.yupoo.com/albums/221176070?uid=1,,
Arsenal Windbreaker - Royal Blue S-XXL,https://minkang.x.yupoo.com/albums/221175490?uid=1,https://photo.yupoo.com/minkang/06673595/big.jpg,https://photo.yupoo.com/minkang/c5ff6e76/big.jpg
M-U 1819 Home Long-Sleeve Retro Jersey S-XXL,https://minkang.x.yupoo.com/albums/220907151?uid=1,https://photo.yupoo.com/minkang/e2532efe/big.jpg,https://photo.yupoo.com/minkang/b0126d44/big.jpg
LFC 08/09 Away Retro Jersey S-XXL,https://minkang.x.yupoo.com/albums/220906993?uid=1,,
LFC 08/09 Away Long-Sleeved Retro Jersey S-XXL,https://minkang.x.yupoo.com/albums/220906803?uid=1,,
Hull City 94/98 Home Retro Jersey S-XXL,https://minkang.x.yupoo.com/albums/220900180?uid=1,https://photo.yupoo.com/minkang/007fed90/big.jpg,https://photo.yupoo.com/minkang/d93d8220/big.jpg
Iron Maiden x West Ham United 2010 Home Retro Jersey S-XXL,https://minkang.x.yupoo.com/albums/220898518?uid=1,https://photo.yupoo.com/minkang/4cb9b2f1/big.jpg,https://photo.yupoo.com/minkang/39746c59/big.jpg
Iron Maiden x West Ham United 2010 Away Retro Jersey S-XXL,https://minkang.x.yupoo.com/albums/220898297?uid=1,https://photo.yupoo.com/minkang/c408e35f/big.jpg,https://photo.yupoo.com/minkang/d0e1b489/big.jpg
Sheffield Wednesday 92/93 Home Retro Jersey S-XXL,https://minkang.x.yupoo.com/albums/220231698?uid=1,https://photo.yupoo.com/minkang/22955327/big.jpg,https://photo.yupoo.com/minkang/7a1dd54c/big.jpg
Chelsea 98/00 Third Away Retro Jersey S-XXL,https://minkang.x.yupoo.com/albums/220231148?uid=1,https://photo.yupoo.com/minkang/27a7c857/big.jpg,https://photo.yupoo.com/minkang/46022849/big.jpg
M-U 25/26 Blue Player Version Jersey S-XXL,https://minkang.x.yupoo.com/albums/219698065?uid=1,https://photo.yupoo.com/minkang/99aefcbe/big.jpg,https://photo.yupoo.com/minkang/1af6cb36/big.jpg
Manchester City 25/26 Year of the Horse Special Edition Player Version Jerseys S-XXL,https://minkang.x.yupoo.com/albums/219697868?uid=1,https://photo.yupoo.com/minkang/ec1c7338/big.jpg,https://photo.yupoo.com/minkang/8a6ebe50/big.jpg
Manchester City 25/26 Home Long-Sleeve Player Version Jerseys S-3XL,https://minkang.x.yupoo.com/albums/219697767?uid=1,https://photo.yupoo.com/minkang/d2d1054a/big.jpg,https://photo.yupoo.com/minkang/1b5d8d21/big.jpg
Arsenal 25/26 Yellow Player Version Jerseys S-XXL,https://minkang.x.yupoo.com/albums/219695171?uid=1,https://photo.yupoo.com/minkang/9c9a8067/big.jpg,https://photo.yupoo.com/minkang/ecee18d9/big.jpg
LFC 25/26 Training—White Jersey S-XXL,https://minkang.x.yupoo.com/albums/219525225?uid=1,,
Chelsea 05/06 Windbreaker - Blue S-XXL,https://minkang.x.yupoo.com/albums/219523946?uid=1,https://photo.yupoo.com/minkang/f4dbc3ec/big.jpg,https://photo.yupoo.com/minkang/fd729f50/big.jpg
Arsenal 05/06 Windbreaker - Burgundy S-XXL,https://minkang.x.yupoo.com/albums/219523804?uid=1,https://photo.yupoo.com/minkang/7d57fb23/big.jpg,https://photo.yupoo.com/minkang/58362cc0/big.jpg
Arsenal 04/05 Windbreaker - Red S-XXL,https://minkang.x.yupoo.com/albums/219523735?uid=1,https://photo.yupoo.com/minkang/fa362fc5/big.jpg,https://photo.yupoo.com/minkang/60531176/big.jpg
Coventry City 11/12 25th Anniversary Edition Home Retro Jersey S-XXL,https://minkang.x.yupoo.com/albums/219523520?uid=1,https://photo.yupoo.com/minkang/ba1c54d5/big.jpg,https://photo.yupoo.com/minkang/d169f489/big.jpg
Aston Villa 99/00 Home Retro Jersey S-XXL,https://minkang.x.yupoo.com/albums/219523494?uid=1,https://photo.yupoo.com/minkang/a6799dc5/big.jpg,https://photo.yupoo.com/minkang/7b8e8377/big.jpg
Wolves 80/81 Home Long-Sleeve Retro Jersey S-XXL,https://minkang.x.yupoo.com/albums/219522861?uid=1,https://photo.yupoo.com/minkang/89607eda/big.jpg,https://photo.yupoo.com/minkang/44904ed5/big.jpg
Nottingham Forest 82/84 Away Long-Sleeve Retro Jersey S-XXL,https://minkang.x.yupoo.com/albums/219522650?uid=1,https://photo.yupoo.com/minkang/ad857b35/big.jpg,https://photo.yupoo.com/minkang/34512999/big.jpg
Nottingham Forest 77/80 Home Long-Sleeve Retro Jersey S-XXL,https://minkang.x.yupoo.com/albums/219522518?uid=1,https://photo.yupoo.com/minkang/810b4549/big.jpg,https://photo.yupoo.com/minkang/07e5a7bd/big.jpg
Wolves 98/99 Home Retro Jersey S-XXL,https://minkang.x.yupoo.com/albums/219399328?uid=1,https://photo.yupoo.com/minkang/64c9b06a/big.jpg,https://photo.yupoo.com/minkang/3152e94f/big.jpg
Wolves 85/86 Home Retro Jersey S-XXL,https://minkang.x.yupoo.com/albums/219399313?uid=1,https://photo.yupoo.com/minkang/921baf8c/big.jpg,https://photo.yupoo.com/minkang/a16af5a6/big.jpg
Wolves 02/04 Home Retro Jersey S-XXL,https://minkang.x.yupoo.com/albums/219399293?uid=1,https://photo.yupoo.com/minkang/7ed818ba/big.jpg,https://photo.yupoo.com/minkang/020d710d/big.jpg
Nottingham Forest 82/84 Away Retro Jersey S-XXL,https://minkang.x.yupoo.com/albums/219399147?uid=1,https://photo.yupoo.com/minkang/756c6204/big.jpg,https://photo.yupoo.com/minkang/69ca5441/big.jpg
Nottingham Forest 77/80 Home Retro Jersey S-XXL,https://minkang.x.yupoo.com/albums/219399134?uid=1,https://photo.yupoo.com/minkang/ba24a576/big.jpg,https://photo.yupoo.com/minkang/3a49c69d/big.jpg
Nottingham Forest 77/80 Away Retro Jersey S-XXL,https://minkang.x.yupoo.com/albums/219399109?uid=1,https://photo.yupoo.com/minkang/9dcf077d/big.jpg,https://photo.yupoo.com/minkang/d09b2eae/big.jpg
Aston Villa 97/98 Away Retro Jersey S-XXL,https://minkang.x.yupoo.com/albums/219398722?uid=1,https://photo.yupoo.com/minkang/5cb3cba6/big.jpg,https://photo.yupoo.com/minkang/065f771f/big.jpg
Aston Villa 09/10 Home Retro Jersey S-XXL,https://minkang.x.yupoo.com/albums/219398710?uid=1,https://photo.yupoo.com/minkang/865e7fe9/big.jpg,https://photo.yupoo.com/minkang/c06dea7e/big.jpg
Chelsea 25/26 Terrace Icons T-Shirt White S-XXL,https://minkang.x.yupoo.com/albums/219394066?uid=1,https://photo.yupoo.com/minkang/a9448f31/big.jpg,https://photo.yupoo.com/minkang/0c3efe0f/big.jpg
Arsenal 25/26 Pre-Match- Beige Jersey S-XXL,https://minkang.x.yupoo.com/albums/219393878?uid=1,https://photo.yupoo.com/minkang/6e5b4b6b/big.jpg,https://photo.yupoo.com/minkang/36a7435c/big.jpg
M-U 23/24 Third Away Retro Player version Jersey S-3XL,https://minkang.x.yupoo.com/albums/218963900?uid=1,https://photo.yupoo.com/minkang/608fc800/big.jpg,https://photo.yupoo.com/minkang/49688070/big.jpg
M-U 23/24 Home Retro Player Version Jersey S-3XL,https://minkang.x.yupoo.com/albums/218963839?uid=1,https://photo.yupoo.com/minkang/56ff432a/big.jpg,https://photo.yupoo.com/minkang/241f0b19/big.jpg
M-U 23/24 Away Retro Player Version Jersey S-3XL,https://minkang.x.yupoo.com/albums/218963784?uid=1,https://photo.yupoo.com/minkang/50a30803/big.jpg,https://photo.yupoo.com/minkang/41570ac9/big.jpg
Arsenal 23/24 Home Retro Player version Jersey S-3XL,https://minkang.x.yupoo.com/albums/218963142?uid=1,https://photo.yupoo.com/minkang/da300497/big.jpg,https://photo.yupoo.com/minkang/cba829cb/big.jpg
M-U 25/26 Third Away Women's Jersey S-XXL,https://minkang.x.yupoo.com/albums/218961894?uid=1,https://photo.yupoo.com/minkang/e1d2f1ff/big.jpg,https://photo.yupoo.com/minkang/e6415bd6/big.jpg
M-U 25/26 Home Women's Jersey S-XXL,https://minkang.x.yupoo.com/albums/218961781?uid=1,https://photo.yupoo.com/minkang/7230bcb2/big.jpg,https://photo.yupoo.com/minkang/c5e1a32b/big.jpg
M-U 25/26 Away Women's Jersey Sizes S-XXL,https://minkang.x.yupoo.com/albums/218961673?uid=1,https://photo.yupoo.com/minkang/fb02f606/big.jpg,https://photo.yupoo.com/minkang/81f2f2b2/big.jpg
Manchester City 25/26 Away Women's Jersey S-XXL,https://minkang.x.yupoo.com/albums/218961522?uid=1,https://photo.yupoo.com/minkang/6f4c12de/big.jpg,https://photo.yupoo.com/minkang/ef7a7bc9/big.jpg
LFC 25/26 Third Away Women's Jersey S-XXL,https://minkang.x.yupoo.com/albums/218961416?uid=1,,
LFC 25/26 Home Women's Jersey S-XXL,https://minkang.x.yupoo.com/albums/218961313?uid=1,,
LFC 25/26 Away Women's Jersey S-XXL,https://minkang.x.yupoo.com/albums/218961183?uid=1,,
Chelsea Windbreaker - Blue S-XXL,https://minkang.x.yupoo.com/albums/218960563?uid=1,https://photo.yupoo.com/minkang/a11cb52f/big.jpg,https://photo.yupoo.com/minkang/71c9b325/big.jpg
Chelsea Windbreaker - Black S-XXL,https://minkang.x.yupoo.com/albums/218960513?uid=1,https://photo.yupoo.com/minkang/624f3f73/big.jpg,https://photo.yupoo.com/minkang/3246dbe0/big.jpg
Chelsea Windbreaker - Army Green S-XXL,https://minkang.x.yupoo.com/albums/218960427?uid=1,https://photo.yupoo.com/minkang/3415495f/big.jpg,https://photo.yupoo.com/minkang/41939462/big.jpg
M-U 25/26 Cultural Shirt - Red Jersey S-XXL,https://minkang.x.yupoo.com/albums/218843362?uid=1,https://photo.yupoo.com/minkang/0eb3b9e7/big.jpg,https://photo.yupoo.com/minkang/bf95f76a/big.jpg
LFC 25/26 Culture Shirt - Green Jersey S-4XL,https://minkang.x.yupoo.com/albums/218842981?uid=1,,
Arsenal 25/26 Culture T-shirt - Red Jersey S-4XL,https://minkang.x.yupoo.com/albums/218841233?uid=1,https://photo.yupoo.com/minkang/2b46963f/big.jpg,https://photo.yupoo.com/minkang/3f381a44/big.jpg
M-U 25/26 Cultural Shirt - White Jersey S-XXL,https://minkang.x.yupoo.com/albums/218705505?uid=1,https://photo.yupoo.com/minkang/debdd16e/big.jpg,https://photo.yupoo.com/minkang/0678a618/big.jpg
M-U 25/26 Cultural Shirt - Black Jersey S-4XL,https://minkang.x.yupoo.com/albums/218705244?uid=1,https://photo.yupoo.com/minkang/2e247030/big.jpg,https://photo.yupoo.com/minkang/2f7876b3/big.jpg
M-U 25/26 Third Away Long-Sleeve Jersey S-4XL,https://minkang.x.yupoo.com/albums/217775016?uid=1,https://photo.yupoo.com/minkang/e09cb43e/big.jpg,https://photo.yupoo.com/minkang/db890ea8/big.jpg
LFC 25/26 Third Away Long-Sleeve Jersey S-4XL,https://minkang.x.yupoo.com/albums/217774868?uid=1,,
LFC 2526 Home Long-Sleeve Jersey S-4XL,https://minkang.x.yupoo.com/albums/217774787?uid=1,,
Aston Villa 25/26 Third Away Long-Sleeve Jersey S-4XL,https://minkang.x.yupoo.com/albums/217774172?uid=1,https://photo.yupoo.com/minkang/c5fde349/big.jpg,https://photo.yupoo.com/minkang/53192218/big.jpg
Wolves 96/98 Home Retro Jersey S-XXL,https://minkang.x.yupoo.com/albums/217630708?uid=1,https://photo.yupoo.com/minkang/62436eb1/big.jpg,https://photo.yupoo.com/minkang/91c8d82d/big.jpg
Wolves 18/19 Home Retro Jersey S-XXL,https://minkang.x.yupoo.com/albums/217630614?uid=1,https://photo.yupoo.com/minkang/ccf00534/big.jpg,https://photo.yupoo.com/minkang/7c7ae080/big.jpg
Wolves 70th Anniversary Jersey S-4XL,https://minkang.x.yupoo.com/albums/217626859?uid=1,https://photo.yupoo.com/minkang/b0196bba/big.jpeg,https://photo.yupoo.com/minkang/5952b78e/big.jpeg
Wolves 25/26 Goalkeeper Jersey Black S-4XL,https://minkang.x.yupoo.com/albums/213268591?uid=1,https://photo.yupoo.com/minkang/62ffe2d8/big.jpg,https://photo.yupoo.com/minkang/fcfffd31/big.jpg
Nottingham Forest 25/26 Third Away Kids Kit Jersey Size 16-28,https://minkang.x.yupoo.com/albums/217110536?uid=1,https://photo.yupoo.com/minkang/db05a23a/big.jpg,https://photo.yupoo.com/minkang/d7b3d47d/big.jpg
Tottenham Hotspur 25/26 Third Away Kids Kit Jersey SIZE 16-28,https://minkang.x.yupoo.com/albums/216898182?uid=1,https://photo.yupoo.com/minkang/988535ca/big.jpg,https://photo.yupoo.com/minkang/4d95c424/big.jpg
Manchester City 25/26 Fourth Away Kids Kit Jersey SIZE 16-28,https://minkang.x.yupoo.com/albums/216897503?uid=1,https://photo.yupoo.com/minkang/99b24eee/big.jpg,https://photo.yupoo.com/minkang/d1678941/big.jpg
Manchester City 25/26 Year of the Horse Special Edition Jerseys S-4XL,https://minkang.x.yupoo.com/albums/216709839?uid=1,https://photo.yupoo.com/minkang/50f2ef70/big.jpg,https://photo.yupoo.com/minkang/4ea87439/big.jpg
Manchester City 25/26 Fourth Away Jerseys S-XXL,https://minkang.x.yupoo.com/albums/216481215?uid=1,https://photo.yupoo.com/minkang/3b18f0bf/big.jpg,https://photo.yupoo.com/minkang/5faea863/big.jpg
Nottingham Forest 25/26 Away Kids Jersey Size: 16-28,https://minkang.x.yupoo.com/albums/216481166?uid=1,https://photo.yupoo.com/minkang/fd03ad9e/big.jpg,https://photo.yupoo.com/minkang/35c08d3d/big.jpg
Nottingham Forest 25/26 Home Kids Jersey Size: 16-28,https://minkang.x.yupoo.com/albums/216481168?uid=1,https://photo.yupoo.com/minkang/c13fda96/big.jpg,https://photo.yupoo.com/minkang/678ec211/big.jpg
25/26 Kids M-U Away Size: 16-28,https://minkang.x.yupoo.com/albums/213133831?uid=1,https://photo.yupoo.com/minkang/e49a915e/big.jpg,https://photo.yupoo.com/minkang/f9922942/big.jpg
Tottenham Hotspur 25/26 Third Away Jersey S-4XL,https://minkang.x.yupoo.com/albums/216225647?uid=1,https://photo.yupoo.com/minkang/73c754a3/big.jpg,https://photo.yupoo.com/minkang/1c25c8a8/big.jpg
Norwich City Reversible Jacket Windbreaker - Blue &amp; Yellow S-XXL,https://minkang.x.yupoo.com/albums/215949757?uid=1,https://photo.yupoo.com/minkang/b02bc9b0/big.jpg,https://photo.yupoo.com/minkang/9aea0812/big.jpg
Newcastle United Reversible Jacket Windbreaker - Army Green &amp; Yellow S-XXL,https://minkang.x.yupoo.com/albums/215946889?uid=1,https://photo.yupoo.com/minkang/95ed2b30/big.jpg,https://photo.yupoo.com/minkang/c68b4535/big.jpg
M-U Reversible Jacket Windbreaker - White &amp; Blue S-XXL,https://minkang.x.yupoo.com/albums/215946895?uid=1,https://photo.yupoo.com/minkang/caa1ad9a/big.jpg,https://photo.yupoo.com/minkang/9ba649e5/big.jpg
Chelsea Reversible Jacket Windbreaker - Blue &amp; Sky Blue S-XXL,https://minkang.x.yupoo.com/albums/215949745?uid=1,https://photo.yupoo.com/minkang/16d628fc/big.jpg,https://photo.yupoo.com/minkang/bbaad480/big.jpg
Arsenal Reversible Jacket Windbreaker - Black S-XXL,https://minkang.x.yupoo.com/albums/215949754?uid=1,https://photo.yupoo.com/minkang/3bbe7c96/big.jpg,https://photo.yupoo.com/minkang/54018c7a/big.jpg
Arsenal Reversible Jacket Windbreaker - Yellow &amp; Grey S-XXL,https://minkang.x.yupoo.com/albums/215949763?uid=1,https://photo.yupoo.com/minkang/6d0e0d8d/big.jpg,https://photo.yupoo.com/minkang/7cce4950/big.jpg
M-U Reversible Jacket Windbreaker - Blue &amp; B Army Green S-XXL,https://minkang.x.yupoo.com/albums/215949768?uid=1,https://photo.yupoo.com/minkang/57c2ab1d/big.jpg,https://photo.yupoo.com/minkang/5ce38796/big.jpg
Manchester City Reversible Jacket Windbreaker - White &amp; Mint Green S-XXL,https://minkang.x.yupoo.com/albums/215949770?uid=1,https://photo.yupoo.com/minkang/f2a5adb1/big.jpg,https://photo.yupoo.com/minkang/0fa83e82/big.jpg
Arsenal Reversible Jacket Windbreaker - Red &amp; Black S-XXL,https://minkang.x.yupoo.com/albums/215949772?uid=1,https://photo.yupoo.com/minkang/e7fa91b4/big.jpg,https://photo.yupoo.com/minkang/718a2bd2/big.jpg
M-U Reversible Jacket Windbreaker - Blue&amp;Black S-XXL,https://minkang.x.yupoo.com/albums/215949800?uid=1,https://photo.yupoo.com/minkang/88d589a5/big.jpg,https://photo.yupoo.com/minkang/6fcbea8f/big.jpg
M-U Reversible Jacket Windbreaker - Beige&amp;Blue S-XXL,https://minkang.x.yupoo.com/albums/215949803?uid=1,https://photo.yupoo.com/minkang/87dfc822/big.jpg,https://photo.yupoo.com/minkang/960e2480/big.jpg
Southampton 25/26 Third Away S-XLXL,https://minkang.x.yupoo.com/albums/215412901?uid=1,https://photo.yupoo.com/minkang/8749448a/big.jpg,https://photo.yupoo.com/minkang/72b32928/big.jpg
LFC 25/26 Baseball Jersey S-XXL,https://minkang.x.yupoo.com/albums/215412930?uid=1,,
Nottingham Forest 25/26 Baseball Uniform S-XXL,https://minkang.x.yupoo.com/albums/215413066?uid=1,https://photo.yupoo.com/minkang/f2adf302/big.jpg,https://photo.yupoo.com/minkang/e9bd7824/big.jpg
Southampton 25/26 Away S-XLXL,https://minkang.x.yupoo.com/albums/215413410?uid=1,https://photo.yupoo.com/minkang/ecc3aedb/big.jpg,https://photo.yupoo.com/minkang/8ec0fef0/big.jpg
Nottingham Forest 25/26 POLO S-XXL,https://minkang.x.yupoo.com/albums/215413476?uid=1,https://photo.yupoo.com/minkang/d09cbe3d/big.jpg,https://photo.yupoo.com/minkang/18d810ac/big.jpg
Bournemouth 25/26 Home S-4XL,https://minkang.x.yupoo.com/albums/215414077?uid=1,https://photo.yupoo.com/minkang/742ec1cf/big.jpg,https://photo.yupoo.com/minkang/cf401c9b/big.jpg
Bournemouth 25/26 Away S-4XL,https://minkang.x.yupoo.com/albums/215414290?uid=1,https://photo.yupoo.com/minkang/f324df6f/big.jpg,https://photo.yupoo.com/minkang/9f12631d/big.jpg
LFC 25/26 Baseball Jersey S-XXL,https://minkang.x.yupoo.com/albums/215414315?uid=1,,
LFC 25/26 Special Edition Jerseys S-XXL,https://minkang.x.yupoo.com/albums/215414350?uid=1,,
M-U Reversible Anthem Jacket Windbreaker - Black/Red S-XXL,https://minkang.x.yupoo.com/albums/215946879?uid=1,https://photo.yupoo.com/minkang/fd28ce9c/big.jpg,https://photo.yupoo.com/minkang/da1112d8/big.jpg
Manchester United 25/26 Retro Style- Black Jersey S-XXL,https://minkang.x.yupoo.com/albums/215945682?uid=1,,
Arsenal 25/26 Retro-style collaboration - Black Jersey S-4XL,https://minkang.x.yupoo.com/albums/215946618?uid=1,https://photo.yupoo.com/minkang/d34e1bc6/big.jpg,https://photo.yupoo.com/minkang/8ace87e5/big.jpg
LFC 25/26 Player Version Third Long Sleeve Jersey,https://minkang.x.yupoo.com/albums/215945365?uid=1,,
LFC 25/26 Retro Style-black Jersey S-XXL,https://minkang.x.yupoo.com/albums/215945834?uid=1,,
Chelsea 25/26 Third Long Sleeve Jersey S-4XL,https://minkang.x.yupoo.com/albums/215723613?uid=1,https://photo.yupoo.com/minkang/16278293/big.jpg,https://photo.yupoo.com/minkang/4f659198/big.jpg
Arsenal 25/26 Third Long Sleeve Jersey S-4XL,https://minkang.x.yupoo.com/albums/215723539?uid=1,https://photo.yupoo.com/minkang/fd304922/big.jpg,https://photo.yupoo.com/minkang/c074e661/big.jpg
LFC 25/26 Special Edition Black S-XXL,https://minkang.x.yupoo.com/albums/215723502?uid=1,,
M-U 11/12 Away Retro Jersey S-XXL,https://minkang.x.yupoo.com/albums/215723250?uid=1,https://photo.yupoo.com/minkang/1e8c484e/big.jpg,https://photo.yupoo.com/minkang/4b42e41b/big.jpg
M-U x Human Race Retro Jersey S-XXL,https://minkang.x.yupoo.com/albums/215727347?uid=1,https://photo.yupoo.com/minkang/927784ae/big.jpg,https://photo.yupoo.com/minkang/3f1bf946/big.jpg
Arsenal x Human Race Retro Jersey S-XXL,https://minkang.x.yupoo.com/albums/215723790?uid=1,https://photo.yupoo.com/minkang/951f24c3/big.jpg,https://photo.yupoo.com/minkang/4dc6919a/big.jpg
Tottenham Hotspur 87/89 Home Retro Jersey S-XXL,https://minkang.x.yupoo.com/albums/215724075?uid=1,https://photo.yupoo.com/minkang/13a26a1e/big.jpg,https://photo.yupoo.com/minkang/4c0baac9/big.jpg
Leeds United 95/96 Retro Home S-4XL,https://minkang.x.yupoo.com/albums/215045976?uid=1,https://photo.yupoo.com/minkang/2bce150a/big.jpg,https://photo.yupoo.com/minkang/e38021ae/big.jpg
M-U 25/26 Kids Size: 16-28,https://minkang.x.yupoo.com/albums/215412324?uid=1,https://photo.yupoo.com/minkang/3e6b6164/big.jpg,https://photo.yupoo.com/minkang/fee64a70/big.jpg
LFC 25/26 Third Away Kids Size: 16-28,https://minkang.x.yupoo.com/albums/215412221?uid=1,,
Leicester City 25/26 Home Game S-4XL,https://minkang.x.yupoo.com/albums/214781217?uid=1,https://photo.yupoo.com/minkang/740f59af/big.jpg,https://photo.yupoo.com/minkang/984126cb/big.jpg
LFC 25/26 Retro Special Edition S-XXL,https://minkang.x.yupoo.com/albums/214781112?uid=1,,
Leeds United 25/26 Retro Special Edition S-4XL,https://minkang.x.yupoo.com/albums/214781426?uid=1,https://photo.yupoo.com/minkang/905c160e/big.jpg,https://photo.yupoo.com/minkang/efc1bf8c/big.jpg
Nottingham Forest 25/26 Third Away  S-XXL,https://minkang.x.yupoo.com/albums/214781631?uid=1,https://photo.yupoo.com/minkang/cc0d124b/big.jpg,https://photo.yupoo.com/minkang/7a9b3ccc/big.jpg
Roma 25/26 Home S-4XL,https://minkang.x.yupoo.com/albums/214781627?uid=1,https://photo.yupoo.com/minkang/aba1c0fc/big.jpg,https://photo.yupoo.com/minkang/fe717ccf/big.jpg
Leeds United 25/26 Third Away S-XXL,https://minkang.x.yupoo.com/albums/214781559?uid=1,https://photo.yupoo.com/minkang/a6c01a3b/big.jpg,https://photo.yupoo.com/minkang/58128575/big.jpg
Everton 25/26 Third Away S-XXL,https://minkang.x.yupoo.com/albums/214780906?uid=1,https://photo.yupoo.com/minkang/f925e78d/big.jpg,https://photo.yupoo.com/minkang/30e03cf9/big.jpg
Chelsea 25/26 Third Away Kids Size: 16-28,https://minkang.x.yupoo.com/albums/215022476?uid=1,https://photo.yupoo.com/minkang/3d3e6010/big.jpg,https://photo.yupoo.com/minkang/c50d07dc/big.jpg
Southampton 1992 Away Retro Jersey S-XXL,https://minkang.x.yupoo.com/albums/212925197?uid=1,https://photo.yupoo.com/minkang/b36ae5de/big.jpg,https://photo.yupoo.com/minkang/8c12830b/big.jpg
Sunderland 92/93 Second Away Retro Jersey S-XXL,https://minkang.x.yupoo.com/albums/212487163?uid=1,https://photo.yupoo.com/minkang/262a0d33/big.jpg,https://photo.yupoo.com/minkang/da0c6470/big.jpg
Sunderland 05/06 Home Retro Jersey S-XXL,https://minkang.x.yupoo.com/albums/212486548?uid=1,https://photo.yupoo.com/minkang/65e79503/big.jpg,https://photo.yupoo.com/minkang/fbf28130/big.jpg
1Sheffield Wednesday 1993 Away Retro Jersey S-XXL,https://minkang.x.yupoo.com/albums/212485320?uid=1,https://photo.yupoo.com/minkang/bd299ecb/big.jpg,https://photo.yupoo.com/minkang/dcf02861/big.jpg
Sheffield Wednesday 94/95 Home Retro Jersey S-XXL,https://minkang.x.yupoo.com/albums/212485195?uid=1,https://photo.yupoo.com/minkang/954306db/big.jpg,https://photo.yupoo.com/minkang/569608d3/big.jpg
sheffield wednesday 19/97 Home Retro Jersey S-XXL,https://minkang.x.yupoo.com/albums/212484817?uid=1,https://photo.yupoo.com/minkang/b755b829/big.jpg,https://photo.yupoo.com/minkang/e0582835/big.jpg
Newcastle United 96/97 Goalkeeper Long Sleeve Retro Jersey S-XXL,https://minkang.x.yupoo.com/albums/213796034?uid=1,https://photo.yupoo.com/minkang/ecf3060e/big.jpg,https://photo.yupoo.com/minkang/ac6f6e1e/big.jpg
Leicester City 18/19 Home Retro Jersey S-XXL,https://minkang.x.yupoo.com/albums/213863880?uid=1,https://photo.yupoo.com/minkang/2fe0d4ea/big.jpg,https://photo.yupoo.com/minkang/e29a9f06/big.jpg
Retro Leicester City 15/16 away S-XXL,https://minkang.x.yupoo.com/albums/213861833?uid=1,https://photo.yupoo.com/minkang/09f9e6c7/big.jpg,https://photo.yupoo.com/minkang/9f7323f5/big.jpg
Leicester City 15/16 Home Retro Jersey S-XXL,https://minkang.x.yupoo.com/albums/213863244?uid=1,https://photo.yupoo.com/minkang/bc9d12f3/big.jpg,https://photo.yupoo.com/minkang/6d5de1b6/big.jpg
Leicester City 16/17 Home Retro Jersey S-XXL,https://minkang.x.yupoo.com/albums/214131793?uid=1,https://photo.yupoo.com/minkang/b34526e7/big.jpg,https://photo.yupoo.com/minkang/b3dee1af/big.jpg
Retro Leicester City 1984 Away S-XXL,https://minkang.x.yupoo.com/albums/150267088?uid=1,https://photo.yupoo.com/minkang/5f0d368a/big.jpeg,https://photo.yupoo.com/minkang/34b4408f/big.jpeg
Retro Leicester City 92/94 Home S-XXL,https://minkang.x.yupoo.com/albums/150267129?uid=1,https://photo.yupoo.com/minkang/9ff16b51/big.jpeg,https://photo.yupoo.com/minkang/a92372d1/big.jpeg
Retro Everton 88/90 Away S-XXL,https://minkang.x.yupoo.com/albums/150267174?uid=1,https://photo.yupoo.com/minkang/51f51945/big.jpeg,https://photo.yupoo.com/minkang/aa7b1716/big.jpeg
Retro Tottenham 87/89 Home S-XXL,https://minkang.x.yupoo.com/albums/167395964?uid=1,https://photo.yupoo.com/minkang/84a0ef04/big.jpeg,https://photo.yupoo.com/minkang/552c8edc/big.jpeg
kids Arsenal 05/06 home size: 16-28,https://minkang.x.yupoo.com/albums/155599284?uid=1,https://photo.yupoo.com/minkang/d87947fa/big.jpeg,https://photo.yupoo.com/minkang/0010c650/big.jpeg
Arsenal 01/02 Away long sleeve Retro Jersey S-XXL,https://minkang.x.yupoo.com/albums/213795666?uid=1,https://photo.yupoo.com/minkang/f57dae6a/big.jpg,https://photo.yupoo.com/minkang/38e9846c/big.jpg
25/26 Arsenal Trench Coat Reversible S-3XL,https://minkang.x.yupoo.com/albums/214653108?uid=1,https://photo.yupoo.com/minkang/5b5af4ec/big.jpg,https://photo.yupoo.com/minkang/b13143b4/big.jpg
25／26 Arsenal Windbreaker S-XXL,https://minkang.x.yupoo.com/albums/214652306?uid=1,https://photo.yupoo.com/minkang/98b20624/big.jpg,https://photo.yupoo.com/minkang/abe54823/big.jpg
25／26 Arsenal Windbreaker S-XXL,https://minkang.x.yupoo.com/albums/214652273?uid=1,https://photo.yupoo.com/minkang/0e33f43c/big.jpg,https://photo.yupoo.com/minkang/834bbaea/big.jpg
25／26 Arsenal Windbreaker S-XXL,https://minkang.x.yupoo.com/albums/214652201?uid=1,https://photo.yupoo.com/minkang/385b95c7/big.jpg,https://photo.yupoo.com/minkang/61e54125/big.jpg
25／26 Arsenal Windbreaker S-XXL,https://minkang.x.yupoo.com/albums/214511127?uid=1,https://photo.yupoo.com/minkang/4c2bf6a3/big.jpg,https://photo.yupoo.com/minkang/3f284c98/big.jpg
25／26 Arsenal Windbreaker S-XXL,https://minkang.x.yupoo.com/albums/214510735?uid=1,https://photo.yupoo.com/minkang/ef717301/big.jpg,https://photo.yupoo.com/minkang/d401e311/big.jpg
25／26 Arsenal Windbreaker S-XXL,https://minkang.x.yupoo.com/albums/214510309?uid=1,https://photo.yupoo.com/minkang/962b972c/big.jpg,https://photo.yupoo.com/minkang/0e1edb87/big.jpg
25／26 Arsenal Windbreaker S-XXL,https://minkang.x.yupoo.com/albums/214510292?uid=1,https://photo.yupoo.com/minkang/d7cca405/big.jpg,https://photo.yupoo.com/minkang/125e8cdb/big.jpg
25／26 Arsenal Windbreaker S-XXL,https://minkang.x.yupoo.com/albums/214510285?uid=1,https://photo.yupoo.com/minkang/506e35a2/big.jpg,https://photo.yupoo.com/minkang/1802c8db/big.jpg
25／26 Arsenal Windbreaker S-XXL,https://minkang.x.yupoo.com/albums/214510283?uid=1,https://photo.yupoo.com/minkang/b3fee64f/big.jpg,https://photo.yupoo.com/minkang/d48903da/big.jpg
kids Chelsea 2012 Champions League home game size: 16-28,https://minkang.x.yupoo.com/albums/155599344?uid=1,https://photo.yupoo.com/minkang/3b090cce/big.jpeg,https://photo.yupoo.com/minkang/a43a2072/big.jpeg
25／26 Chelsea Windbreaker S-XXL,https://minkang.x.yupoo.com/albums/214652307?uid=1,https://photo.yupoo.com/minkang/3957e88a/big.jpg,https://photo.yupoo.com/minkang/0e30f2dd/big.jpg
Retro  Chelsea 1990 S-4XL,https://minkang.x.yupoo.com/albums/134284529?uid=1,https://photo.yupoo.com/minkang/565ea9b6/big.jpeg,https://photo.yupoo.com/minkang/be643b47/big.jpeg
Retro  Chelsea 1990 S-4XL,https://minkang.x.yupoo.com/albums/134284537?uid=1,https://photo.yupoo.com/minkang/70e11e3b/big.jpeg,https://photo.yupoo.com/minkang/107e2f21/big.jpeg
Manchester City 86/87 Home Retro Jersey S-XXL,https://minkang.x.yupoo.com/albums/214137703?uid=1,https://photo.yupoo.com/minkang/919969d5/big.jpg,https://photo.yupoo.com/minkang/3766a9e3/big.jpg
Retro Manchester City 15/16 Away S-XXL,https://minkang.x.yupoo.com/albums/157799223?uid=1,https://photo.yupoo.com/minkang/624a1827/big.jpg,https://photo.yupoo.com/minkang/93239fea/big.jpg
Retro Manchester City 97/98 Away S-XXL,https://minkang.x.yupoo.com/albums/137271981?uid=1,https://photo.yupoo.com/minkang/1126a42d/big.jpg,https://photo.yupoo.com/minkang/85e7cee2/big.jpg
M-U 08/09 Third Away Player Version Retro Jersey S-3XL,https://minkang.x.yupoo.com/albums/212822198?uid=1,https://photo.yupoo.com/minkang/8c814e54/big.jpg,https://photo.yupoo.com/minkang/5c5f5c57/big.jpg
M-U 08/09 Away Player Version Retro Jersey S-3XL,https://minkang.x.yupoo.com/albums/212822664?uid=1,https://photo.yupoo.com/minkang/cf43ee0e/big.jpg,https://photo.yupoo.com/minkang/108cf2ec/big.jpg
25/26 M-U Trench Coat Reversible S-3XL,https://minkang.x.yupoo.com/albums/214652712?uid=1,https://photo.yupoo.com/minkang/9f6cee39/big.jpg,https://photo.yupoo.com/minkang/9e15865e/big.jpg
kids M-U 07/08UEFA Champions League home size: 16-28,https://minkang.x.yupoo.com/albums/155599213?uid=1,https://photo.yupoo.com/minkang/eaa82690/big.jpeg,https://photo.yupoo.com/minkang/9f1d0353/big.jpeg
kids M-U 08/09 away size: 16-28,https://minkang.x.yupoo.com/albums/170574307?uid=1,https://photo.yupoo.com/minkang/600d1741/big.jpeg,https://photo.yupoo.com/minkang/c1f3f5b2/big.jpeg
kids M-U 07/08 black size: 16-28,https://minkang.x.yupoo.com/albums/155599244?uid=1,https://photo.yupoo.com/minkang/a4d40459/big.jpeg,https://photo.yupoo.com/minkang/0baa5715/big.jpeg
25／26 M-U Windbreaker S-XXL,https://minkang.x.yupoo.com/albums/214652326?uid=1,https://photo.yupoo.com/minkang/e5b84e70/big.jpg,https://photo.yupoo.com/minkang/13055d5a/big.jpg
25／26 M-U Windbreaker S-XXL,https://minkang.x.yupoo.com/albums/214511120?uid=1,https://photo.yupoo.com/minkang/cb521919/big.jpg,https://photo.yupoo.com/minkang/82ae3a63/big.jpg
25／26 M-U Windbreaker S-XXL,https://minkang.x.yupoo.com/albums/214510737?uid=1,https://photo.yupoo.com/minkang/f858d5ac/big.jpg,https://photo.yupoo.com/minkang/1b2cf39c/big.jpg
25／26 M-U Windbreaker S-XXL,https://minkang.x.yupoo.com/albums/214652080?uid=1,https://photo.yupoo.com/minkang/766e931b/big.jpg,https://photo.yupoo.com/minkang/014bd1de/big.jpg
Retro Shorts M-U 07/08 Home S-XXL,https://minkang.x.yupoo.com/albums/131222755?uid=1,https://photo.yupoo.com/minkang/aacb3361/big.jpeg,https://photo.yupoo.com/minkang/d4c5caa6/big.jpeg
M-U  25/26 US Pack Full-Button Baseball Jersey Red,https://minkang.x.yupoo.com/albums/213150834?uid=1,https://photo.yupoo.com/minkang/ada0dba2/big.jpg,https://photo.yupoo.com/minkang/88185000/big.jpg
LFC 96/97 Away Long Sleeve Retro Jersey S-XXL,https://minkang.x.yupoo.com/albums/213002996?uid=1,,
LFC 08/10 Home Retro Jersey S-XXL,https://minkang.x.yupoo.com/albums/214129304?uid=1,,
Chelsea 25/26 Third Jersey S-4XL,https://minkang.x.yupoo.com/albums/214402460?uid=1,https://photo.yupoo.com/minkang/f29aca5c/big.jpg,https://photo.yupoo.com/minkang/84ab7663/big.jpg
Arsenal 25/26 Third Away kids kit Jersey SIZE 16-28,https://minkang.x.yupoo.com/albums/213387689?uid=1,https://photo.yupoo.com/minkang/06deb157/big.jpg,https://photo.yupoo.com/minkang/45ac6562/big.jpg
M-U 18/19 Third Away Player Version Retro Jersey S-3XL,https://minkang.x.yupoo.com/albums/213387449?uid=1,https://photo.yupoo.com/minkang/01b55489/big.jpg,https://photo.yupoo.com/minkang/a9a68190/big.jpg
Chelsea 25/26 Third Away Player Version Jersey S-3XL,https://minkang.x.yupoo.com/albums/213387746?uid=1,https://photo.yupoo.com/minkang/c58618fc/big.jpg,https://photo.yupoo.com/minkang/8dd832c6/big.jpg
Arsenal 25/26 Second Away Player Version Jersey S-4XL,https://minkang.x.yupoo.com/albums/213387220?uid=1,https://photo.yupoo.com/minkang/b56bdcac/big.jpg,https://photo.yupoo.com/minkang/d78a1fa4/big.jpg
LFC 25/26 Third Away Jersey S-4XL,https://minkang.x.yupoo.com/albums/213387168?uid=1,,
LFC  25/26 Third Away Long Sleeve Jersey S-4XL,https://minkang.x.yupoo.com/albums/213386310?uid=1,,
Everton 25/26 Adult Away Jersey S-4XL,https://minkang.x.yupoo.com/albums/213386168?uid=1,https://photo.yupoo.com/minkang/ad1043dc/big.jpg,https://photo.yupoo.com/minkang/dce344fd/big.jpg
Arsenal 25/26 Third Away Jersey S-4XL,https://minkang.x.yupoo.com/albums/213385353?uid=1,https://photo.yupoo.com/minkang/b5f04afc/big.jpg,https://photo.yupoo.com/minkang/197912a5/big.jpg
Tottenham Hotspur 25/26 Home Long Sleeve Jersey S-4XL,https://minkang.x.yupoo.com/albums/213387127?uid=1,https://photo.yupoo.com/minkang/e45b56dd/big.jpg,https://photo.yupoo.com/minkang/65b88e3d/big.jpg
Newcastle United 25/26 Home Long Sleeve Jersey S-4XL,https://minkang.x.yupoo.com/albums/213386698?uid=1,https://photo.yupoo.com/minkang/e4072c5a/big.jpg,https://photo.yupoo.com/minkang/5744afc9/big.jpg
Manchester United 25/26 Third Away Long Sleeve Jersey S-4XL,https://minkang.x.yupoo.com/albums/213386556?uid=1,https://photo.yupoo.com/minkang/9c190534/big.jpg,https://photo.yupoo.com/minkang/e82d46cc/big.jpg
M-U  25/26 Home Long Sleeve Jersey S-4XL,https://minkang.x.yupoo.com/albums/213386506?uid=1,https://photo.yupoo.com/minkang/994bd61c/big.jpg,https://photo.yupoo.com/minkang/4d199420/big.jpg
M-U 25/26 Away Long Sleeve Jersey S-4XL,https://minkang.x.yupoo.com/albums/213386478?uid=1,https://photo.yupoo.com/minkang/832ac4fc/big.jpg,https://photo.yupoo.com/minkang/81301cc6/big.jpg
Manchester City 25/26 Home Long Sleeve Jersey S-4XL,https://minkang.x.yupoo.com/albums/213386428?uid=1,https://photo.yupoo.com/minkang/0bfff31f/big.jpg,https://photo.yupoo.com/minkang/51050ef2/big.jpg
Manchester City 25/26 Away Long Sleeve Jersey S-4XL,https://minkang.x.yupoo.com/albums/213386396?uid=1,https://photo.yupoo.com/minkang/12fd223a/big.jpg,https://photo.yupoo.com/minkang/847d6a1d/big.jpg
Chelsea 25/26 Home Long Sleeve Jersey S-4XL,https://minkang.x.yupoo.com/albums/213386110?uid=1,https://photo.yupoo.com/minkang/d24b807f/big.jpg,https://photo.yupoo.com/minkang/f58fd2a4/big.jpg
Chelsea 25/26 Away Long Sleeve Jersey S-4XL,https://minkang.x.yupoo.com/albums/213386033?uid=1,https://photo.yupoo.com/minkang/d2525624/big.jpg,https://photo.yupoo.com/minkang/f780d9f4/big.jpg
Arsenal 25/26 Home Long Sleeve Jersey S-4XL,https://minkang.x.yupoo.com/albums/213385318?uid=1,https://photo.yupoo.com/minkang/14627e81/big.jpg,https://photo.yupoo.com/minkang/6c63b3bf/big.jpg
Arsenal  25/26 Away Long Sleeve Jersey S-4XL,https://minkang.x.yupoo.com/albums/213385245?uid=1,https://photo.yupoo.com/minkang/3d2f3e5c/big.jpg,https://photo.yupoo.com/minkang/7848f164/big.jpg
LFC 25/26 Kids kit Home Jersey Size：16-28,https://minkang.x.yupoo.com/albums/213383881?uid=1,,
LFC 25/26 Kids kit Away Jersey Size：16-28,https://minkang.x.yupoo.com/albums/213382586?uid=1,,
West Ham United 25/26 Player Version Home Jersey S-XXL,https://minkang.x.yupoo.com/albums/213376204?uid=1,https://photo.yupoo.com/minkang/754b5e41/big.jpg,https://photo.yupoo.com/minkang/f46d144f/big.jpg
LFC 25/26 Player Version Third Away Jersey S-2XL,https://minkang.x.yupoo.com/albums/213374800?uid=1,,
LFC 25/26 Player Version Home Long Sleeve Jersey S-3XL,https://minkang.x.yupoo.com/albums/213374769?uid=1,,
Tottenham Hotspur 25/26 Player Version Home Long Sleeve Jersey S-3XL,https://minkang.x.yupoo.com/albums/213376149?uid=1,https://photo.yupoo.com/minkang/4085a9fe/big.jpg,https://photo.yupoo.com/minkang/93930bce/big.jpg
M-U 25/26 Player Version Away Long Sleeve Jersey S-3XL,https://minkang.x.yupoo.com/albums/213374907?uid=1,https://photo.yupoo.com/minkang/926e5dd1/big.jpg,https://photo.yupoo.com/minkang/d28ee367/big.jpg
Arsenal 25/26 Away Player Version Long Sleeve Jersey S-3XL,https://minkang.x.yupoo.com/albums/213374051?uid=1,https://photo.yupoo.com/minkang/a01d89d8/big.jpg,https://photo.yupoo.com/minkang/2f4d5260/big.jpg
Manchester City 25/26 Player Version Third Away Jersey S-5XL,https://minkang.x.yupoo.com/albums/213374801?uid=1,https://photo.yupoo.com/minkang/d3031c06/big.jpg,https://photo.yupoo.com/minkang/d29dd4e7/big.jpg
Newcastle United 25/26 Player Version Third Jersey S-XXL,https://minkang.x.yupoo.com/albums/213272986?uid=1,https://photo.yupoo.com/minkang/378d0c53/big.jpg,https://photo.yupoo.com/minkang/29a80857/big.jpg
LFC 25/26 Player Version Away Jersey S-2XL,https://minkang.x.yupoo.com/albums/213273222?uid=1,,
LFC 25/26 Player Version Home Jersey S-3XL,https://minkang.x.yupoo.com/albums/213270140?uid=1,,
Rangers 25/26 Third Jersey S-4XL,https://minkang.x.yupoo.com/albums/213268979?uid=1,https://photo.yupoo.com/minkang/a11e117a/big.jpg,https://photo.yupoo.com/minkang/8ea9610f/big.jpg
LFC 25/26 Home Jersey S-4XL,https://minkang.x.yupoo.com/albums/213270058?uid=1,,
LFC 25/26 away Jersey S-4XL,https://minkang.x.yupoo.com/albums/213269931?uid=1,,
LFC 25/26 Special Edition 2005 Istanbul Anniversary Jersey S-4XL,https://minkang.x.yupoo.com/albums/213268752?uid=1,,
Nottingham Forest 25/26 Home Jersey S-4XL,https://minkang.x.yupoo.com/albums/213268124?uid=1,https://photo.yupoo.com/minkang/007391f9/big.jpg,https://photo.yupoo.com/minkang/1b636d0a/big.jpg
M-U 25/26 Third Goalkeeper Jersey Green S-4XL,https://minkang.x.yupoo.com/albums/213267816?uid=1,https://photo.yupoo.com/minkang/fccc991b/big.jpg,https://photo.yupoo.com/minkang/ed642e0f/big.jpg
Rangers 25/26 Away Jersey S-4XL,https://minkang.x.yupoo.com/albums/213267408?uid=1,https://photo.yupoo.com/minkang/12174af8/big.jpg,https://photo.yupoo.com/minkang/8fa2f205/big.jpg
M-U  25/26 Pre-Match Jersey S-4XL,https://minkang.x.yupoo.com/albums/213267340?uid=1,https://photo.yupoo.com/minkang/c46e4e02/big.jpg,https://photo.yupoo.com/minkang/ccb0ded0/big.jpg
LFC 25/26 US Pack Full-Button Baseball Jersey Red S-XXL,https://minkang.x.yupoo.com/albums/213151710?uid=1,,
Tottenham Hotspur 25/26 Away kids kit Jersey Size：16-28,https://minkang.x.yupoo.com/albums/213149859?uid=1,https://photo.yupoo.com/minkang/18c367f6/big.jpg,https://photo.yupoo.com/minkang/69d7adb9/big.jpg
M-U 25/26 Home Long Sleeve Player Version Jersey S-3XL,https://minkang.x.yupoo.com/albums/213149475?uid=1,https://photo.yupoo.com/minkang/157d43ba/big.jpg,https://photo.yupoo.com/minkang/ff90cba3/big.jpg
Arsenal 25/26 Home Long Sleeve Player Version Jersey S-3XL,https://minkang.x.yupoo.com/albums/213149318?uid=1,https://photo.yupoo.com/minkang/1c70040a/big.jpg,https://photo.yupoo.com/minkang/27c769a2/big.jpg
M-U 2011/12 Player Version Retro Home Jersey S-3XL,https://minkang.x.yupoo.com/albums/213148560?uid=1,https://photo.yupoo.com/minkang/667b128a/big.jpg,https://photo.yupoo.com/minkang/51753fad/big.jpg
M-U 2013/14 Player Version Retro Home Jersey S-3XL,https://minkang.x.yupoo.com/albums/213147771?uid=1,https://photo.yupoo.com/minkang/1b0ae3d6/big.jpg,https://photo.yupoo.com/minkang/939d3176/big.jpg
LFC 25/26 Team logo totem Special Edition Retro Player Version Jersey S-3XL,https://minkang.x.yupoo.com/albums/213148139?uid=1,,
M-U 25/26 Player Version Third Jersey S-4XL,https://minkang.x.yupoo.com/albums/213147169?uid=1,https://photo.yupoo.com/minkang/ceb3491d/big.jpg,https://photo.yupoo.com/minkang/945e9201/big.jpg
M-U 25/26 Home kids kit Jersey SIZE16-28,https://minkang.x.yupoo.com/albums/213133300?uid=1,https://photo.yupoo.com/minkang/6d5f531c/big.jpg,https://photo.yupoo.com/minkang/b0ef0884/big.jpg
M-U 24/25 Away kids kit Jersey SZIE 16-28,https://minkang.x.yupoo.com/albums/213131491?uid=1,https://photo.yupoo.com/minkang/8d163e13/big.jpg,https://photo.yupoo.com/minkang/b2784d28/big.jpg
Arsenal 96/97 Away Long Sleeve Retro Jersey S-XXL,https://minkang.x.yupoo.com/albums/213002981?uid=1,https://photo.yupoo.com/minkang/7a6f4422/big.jpg,https://photo.yupoo.com/minkang/0b508911/big.jpg
M-U 07/08 Goalkeeper Long Sleeve Retro Jersey S-XXL,https://minkang.x.yupoo.com/albums/213002931?uid=1,https://photo.yupoo.com/minkang/56bad234/big.jpg,https://photo.yupoo.com/minkang/0169869a/big.jpg
Birmingham 96/97 Goalkeeper Long Sleeve Retro Jersey S-XXL,https://minkang.x.yupoo.com/albums/213002735?uid=1,https://photo.yupoo.com/minkang/c6fdc08e/big.jpg,https://photo.yupoo.com/minkang/27e7eab6/big.jpg
Arsenal 96/97 Home Long Sleeve Retro Jersey S-XXL,https://minkang.x.yupoo.com/albums/213002643?uid=1,https://photo.yupoo.com/minkang/a60e1e16/big.jpg,https://photo.yupoo.com/minkang/56583022/big.jpg
M-U 07/08 Goalkeeper Retro Jersey S-XXL,https://minkang.x.yupoo.com/albums/213002501?uid=1,https://photo.yupoo.com/minkang/38a097ae/big.jpg,https://photo.yupoo.com/minkang/78ae973b/big.jpg
Chelsea 01/03 Home Retro Jersey S-XXL,https://minkang.x.yupoo.com/albums/213002142?uid=1,https://photo.yupoo.com/minkang/a4172b3a/big.jpg,https://photo.yupoo.com/minkang/cf2012f7/big.jpg
M-U 08/09 Away Retro Jersey S-XXL,https://minkang.x.yupoo.com/albums/213002107?uid=1,https://photo.yupoo.com/minkang/0897eb37/big.jpg,https://photo.yupoo.com/minkang/b90943cc/big.jpg
Newcastle United 99/00 Away Retro Jersey S-XXL,https://minkang.x.yupoo.com/albums/213002054?uid=1,https://photo.yupoo.com/minkang/4fa51ba7/big.jpg,https://photo.yupoo.com/minkang/306bf1d1/big.jpg
Birmingham 19/20 Home Retro Jersey,https://minkang.x.yupoo.com/albums/213001998?uid=1,https://photo.yupoo.com/minkang/b4bb5bc6/big.jpg,https://photo.yupoo.com/minkang/335fd73f/big.jpg
Arsenal 16/17 Home Retro Jersey S-XXL,https://minkang.x.yupoo.com/albums/213001959?uid=1,https://photo.yupoo.com/minkang/5ba5dbda/big.jpg,https://photo.yupoo.com/minkang/ff162b5a/big.jpg
Tottenham Hotspur 1986 Home Retro Jersey S-XXL,https://minkang.x.yupoo.com/albums/213001531?uid=1,https://photo.yupoo.com/minkang/e21669dd/big.jpg,https://photo.yupoo.com/minkang/a969fdef/big.jpg
Chelsea 10/11 Away Retro Jersey S-XXL,https://minkang.x.yupoo.com/albums/213001229?uid=1,https://photo.yupoo.com/minkang/0aba06aa/big.jpg,https://photo.yupoo.com/minkang/0d4b7acb/big.jpg
Tottenham Hotspur 97/99 Goalkeeper Long Sleeve Retro Jersey S-XXL,https://minkang.x.yupoo.com/albums/213000850?uid=1,https://photo.yupoo.com/minkang/6bf752a4/big.jpg,https://photo.yupoo.com/minkang/84ed6509/big.jpg
Manchester City 97/98 Away Long Sleeve Retro Jersey S-XXL,https://minkang.x.yupoo.com/albums/213000765?uid=1,https://photo.yupoo.com/minkang/61e2ab21/big.jpg,https://photo.yupoo.com/minkang/2e60b55d/big.jpg
LFC 95/96 Away Long Sleeve Retro Jersey S-XXL,https://minkang.x.yupoo.com/albums/213000685?uid=1,,
Arsenal 04/05 Home Long Sleeve Retro Jersey S-XXL,https://minkang.x.yupoo.com/albums/213000953?uid=1,https://photo.yupoo.com/minkang/ffebeaa3/big.jpg,https://photo.yupoo.com/minkang/8a6c91da/big.jpg
M-U 02/03 Third Away Retro Jersey S-XXL,https://minkang.x.yupoo.com/albums/213000930?uid=1,https://photo.yupoo.com/minkang/3bad899a/big.jpg,https://photo.yupoo.com/minkang/7286d687/big.jpg
Tottenham Hotspur 97/99 Home Long Sleeve Retro Jersey S-XXL,https://minkang.x.yupoo.com/albums/213000880?uid=1,https://photo.yupoo.com/minkang/9ce05ab7/big.jpg,https://photo.yupoo.com/minkang/973caea8/big.jpg
M-U 07/08 Goalkeeper Long Sleeve Retro Jersey S-XXL,https://minkang.x.yupoo.com/albums/213000663?uid=1,https://photo.yupoo.com/minkang/0007b7e0/big.jpg,https://photo.yupoo.com/minkang/85fb9819/big.jpg
Manchester City 08/09 Away Retro Jersey S-XXL,https://minkang.x.yupoo.com/albums/212928912?uid=1,https://photo.yupoo.com/minkang/2431df6e/big.jpg,https://photo.yupoo.com/minkang/143f9904/big.jpg
Birmingham City 96/97 Home Retro Jersey S-XXL,https://minkang.x.yupoo.com/albums/212927151?uid=1,https://photo.yupoo.com/minkang/b48eb554/big.jpg,https://photo.yupoo.com/minkang/5de2e185/big.jpg
Manchester City 07/08 Away Retro Jersey S-XXL,https://minkang.x.yupoo.com/albums/212928893?uid=1,https://photo.yupoo.com/minkang/173dc433/big.jpg,https://photo.yupoo.com/minkang/225d39a4/big.jpg
M-U 08/09 Third Away Retro Jersey S-XXL,https://minkang.x.yupoo.com/albums/212927054?uid=1,https://photo.yupoo.com/minkang/fbee00ae/big.jpg,https://photo.yupoo.com/minkang/66ed4408/big.jpg
Chelsea 16/17 Home Retro Jersey S-XXL,https://minkang.x.yupoo.com/albums/212926809?uid=1,https://photo.yupoo.com/minkang/16d262a3/big.jpg,https://photo.yupoo.com/minkang/6c987b03/big.jpg
LFC 20/21 Goalkeeper Retro Jersey S-XXL,https://minkang.x.yupoo.com/albums/212928935?uid=1,,
LFC 91/92 Away Retro Jersey S-XXL,https://minkang.x.yupoo.com/albums/212928473?uid=1,,
LFC 1965 Home Retro Jersey S-XXL,https://minkang.x.yupoo.com/albums/212928246?uid=1,,
LFC 85/86 Away Retro Jersey S-XXL,https://minkang.x.yupoo.com/albums/212928122?uid=1,,
LFC 01/02 Home Retro Jersey S-XXL,https://minkang.x.yupoo.com/albums/212927087?uid=1,,
Arsenal 92/94 Home Long Sleeve Retro Jersey S-XXL,https://minkang.x.yupoo.com/albums/212926487?uid=1,https://photo.yupoo.com/minkang/08d37be9/big.jpg,https://photo.yupoo.com/minkang/02227d5a/big.jpg
LFC 95/96 Home Long Sleeve Retro Jersey S-XXL,https://minkang.x.yupoo.com/albums/212926375?uid=1,,
LFC 06/07 Home Champions League Edition Long Sleeve Retro Jersey S-XXL,https://minkang.x.yupoo.com/albums/212926082?uid=1,,
Arsenal 94/96 Home Retro Jersey,https://minkang.x.yupoo.com/albums/212923326?uid=1,https://photo.yupoo.com/minkang/a354bb10/big.jpg,https://photo.yupoo.com/minkang/19b59bc5/big.jpg
LFC 97/98 Home Retro Jersey S-XXL,https://minkang.x.yupoo.com/albums/212923226?uid=1,,
M-U 10/11 Away Long Sleeve Retro Jersey S-XXL,https://minkang.x.yupoo.com/albums/212826770?uid=1,https://photo.yupoo.com/minkang/eb24e3d8/big.jpg,https://photo.yupoo.com/minkang/214158ce/big.jpg
M-U 19/20 Home Long Sleeve Retro Jersey S-XXL,https://minkang.x.yupoo.com/albums/212826679?uid=1,https://photo.yupoo.com/minkang/d260eb30/big.jpg,https://photo.yupoo.com/minkang/c28cbaf0/big.jpg
LFC 96/97 Home Long Sleeve Retro Jersey S-XXL,https://minkang.x.yupoo.com/albums/212826811?uid=1,,
LFC 99/00 Away Retro Jersey S-XXL,https://minkang.x.yupoo.com/albums/212825589?uid=1,,
Retro Arsenal 03/05 away S-XXL,https://minkang.x.yupoo.com/albums/212824744?uid=1,https://photo.yupoo.com/minkang/e3a6df82/big.jpg,https://photo.yupoo.com/minkang/f42923fa/big.jpg
M-U 19/20 Home Retro Jersey S-XXL,https://minkang.x.yupoo.com/albums/212824429?uid=1,https://photo.yupoo.com/minkang/7265f2d0/big.jpg,https://photo.yupoo.com/minkang/3b9b1613/big.jpg
Arsenal 08/10 Home Retro Jersey S-XXL,https://minkang.x.yupoo.com/albums/212824048?uid=1,https://photo.yupoo.com/minkang/ae178468/big.jpg,https://photo.yupoo.com/minkang/5e4351e7/big.jpg
LFC 13/14 Home Retro Jersey S-XXL,https://minkang.x.yupoo.com/albums/212824099?uid=1,,
M-U 12/13 Home Long Sleeve Player Version Retro Jersey S-3XL,https://minkang.x.yupoo.com/albums/212823513?uid=1,https://photo.yupoo.com/minkang/0399076f/big.jpg,https://photo.yupoo.com/minkang/e6b9d57d/big.jpg
Arsenal 12/13 Home Long Sleeve Player Version Retro Jersey S-3XL,https://minkang.x.yupoo.com/albums/212823310?uid=1,https://photo.yupoo.com/minkang/7e64b24f/big.jpg,https://photo.yupoo.com/minkang/91d9d656/big.jpg
M-U 22/23 Home Long Sleeve Player Version Retro Jersey S-3XL,https://minkang.x.yupoo.com/albums/212823178?uid=1,https://photo.yupoo.com/minkang/17f19f83/big.jpg,https://photo.yupoo.com/minkang/a439be55/big.jpg
M-U 06/07 Home Long Sleeve Player Version Retro Jersey S-3XL,https://minkang.x.yupoo.com/albums/212823041?uid=1,https://photo.yupoo.com/minkang/96dda2e1/big.jpg,https://photo.yupoo.com/minkang/232ee6e7/big.jpg
M-U 08/09 Third Away Long Sleeve Player Version Retro Jersey S-3XL,https://minkang.x.yupoo.com/albums/212823039?uid=1,https://photo.yupoo.com/minkang/1f38cede/big.jpg,https://photo.yupoo.com/minkang/34e2fc33/big.jpg
Arsenal 11/12 Away Long Sleeve Player Version Retro Jersey S-3XL,https://minkang.x.yupoo.com/albums/212823037?uid=1,https://photo.yupoo.com/minkang/b512c5ff/big.jpg,https://photo.yupoo.com/minkang/1fba9597/big.jpg
Manchester City 22/23 Home Player Version Retro Jersey S-3XL,https://minkang.x.yupoo.com/albums/212822667?uid=1,https://photo.yupoo.com/minkang/e938cd38/big.jpg,https://photo.yupoo.com/minkang/a92ea062/big.jpg
M-U 22/23 Home Player Version Retro Jersey S-3XL,https://minkang.x.yupoo.com/albums/212822672?uid=1,https://photo.yupoo.com/minkang/cc1ea288/big.jpg,https://photo.yupoo.com/minkang/4bfa2fe3/big.jpg
M-U 06/07 Home Player Version Retro Jersey S-3XL,https://minkang.x.yupoo.com/albums/212822665?uid=1,https://photo.yupoo.com/minkang/c16e03e0/big.jpg,https://photo.yupoo.com/minkang/5772a828/big.jpg
M-U 07/08 Home Player Version Retro Jersey S-3XL,https://minkang.x.yupoo.com/albums/212822194?uid=1,https://photo.yupoo.com/minkang/688dddd8/big.jpg,https://photo.yupoo.com/minkang/dd23e45a/big.jpg
M-U 12/13 Away Player Version Retro Jersey S-3XL,https://minkang.x.yupoo.com/albums/212822192?uid=1,https://photo.yupoo.com/minkang/60964d21/big.jpg,https://photo.yupoo.com/minkang/3d2ae7bf/big.jpg
M-U 06/07 Away Player Version Retro Jersey S-3XL,https://minkang.x.yupoo.com/albums/212822020?uid=1,https://photo.yupoo.com/minkang/4f1a328e/big.jpg,https://photo.yupoo.com/minkang/8fbeeaaa/big.jpg
Arsenal 11/12 Away Player Version Retro Jersey S-3XL,https://minkang.x.yupoo.com/albums/212821945?uid=1,https://photo.yupoo.com/minkang/bbbd9f2f/big.jpg,https://photo.yupoo.com/minkang/a7b8225a/big.jpg
Chelsea 97/99 Home Long Sleeve Retro Jersey S-XXL,https://minkang.x.yupoo.com/albums/212821686?uid=1,https://photo.yupoo.com/minkang/17aefa99/big.jpg,https://photo.yupoo.com/minkang/d364a476/big.jpg
M-U 05/06 Away Retro Jersey S-XXL,https://minkang.x.yupoo.com/albums/212821342?uid=1,https://photo.yupoo.com/minkang/f92b8168/big.jpg,https://photo.yupoo.com/minkang/02aff242/big.jpg
Arsenal 2010/11 Home Retro Jersey S-XXL,https://minkang.x.yupoo.com/albums/212821257?uid=1,https://photo.yupoo.com/minkang/c12206ed/big.jpg,https://photo.yupoo.com/minkang/7e16961f/big.jpg
Arsenal 2007/08 Third Away Retro Jersey S-XXL,https://minkang.x.yupoo.com/albums/212821199?uid=1,https://photo.yupoo.com/minkang/e4807cba/big.jpg,https://photo.yupoo.com/minkang/622d696e/big.jpg
LFC 04/05 Home Long Sleeve Retro Jersey S-XXL,https://minkang.x.yupoo.com/albums/212827270?uid=1,,
LFC 94/96 Third Away Retro Jersey S-XXL,https://minkang.x.yupoo.com/albums/212590632?uid=1,,
M-U 12/13 Home Retro Jersey S-XXL,https://minkang.x.yupoo.com/albums/212590229?uid=1,https://photo.yupoo.com/minkang/b6aa062e/big.jpg,https://photo.yupoo.com/minkang/2575d9dd/big.jpg
Retro long-sleeved 03/05 Chelsea away S-XXL,https://minkang.x.yupoo.com/albums/212589832?uid=1,https://photo.yupoo.com/minkang/7a578180/big.jpg,https://photo.yupoo.com/minkang/1ff8f21f/big.jpg
Arsenal 12/13 Home Retro Jersey S-XXL,https://minkang.x.yupoo.com/albums/212589770?uid=1,https://photo.yupoo.com/minkang/d3b9f6ba/big.jpg,https://photo.yupoo.com/minkang/3ed0f9db/big.jpg
LFC 06/07 Away Long Sleeve Retro Jersey S-XXL,https://minkang.x.yupoo.com/albums/212589727?uid=1,,
Arsenal 01/02 Home Long Sleeve Retro Jersey S-XXL,https://minkang.x.yupoo.com/albums/212589615?uid=1,https://photo.yupoo.com/minkang/3a15e1db/big.jpg,https://photo.yupoo.com/minkang/57806f07/big.jpg
Arsenal 06/07 Home Long Sleeve Retro Jersey S-XXL,https://minkang.x.yupoo.com/albums/212589545?uid=1,https://photo.yupoo.com/minkang/295e1ada/big.jpg,https://photo.yupoo.com/minkang/bfde940c/big.jpg
Arsenal 04/05 Home Long Sleeve Retro Jersey S-XXL,https://minkang.x.yupoo.com/albums/212589457?uid=1,https://photo.yupoo.com/minkang/70e35fb3/big.jpg,https://photo.yupoo.com/minkang/ae54bad4/big.jpg
M-U 00/01 Away Long Sleeve Retro Jersey S-XXL,https://minkang.x.yupoo.com/albums/212589396?uid=1,https://photo.yupoo.com/minkang/a47e2664/big.jpg,https://photo.yupoo.com/minkang/a9909e0c/big.jpg
LFC 06/07 Home Long Sleeve Retro Jersey S-XXL,https://minkang.x.yupoo.com/albums/212589295?uid=1,,
M-U 04/06 Home Long Sleeve Retro Jersey S-XXL,https://minkang.x.yupoo.com/albums/212589016?uid=1,https://photo.yupoo.com/minkang/ab3ebd3a/big.jpg,https://photo.yupoo.com/minkang/41566334/big.jpg
M-U 98/99 White Long Sleeve Retro Jersey S-XXL,https://minkang.x.yupoo.com/albums/212588853?uid=1,https://photo.yupoo.com/minkang/921300b3/big.jpg,https://photo.yupoo.com/minkang/77ac5cdc/big.jpg
LFC 10/11 Home Long Sleeve Retro Jersey S-XXL,https://minkang.x.yupoo.com/albums/212588801?uid=1,,
Chelsea 09/10 Home Long Sleeve Retro Jersey S-XXL,https://minkang.x.yupoo.com/albums/212588731?uid=1,https://photo.yupoo.com/minkang/617454fc/big.jpg,https://photo.yupoo.com/minkang/391e4412/big.jpg
M-U 98/99 2nd Away (Champions League Edition) Long Sleeve Retro Jersey S-XXL,https://minkang.x.yupoo.com/albums/212588672?uid=1,https://photo.yupoo.com/minkang/390c0a70/big.jpg,https://photo.yupoo.com/minkang/f2767480/big.jpg
M-U 2007 Goalkeeper Grey Long Sleeve Retro Jersey S-XXL,https://minkang.x.yupoo.com/albums/212585147?uid=1,https://photo.yupoo.com/minkang/02d3d737/big.jpg,https://photo.yupoo.com/minkang/b95eaf7b/big.jpg
LFC 09/10 Away Long Sleeve Retro Jersey S-XXL,https://minkang.x.yupoo.com/albums/212585079?uid=1,,
LFC 09/10 Away Retro Jersey S-XXL,https://minkang.x.yupoo.com/albums/212584478?uid=1,,
M-U 2007 Goalkeeper Grey Retro Jersey S-XXL,https://minkang.x.yupoo.com/albums/212583635?uid=1,https://photo.yupoo.com/minkang/15daa79b/big.jpg,https://photo.yupoo.com/minkang/1a5db858/big.jpg
Arsenal 12/13 Home Retro Jersey S-XXL,https://minkang.x.yupoo.com/albums/212583422?uid=1,https://photo.yupoo.com/minkang/4803bdef/big.jpg,https://photo.yupoo.com/minkang/0d81e5b3/big.jpg
Newcastle United 03/05 Home Retro Jersey S-XXL,https://minkang.x.yupoo.com/albums/212582879?uid=1,https://photo.yupoo.com/minkang/5d038c82/big.jpg,https://photo.yupoo.com/minkang/a96c778b/big.jpg
Arsenal 01/02 Home Retro Jersey S-XXL,https://minkang.x.yupoo.com/albums/212582579?uid=1,https://photo.yupoo.com/minkang/05357892/big.jpg,https://photo.yupoo.com/minkang/eda77906/big.jpg
Chelsea 09/10 Home Retro Jersey S-XXL,https://minkang.x.yupoo.com/albums/212581852?uid=1,https://photo.yupoo.com/minkang/1205f508/big.jpg,https://photo.yupoo.com/minkang/c82c2666/big.jpg
West Ham United 1999 Away (Iron Lady) Retro Jersey S-XXL,https://minkang.x.yupoo.com/albums/212580328?uid=1,https://photo.yupoo.com/minkang/1bc9f66c/big.jpg,https://photo.yupoo.com/minkang/6506660e/big.jpg
M-U 96/98 2nd Away Retro Jersey S-XXL,https://minkang.x.yupoo.com/albums/212580071?uid=1,https://photo.yupoo.com/minkang/0a49c78a/big.jpg,https://photo.yupoo.com/minkang/c3962f69/big.jpg
M-U 25/26 Away Jersey S-4XL,https://minkang.x.yupoo.com/albums/212579563?uid=1,https://photo.yupoo.com/minkang/40d1f981/big.jpg,https://photo.yupoo.com/minkang/b0062471/big.jpg
M-U 92/94 Goalkeeper Long Sleeve Retro Jersey S-XXL,https://minkang.x.yupoo.com/albums/212487461?uid=1,https://photo.yupoo.com/minkang/0b43e36d/big.jpg,https://photo.yupoo.com/minkang/28dacb50/big.jpg
M-U 92/94 Goalkeeper Long Sleeve Retro Jersey S-XXL,https://minkang.x.yupoo.com/albums/212487454?uid=1,https://photo.yupoo.com/minkang/11b08cb6/big.jpg,https://photo.yupoo.com/minkang/1607013f/big.jpg
Newcastle United 95/96 Goalkeeper Long Sleeve Retro Jersey S-XXL,https://minkang.x.yupoo.com/albums/212487452?uid=1,https://photo.yupoo.com/minkang/bc937687/big.jpg,https://photo.yupoo.com/minkang/fd1c29ac/big.jpg
Newcastle United 95/96 Goalkeeper Long Sleeve Retro Jersey S-XXL,https://minkang.x.yupoo.com/albums/212487427?uid=1,https://photo.yupoo.com/minkang/71c2a181/big.jpg,https://photo.yupoo.com/minkang/8dcdfedf/big.jpg
LFC 95/96 Goalkeeper Long Sleeve Retro Jersey S-XXL,https://minkang.x.yupoo.com/albums/212487370?uid=1,,
LFC 95/96 Goalkeeper Long Sleeve Retro Jersey S-XXL,https://minkang.x.yupoo.com/albums/212487308?uid=1,,
Newcastle United 96/97 City Edition Retro Jersey S-XXL,https://minkang.x.yupoo.com/albums/212485867?uid=1,https://photo.yupoo.com/minkang/634b3d83/big.jpg,https://photo.yupoo.com/minkang/88bc80ae/big.jpg
LFC 1979 Home Retro Jersey S-XXL,https://minkang.x.yupoo.com/albums/212485669?uid=1,,
Arsenal 25/26 Home Jersey S-4XL,https://minkang.x.yupoo.com/albums/212483949?uid=1,https://photo.yupoo.com/minkang/3c260e87/big.jpg,https://photo.yupoo.com/minkang/514be142/big.jpg
LFC 86/87 Home Long Sleeve Retro Jersey S-XXL,https://minkang.x.yupoo.com/albums/212483399?uid=1,,
Arsenal 2014 Anniversary Edition Retro Jersey S-XXL,https://minkang.x.yupoo.com/albums/212483150?uid=1,https://photo.yupoo.com/minkang/0e8fafa4/big.jpg,https://photo.yupoo.com/minkang/aa5f1d95/big.jpg
LFC 96/97 Home Retro Jersey S-XXL,https://minkang.x.yupoo.com/albums/212482223?uid=1,,
LFC 96/97 Away Retro Jersey S-XXL,https://minkang.x.yupoo.com/albums/212482162?uid=1,,
LFC 91/92 Away Retro Jersey S-XXL,https://minkang.x.yupoo.com/albums/212482083?uid=1,,
LFC 85/86 Away Retro Jersey S-XXL,https://minkang.x.yupoo.com/albums/212481674?uid=1,,
LFC 85/86 Home Retro Jersey S-XXL,https://minkang.x.yupoo.com/albums/212481450?uid=1,,
Retro Chelsea 89/91 home S-XXL,https://minkang.x.yupoo.com/albums/212468556?uid=1,https://photo.yupoo.com/minkang/7ab97725/big.jpg,https://photo.yupoo.com/minkang/e1695116/big.jpg
LFC 10/11 Home Retro Jersey S-XXL,https://minkang.x.yupoo.com/albums/212468213?uid=1,,
Retro LFC 19/20 Home S-4XL,https://minkang.x.yupoo.com/albums/212483815?uid=1,,
Manchester City 25/26 Away Jersey S-4XL,https://minkang.x.yupoo.com/albums/212394161?uid=1,https://photo.yupoo.com/minkang/b3f92203/big.jpg,https://photo.yupoo.com/minkang/1a970721/big.jpg
Arsenal 96/97 Home Retro Jersey S-XXL,https://minkang.x.yupoo.com/albums/212387102?uid=1,https://photo.yupoo.com/minkang/a418d5b4/big.jpg,https://photo.yupoo.com/minkang/1f354ce0/big.jpg
Arsenal 88/90 Home Retro Jersey S-XXL,https://minkang.x.yupoo.com/albums/212386544?uid=1,https://photo.yupoo.com/minkang/acfdbf8e/big.jpg,https://photo.yupoo.com/minkang/e415a58c/big.jpg
Arsenal 04/05 Home Retro Jersey S-XXL,https://minkang.x.yupoo.com/albums/212386295?uid=1,https://photo.yupoo.com/minkang/f764a799/big.jpg,https://photo.yupoo.com/minkang/2996402d/big.jpg
Arsenal 01/02 Home Retro Jersey S-XXL,https://minkang.x.yupoo.com/albums/212386002?uid=1,https://photo.yupoo.com/minkang/1eca635c/big.jpg,https://photo.yupoo.com/minkang/6cb2db72/big.jpg
Retro Arsenal 98/99 Home S-XXL,https://minkang.x.yupoo.com/albums/212384776?uid=1,https://photo.yupoo.com/minkang/95519226/big.jpg,https://photo.yupoo.com/minkang/5c00e068/big.jpg
Arsenal 01/02 Away Retro Jersey S-XXL,https://minkang.x.yupoo.com/albums/212384131?uid=1,https://photo.yupoo.com/minkang/990fdc1a/big.jpg,https://photo.yupoo.com/minkang/864b9c5a/big.jpg
West Ham United 99/01 Away Retro Jersey S-XXL,https://minkang.x.yupoo.com/albums/212383909?uid=1,https://photo.yupoo.com/minkang/b5b9914d/big.jpg,https://photo.yupoo.com/minkang/7e18f03a/big.jpg
M-U 03/05 Away Retro Jersey S-XXL,https://minkang.x.yupoo.com/albums/212383099?uid=1,https://photo.yupoo.com/minkang/cf667011/big.jpg,https://photo.yupoo.com/minkang/b0e19637/big.jpg
Tottenham Hotspur 95/97 Home Retro Jersey S-XXL,https://minkang.x.yupoo.com/albums/212382641?uid=1,https://photo.yupoo.com/minkang/5c9e5210/big.jpg,https://photo.yupoo.com/minkang/31715527/big.jpg
M-U 99/00 Away Retro Jersey S-XXL,https://minkang.x.yupoo.com/albums/212382043?uid=1,https://photo.yupoo.com/minkang/15045112/big.jpg,https://photo.yupoo.com/minkang/3a14c106/big.jpg
Newcastle United 1999/00 Home Retro Shirt S-XXL,https://minkang.x.yupoo.com/albums/212333341?uid=1,https://photo.yupoo.com/minkang/430c641b/big.jpg,https://photo.yupoo.com/minkang/82813cdf/big.jpg
Newcastle United 1997/98 Away Retro Shirt S-XXL,https://minkang.x.yupoo.com/albums/212333043?uid=1,https://photo.yupoo.com/minkang/bfda91f9/big.jpg,https://photo.yupoo.com/minkang/f94fb1f6/big.jpg
M-U 2019/20 Chinese Dragon Special Edition Retro Jersey S-XXL,https://minkang.x.yupoo.com/albums/212332982?uid=1,https://photo.yupoo.com/minkang/d4061882/big.jpg,https://photo.yupoo.com/minkang/672d0bf5/big.jpg
Newcastle United 2000/01 Away Retro Shirt S-XXL,https://minkang.x.yupoo.com/albums/212332909?uid=1,https://photo.yupoo.com/minkang/708a1643/big.jpg,https://photo.yupoo.com/minkang/84961c71/big.jpg
Chelsea 2014/15 Home Retro Jersey S-XXL,https://minkang.x.yupoo.com/albums/212332861?uid=1,https://photo.yupoo.com/minkang/8ea3c83f/big.jpg,https://photo.yupoo.com/minkang/f882388e/big.jpg
Chelsea 1999/01 Home Retro Jersey S-XXL,https://minkang.x.yupoo.com/albums/212329006?uid=1,https://photo.yupoo.com/minkang/75a969ca/big.jpg,https://photo.yupoo.com/minkang/5bd273d6/big.jpg
Tottenham Hotspur 1994/95 Away Retro Jersey S-XXL,https://minkang.x.yupoo.com/albums/212327576?uid=1,https://photo.yupoo.com/minkang/38dd0c8c/big.jpg,https://photo.yupoo.com/minkang/5405bad8/big.jpg
M-U 1996/97 Home Retro Jersey S-XXL,https://minkang.x.yupoo.com/albums/212327490?uid=1,https://photo.yupoo.com/minkang/a9f88830/big.jpg,https://photo.yupoo.com/minkang/e90c346f/big.jpg
LFC 1978/79 Home Retro Jersey S-XXL,https://minkang.x.yupoo.com/albums/212326589?uid=1,,
LFC 1976/77 Home Retro Jersey S-XXL,https://minkang.x.yupoo.com/albums/212326558?uid=1,,
LFC 1980/81 Home Retro Jersey S-XXL,https://minkang.x.yupoo.com/albums/212326533?uid=1,,
LFC 2010/11 Second Away Retro Jersey S-XXL,https://minkang.x.yupoo.com/albums/212326393?uid=1,,
Retro M-U 08/09 Champions League Away Edition S-XXL,https://minkang.x.yupoo.com/albums/212325802?uid=1,https://photo.yupoo.com/minkang/e976c1a8/big.jpg,https://photo.yupoo.com/minkang/7b769b6b/big.jpg
LFC  2004/05 Away Retro Jersey S-XXL,https://minkang.x.yupoo.com/albums/212325627?uid=1,,
LFC 2004/05 Home Retro Jersey S-XXL,https://minkang.x.yupoo.com/albums/212325565?uid=1,,
LFC 2000/01 Away Retro Jersey S-XXL,https://minkang.x.yupoo.com/albums/212325251?uid=1,,
LFC 2001/02 Away Retro Jersey S-XXL,https://minkang.x.yupoo.com/albums/212325178?uid=1,,
LFC 1986/87 Home Retro Jersey S-XXL,https://minkang.x.yupoo.com/albums/212325099?uid=1,,
LFC 1982/83 Home Retro Jersey S-XXL,https://minkang.x.yupoo.com/albums/212324997?uid=1,,
LFC 1992/93 Home Retro Jersey S-XXL,https://minkang.x.yupoo.com/albums/212324804?uid=1,,
LFC 1989/91 Away Retro Jersey S-XXL,https://minkang.x.yupoo.com/albums/212324764?uid=1,,
LFC 1993/95 Home Retro Jersey S-XXL,https://minkang.x.yupoo.com/albums/212324706?uid=1,,
LFC 1993/95 Away Retro Jersey S-XXL,https://minkang.x.yupoo.com/albums/212324659?uid=1,,
LFC 1995/96 Home Retro Jersey S-XXL,https://minkang.x.yupoo.com/albums/212324608?uid=1,,
LFC 1995/96 Away Retro Jersey S-XXL,https://minkang.x.yupoo.com/albums/212324558?uid=1,,
LFC 2006/08 Away Retro Jersey S-XXL,https://minkang.x.yupoo.com/albums/212324543?uid=1,,
LFC 1996/97 Retro Black Jersey S-XXL,https://minkang.x.yupoo.com/albums/212324046?uid=1,,
M-U 1988/90 Away Retro Jersey S-XXL,https://minkang.x.yupoo.com/albums/212323087?uid=1,https://photo.yupoo.com/minkang/3f213ede/big.jpg,https://photo.yupoo.com/minkang/97f78248/big.jpg
M-U 1984 Home Retro Jersey S-XXL,https://minkang.x.yupoo.com/albums/212322993?uid=1,https://photo.yupoo.com/minkang/85fdf028/big.jpg,https://photo.yupoo.com/minkang/fe52e914/big.jpg
M-U 1986/88 Away Retro Jersey S-XXL,https://minkang.x.yupoo.com/albums/212322907?uid=1,https://photo.yupoo.com/minkang/2adb8220/big.jpg,https://photo.yupoo.com/minkang/7f2bf884/big.jpg
M-U 1991 Away Retro Jersey S-4XL,https://minkang.x.yupoo.com/albums/212322826?uid=1,https://photo.yupoo.com/minkang/7a63c1e3/big.jpg,https://photo.yupoo.com/minkang/f2307dd1/big.jpg
M-U 1986/88 Home Retro Jersey S-XXL,https://minkang.x.yupoo.com/albums/212322750?uid=1,https://photo.yupoo.com/minkang/cefcff43/big.jpg,https://photo.yupoo.com/minkang/056756a6/big.jpg
M-U 2010/11 Away Champions League version  Retro Jersey S-XXL,https://minkang.x.yupoo.com/albums/212322693?uid=1,https://photo.yupoo.com/minkang/65e92d70/big.jpg,https://photo.yupoo.com/minkang/0e012048/big.jpg
LFC 2018/19 Home Retro Jersey S-XXL,https://minkang.x.yupoo.com/albums/212322646?uid=1,,
LFC 2000/01 Home Retro Jersey S-XXL,https://minkang.x.yupoo.com/albums/212322615?uid=1,,
LFC 1998 Away Retro Jersey S-XXL,https://minkang.x.yupoo.com/albums/212322559?uid=1,,
LFC 2005/06 Home Retro Jersey S-XXL,https://minkang.x.yupoo.com/albums/212322529?uid=1,,
LFC 2006/07 Home Retro Jersey S-XXL,https://minkang.x.yupoo.com/albums/212322508?uid=1,,
LFC 1989/91 Home Retro Jersey S-XXL,https://minkang.x.yupoo.com/albums/212322470?uid=1,,
LFC 2014/15 Home Retro Jersey S-XXL,https://minkang.x.yupoo.com/albums/212322427?uid=1,,
M-U 1994/96 2nd Away Retro Jersey S-XXL,https://minkang.x.yupoo.com/albums/212322292?uid=1,https://photo.yupoo.com/minkang/31821bd9/big.jpg,https://photo.yupoo.com/minkang/90b1dab4/big.jpg
Chelsea 2011/12 Home UEFA Champions League long sleeve Retro Jersey S-XXL,https://minkang.x.yupoo.com/albums/212321772?uid=1,https://photo.yupoo.com/minkang/4a2241d4/big.jpg,https://photo.yupoo.com/minkang/73e20172/big.jpg
M-U 08/09 Third Away Long Sleeve Retro Jersey S-XXL,https://minkang.x.yupoo.com/albums/212321735?uid=1,https://photo.yupoo.com/minkang/f6b03bfe/big.jpg,https://photo.yupoo.com/minkang/4f51bbd7/big.jpg
M-U 1999/00 Home Long Sleeve Retro Jersey S-XXL,https://minkang.x.yupoo.com/albums/212321699?uid=1,https://photo.yupoo.com/minkang/caa43fe7/big.jpg,https://photo.yupoo.com/minkang/6094dc6a/big.jpg
LFC 1986/87 Home Retro Jersey S-XXL,https://minkang.x.yupoo.com/albums/212320640?uid=1,,
Retro long sleeve M-U 07/08 black S-XXL,https://minkang.x.yupoo.com/albums/212320118?uid=1,https://photo.yupoo.com/minkang/a5840060/big.jpg,https://photo.yupoo.com/minkang/17195479/big.jpg
LFC 1993/95 home long sleevev Retro Jersey S-XXL,https://minkang.x.yupoo.com/albums/212319991?uid=1,,
M-U 2010 Home Long Sleeve Retro Jersey S-XXL,https://minkang.x.yupoo.com/albums/212318457?uid=1,https://photo.yupoo.com/minkang/46aafde5/big.jpg,https://photo.yupoo.com/minkang/6316ed6d/big.jpg
M-U 1994/96 Home Long Sleeve Retro Jersey S-XXL,https://minkang.x.yupoo.com/albums/212312504?uid=1,https://photo.yupoo.com/minkang/5b59bfd1/big.jpg,https://photo.yupoo.com/minkang/5ccc9398/big.jpg
Retro Long Sleeve M-U 90/92 Away S-XXL,https://minkang.x.yupoo.com/albums/212312353?uid=1,https://photo.yupoo.com/minkang/bbfeff88/big.jpg,https://photo.yupoo.com/minkang/79875aa0/big.jpg
M-U 1986/88 Second Away Long Sleeve Retro Jersey S-XXL,https://minkang.x.yupoo.com/albums/212312139?uid=1,https://photo.yupoo.com/minkang/f20dee55/big.jpg,https://photo.yupoo.com/minkang/b57f2c01/big.jpg
M-U 1986/88 Second Away Long Sleeve Retro Jersey S-XXL,https://minkang.x.yupoo.com/albums/212311969?uid=1,https://photo.yupoo.com/minkang/ce13d08d/big.jpg,https://photo.yupoo.com/minkang/e01fadb9/big.jpg
M-U 1998/99 Away Long Sleeve Retro Jersey S-XXL,https://minkang.x.yupoo.com/albums/212311369?uid=1,https://photo.yupoo.com/minkang/c7e630d0/big.jpg,https://photo.yupoo.com/minkang/91d30396/big.jpg
M-U 1998/99 Black Long Sleeve Retro Jersey S-XXL,https://minkang.x.yupoo.com/albums/212311148?uid=1,https://photo.yupoo.com/minkang/78e1affc/big.jpg,https://photo.yupoo.com/minkang/1d83f07d/big.jpg
M-U 2010/11 Home Long Sleeve Retro Jersey S-XXL,https://minkang.x.yupoo.com/albums/212310566?uid=1,https://photo.yupoo.com/minkang/5a83823d/big.jpg,https://photo.yupoo.com/minkang/a786698a/big.jpg
M-U 2008/09 Away Champions League Edition Long Sleeve Retro Jersey S-XXL,https://minkang.x.yupoo.com/albums/212310438?uid=1,https://photo.yupoo.com/minkang/46996e15/big.jpg,https://photo.yupoo.com/minkang/0c5c8da5/big.jpg
M-U 1998/99 Goalkeeper - Green Long Sleeve Retro Jersey S-XXL,https://minkang.x.yupoo.com/albums/212309755?uid=1,https://photo.yupoo.com/minkang/e42cdaf5/big.jpg,https://photo.yupoo.com/minkang/663d86b8/big.jpg
M-U 2003/05 Away Long Sleeve Retro Jersey S-XXL,https://minkang.x.yupoo.com/albums/212308817?uid=1,https://photo.yupoo.com/minkang/90cae354/big.jpg,https://photo.yupoo.com/minkang/4ca5817b/big.jpg
Manchester United 25/26 Player Version Away Jersey S-4XL,https://minkang.x.yupoo.com/albums/212308460?uid=1,https://photo.yupoo.com/minkang/d1477a77/big.jpg,https://photo.yupoo.com/minkang/638e7895/big.jpg
M-U 25/26 Home Player Version Jersey S-4XL,https://minkang.x.yupoo.com/albums/212308456?uid=1,https://photo.yupoo.com/minkang/d910a810/big.jpg,https://photo.yupoo.com/minkang/bfaa044d/big.jpg
25/26 Player Tottenham Away S-XXL,https://minkang.x.yupoo.com/albums/212258814?uid=1,https://photo.yupoo.com/minkang/75f27ded/big.jpg,https://photo.yupoo.com/minkang/b4c36f72/big.jpg
Chelsea 25/26 player version Home Jersey S-4XL,https://minkang.x.yupoo.com/albums/212258376?uid=1,https://photo.yupoo.com/minkang/edce41de/big.jpg,https://photo.yupoo.com/minkang/7ee8d8ab/big.jpg
LFC 95/96 Home Retro Jersey S-4XL,https://minkang.x.yupoo.com/albums/212255861?uid=1,,
25/26 Arsenal Retro Special Edition Red S-4XL,https://minkang.x.yupoo.com/albums/212192683?uid=1,https://photo.yupoo.com/minkang/ea8203b3/big.jpg,https://photo.yupoo.com/minkang/04513a2e/big.jpg
25/26 M-U Home S-4XL,https://minkang.x.yupoo.com/albums/212192587?uid=1,https://photo.yupoo.com/minkang/54656b61/big.jpg,https://photo.yupoo.com/minkang/3d75751b/big.jpg
Retro 98/99 M-U home S-4XL,https://minkang.x.yupoo.com/albums/212192349?uid=1,https://photo.yupoo.com/minkang/1f71ae10/big.jpg,https://photo.yupoo.com/minkang/c629e8c9/big.jpg
25/26 Manchester City Home S-4XL,https://minkang.x.yupoo.com/albums/212192288?uid=1,https://photo.yupoo.com/minkang/b9c0a7ea/big.jpg,https://photo.yupoo.com/minkang/3ebd6f43/big.jpg
25/26 Manchester City third away S-4XL,https://minkang.x.yupoo.com/albums/211961432?uid=1,https://photo.yupoo.com/minkang/70986ddf/big.jpg,https://photo.yupoo.com/minkang/23ccf031/big.jpg
25/26 Manchester City Special Edition S-4XL,https://minkang.x.yupoo.com/albums/211961360?uid=1,https://photo.yupoo.com/minkang/60a650ab/big.jpg,https://photo.yupoo.com/minkang/ea1b1123/big.jpg
25/26 Manchester City Away S-4XL,https://minkang.x.yupoo.com/albums/211961320?uid=1,https://photo.yupoo.com/minkang/87a20f1d/big.jpg,https://photo.yupoo.com/minkang/a6380eef/big.jpg
25/26 Tottenham away S-4XL,https://minkang.x.yupoo.com/albums/211961252?uid=1,https://photo.yupoo.com/minkang/5d95f449/big.jpg,https://photo.yupoo.com/minkang/593bb9da/big.jpg
25/26 Tottenham Home S-4XL,https://minkang.x.yupoo.com/albums/211961185?uid=1,https://photo.yupoo.com/minkang/9edbe2ff/big.jpg,https://photo.yupoo.com/minkang/2854ccee/big.jpg
25/26 M-U Away S-4XL,https://minkang.x.yupoo.com/albums/211961096?uid=1,https://photo.yupoo.com/minkang/99697c9d/big.jpg,https://photo.yupoo.com/minkang/63326105/big.jpg
25/26 Arsenal Away S-XXL,https://minkang.x.yupoo.com/albums/211961043?uid=1,https://photo.yupoo.com/minkang/a5a45c5a/big.jpg,https://photo.yupoo.com/minkang/e2fc4bc1/big.jpg
25/26 Newcastle United Home S-4XL,https://minkang.x.yupoo.com/albums/211960803?uid=1,https://photo.yupoo.com/minkang/2193a2ce/big.jpg,https://photo.yupoo.com/minkang/25d01cdf/big.jpg
25/26 Manchester City away S-4XL,https://minkang.x.yupoo.com/albums/211959441?uid=1,https://photo.yupoo.com/minkang/0fa1ee44/big.jpg,https://photo.yupoo.com/minkang/bd4e6fbc/big.jpg
25/26 Chelsea Home S-4XL,https://minkang.x.yupoo.com/albums/211959333?uid=1,https://photo.yupoo.com/minkang/ff7e916d/big.jpg,https://photo.yupoo.com/minkang/94abe282/big.jpg
Retro 99/00 M-U home S-4XL,https://minkang.x.yupoo.com/albums/211563666?uid=1,https://photo.yupoo.com/minkang/dba36fab/big.jpg,https://photo.yupoo.com/minkang/e400e39a/big.jpg
Retro FLC 99/00 Home S-4XL,https://minkang.x.yupoo.com/albums/211563634?uid=1,https://photo.yupoo.com/minkang/5b379771/big.jpeg,https://photo.yupoo.com/minkang/5972f63a/big.jpeg
25/26 Napoli training jersey blue S-3XL,https://minkang.x.yupoo.com/albums/210982836?uid=1,https://photo.yupoo.com/minkang/deac273c/big.jpg,https://photo.yupoo.com/minkang/82bbf3a5/big.jpg
25/26 Riyadh Victory Training Jersey Royal Blue S-3XL,https://minkang.x.yupoo.com/albums/210982788?uid=1,https://photo.yupoo.com/minkang/20cd04e6/big.jpg,https://photo.yupoo.com/minkang/52d00615/big.jpg
25/26 Leeds United training jersey royal blue S-3XL,https://minkang.x.yupoo.com/albums/210982751?uid=1,https://photo.yupoo.com/minkang/10364893/big.jpg,https://photo.yupoo.com/minkang/8f0b78f0/big.jpg
25/26 Leeds United training jersey royal blue S-3XL,https://minkang.x.yupoo.com/albums/210982744?uid=1,https://photo.yupoo.com/minkang/68cb6c70/big.jpg,https://photo.yupoo.com/minkang/0b8207f7/big.jpg
25/26 Newcastle United training jersey grey S-3XL,https://minkang.x.yupoo.com/albums/210982648?uid=1,https://photo.yupoo.com/minkang/9747777b/big.jpg,https://photo.yupoo.com/minkang/0f16d45f/big.jpg
25/26 Nottingham Forest training jersey red S-3XL,https://minkang.x.yupoo.com/albums/210982631?uid=1,https://photo.yupoo.com/minkang/c32a0cbb/big.jpg,https://photo.yupoo.com/minkang/bee7095c/big.jpg
25/26 Nottingham Forest training jersey red S-3XL,https://minkang.x.yupoo.com/albums/210982623?uid=1,https://photo.yupoo.com/minkang/5a22ded2/big.jpg,https://photo.yupoo.com/minkang/bebb3c0e/big.jpg
25/26 M-U Training Suit White S-3XL,https://minkang.x.yupoo.com/albums/210982549?uid=1,https://photo.yupoo.com/minkang/44d57e0d/big.jpg,https://photo.yupoo.com/minkang/8b883208/big.jpg
25/26 M-U Training Suit Purple S-3XL,https://minkang.x.yupoo.com/albums/210982534?uid=1,https://photo.yupoo.com/minkang/d8af394d/big.jpg,https://photo.yupoo.com/minkang/5872e6f8/big.jpg
25/26 M-U Training Suit Purple S-3XL,https://minkang.x.yupoo.com/albums/210982525?uid=1,https://photo.yupoo.com/minkang/b26a5284/big.jpg,https://photo.yupoo.com/minkang/159e20f6/big.jpg
25/26 Aston Villa training jersey light green S-3XL,https://minkang.x.yupoo.com/albums/210982495?uid=1,https://photo.yupoo.com/minkang/a4076ba9/big.jpg,https://photo.yupoo.com/minkang/5dc35ced/big.jpg
25/26 Arsenal training jersey white S-3XL,https://minkang.x.yupoo.com/albums/210982471?uid=1,https://photo.yupoo.com/minkang/7b11af39/big.jpg,https://photo.yupoo.com/minkang/5e8a0cc3/big.jpg
25/26 Arsenal training suit navy blue S-3XL,https://minkang.x.yupoo.com/albums/210982452?uid=1,https://photo.yupoo.com/minkang/50d5111a/big.jpg,https://photo.yupoo.com/minkang/b773e668/big.jpg
25/26 Arsenal training suit navy blue S-3XL,https://minkang.x.yupoo.com/albums/210982437?uid=1,https://photo.yupoo.com/minkang/52744fc6/big.jpg,https://photo.yupoo.com/minkang/29399a9c/big.jpg
25/26 Aston Villa training suit pink S-3XL,https://minkang.x.yupoo.com/albums/210982276?uid=1,https://photo.yupoo.com/minkang/b45c3298/big.jpg,https://photo.yupoo.com/minkang/93b81541/big.jpg
25/26 Aston Villa training suit pink S-3XL,https://minkang.x.yupoo.com/albums/210982260?uid=1,https://photo.yupoo.com/minkang/4ddb38d1/big.jpg,https://photo.yupoo.com/minkang/a53ddc28/big.jpg
25/26 West Ham United Training Red S-3XL,https://minkang.x.yupoo.com/albums/210982004?uid=1,https://photo.yupoo.com/minkang/e784df17/big.jpg,https://photo.yupoo.com/minkang/c98d7989/big.jpg
25/26 West Ham United training beige S-3XL,https://minkang.x.yupoo.com/albums/210981984?uid=1,https://photo.yupoo.com/minkang/4ee69f59/big.jpg,https://photo.yupoo.com/minkang/fbe9cee3/big.jpg
25/26 West Ham United training beige S-3XL,https://minkang.x.yupoo.com/albums/210981973?uid=1,https://photo.yupoo.com/minkang/0f827958/big.jpg,https://photo.yupoo.com/minkang/b902ad08/big.jpg
25/26 Fulham Training Jersey sapphire S-3XL,https://minkang.x.yupoo.com/albums/210981922?uid=1,https://photo.yupoo.com/minkang/b553d1da/big.jpg,https://photo.yupoo.com/minkang/ceb0e6bb/big.jpg
25/26 Fulham Training Jersey sapphire S-3XL,https://minkang.x.yupoo.com/albums/210981910?uid=1,https://photo.yupoo.com/minkang/89f71adf/big.jpeg,https://photo.yupoo.com/minkang/d0892302/big.jpeg
25/26 Chelsea training suit black S-3XL,https://minkang.x.yupoo.com/albums/210981870?uid=1,https://photo.yupoo.com/minkang/5754c7c4/big.jpeg,https://photo.yupoo.com/minkang/0bbd0f08/big.jpeg
25/26 M-U Training Suit Blue S-3XL,https://minkang.x.yupoo.com/albums/210981839?uid=1,https://photo.yupoo.com/minkang/73749608/big.jpeg,https://photo.yupoo.com/minkang/9fbc40c7/big.jpeg
25/26 West Ham United Home S-4XL,https://minkang.x.yupoo.com/albums/210323882?uid=1,https://photo.yupoo.com/minkang/b8bfbe17/big.jpeg,https://photo.yupoo.com/minkang/30f461a4/big.jpeg
25/26 West Ham United away S-4XL,https://minkang.x.yupoo.com/albums/210323878?uid=1,https://photo.yupoo.com/minkang/4af20eda/big.jpg,https://photo.yupoo.com/minkang/f6577019/big.jpg
25/26 Nottingham Forest Away S-4XL,https://minkang.x.yupoo.com/albums/210323875?uid=1,https://photo.yupoo.com/minkang/6e37ca1d/big.jpg,https://photo.yupoo.com/minkang/5dab70e3/big.jpg
25/26 Aston Villa third away S-4XL,https://minkang.x.yupoo.com/albums/210323859?uid=1,https://photo.yupoo.com/minkang/e290223e/big.jpeg,https://photo.yupoo.com/minkang/1c6179ea/big.jpeg
25/26 Leeds United away S-4XL,https://minkang.x.yupoo.com/albums/210323847?uid=1,https://photo.yupoo.com/minkang/96254120/big.jpg,https://photo.yupoo.com/minkang/7cb004cf/big.jpg
25/26 Fulham Home S-4XL,https://minkang.x.yupoo.com/albums/210323841?uid=1,https://photo.yupoo.com/minkang/83919e61/big.jpg,https://photo.yupoo.com/minkang/a8687b40/big.jpg
25/26 West Ham United third away S-4XL,https://minkang.x.yupoo.com/albums/210081228?uid=1,https://photo.yupoo.com/minkang/9919ab27/big.jpeg,https://photo.yupoo.com/minkang/8bd08cd2/big.jpeg
25/26 Wolves Home S-4XL,https://minkang.x.yupoo.com/albums/210081223?uid=1,https://photo.yupoo.com/minkang/f6b2e8d2/big.jpg,https://photo.yupoo.com/minkang/a599f50e/big.jpg
25/26 Player Aston Villa Home S-XXL,https://minkang.x.yupoo.com/albums/209263387?uid=1,https://photo.yupoo.com/minkang/61abb379/big.jpg,https://photo.yupoo.com/minkang/1116b14e/big.jpg
2025 Chelsea Baseball Jersey S-XXL,https://minkang.x.yupoo.com/albums/209106924?uid=1,https://photo.yupoo.com/minkang/6b6474db/big.jpeg,https://photo.yupoo.com/minkang/e878efd2/big.jpeg
25/26 Player Fulham Home S-XXL,https://minkang.x.yupoo.com/albums/209087555?uid=1,https://photo.yupoo.com/minkang/ae97e0b2/big.jpeg,https://photo.yupoo.com/minkang/0e275882/big.jpeg
25/26 Kids Tottenham Home Size: 16-28,https://minkang.x.yupoo.com/albums/208825394?uid=1,https://photo.yupoo.com/minkang/88ecc09c/big.jpg,https://photo.yupoo.com/minkang/93372ca8/big.jpg
25/26 Brighton Home S-4XL,https://minkang.x.yupoo.com/albums/206691614?uid=1,https://photo.yupoo.com/minkang/3bc9ed13/big.jpg,https://photo.yupoo.com/minkang/9a761348/big.jpg
25/26 Newcastle United away S-4XL,https://minkang.x.yupoo.com/albums/206691525?uid=1,https://photo.yupoo.com/minkang/2b27579f/big.jpg,https://photo.yupoo.com/minkang/7dee7e10/big.jpg
25/26 Player Arsenal Away S-3XL,https://minkang.x.yupoo.com/albums/206461461?uid=1,https://photo.yupoo.com/minkang/9193c667/big.jpg,https://photo.yupoo.com/minkang/7bb12a6a/big.jpg
25/26 Arsenal Baseball Jersey S-4XL,https://minkang.x.yupoo.com/albums/206447975?uid=1,https://photo.yupoo.com/minkang/b1dc3f46/big.jpg,https://photo.yupoo.com/minkang/6c2869d3/big.jpg
25/26 Newcastle United third away game  S-4XL,https://minkang.x.yupoo.com/albums/206314270?uid=1,https://photo.yupoo.com/minkang/7fad6c8d/big.jpg,https://photo.yupoo.com/minkang/fa549d89/big.jpg
25/26 Everton Home S-X4L,https://minkang.x.yupoo.com/albums/203669152?uid=1,https://photo.yupoo.com/minkang/8495447f/big.jpg,https://photo.yupoo.com/minkang/b85eb463/big.jpg
25/26 Leeds United Home S-4XL,https://minkang.x.yupoo.com/albums/203668786?uid=1,https://photo.yupoo.com/minkang/52f1b28f/big.jpeg,https://photo.yupoo.com/minkang/d6416ccf/big.jpeg
25/26 Aston Villa Home S-4XL,https://minkang.x.yupoo.com/albums/201770330?uid=1,https://photo.yupoo.com/minkang/f4f4d6bd/big.jpg,https://photo.yupoo.com/minkang/1d20fa0d/big.jpg
25/26  Aston Villa Away S-4XL,https://minkang.x.yupoo.com/albums/201770282?uid=1,https://photo.yupoo.com/minkang/dbe22446/big.jpg,https://photo.yupoo.com/minkang/aa0314bb/big.jpg
Retro Tottenham 95/97 Away S-XXL,https://minkang.x.yupoo.com/albums/201768258?uid=1,https://photo.yupoo.com/minkang/59b15e79/big.jpg,https://photo.yupoo.com/minkang/8bb75cc6/big.jpg
Retro Tottenham 09/10 Home S-XXL,https://minkang.x.yupoo.com/albums/201768237?uid=1,https://photo.yupoo.com/minkang/23deff83/big.jpg,https://photo.yupoo.com/minkang/ef289108/big.jpg
Retro Manchester City 19/20 Home S-XXL,https://minkang.x.yupoo.com/albums/201768228?uid=1,https://photo.yupoo.com/minkang/3cbc3148/big.jpg,https://photo.yupoo.com/minkang/904de086/big.jpg
Retro Arsenal 11/12 Away S-XXL,https://minkang.x.yupoo.com/albums/201768216?uid=1,https://photo.yupoo.com/minkang/821e13ec/big.jpg,https://photo.yupoo.com/minkang/c7c8030c/big.jpg
Retro M-U 19/20 Away S-XXL,https://minkang.x.yupoo.com/albums/201768204?uid=1,https://photo.yupoo.com/minkang/7b9083ab/big.jpg,https://photo.yupoo.com/minkang/84cd74f5/big.jpg
Retro Long Sleeve M-U 13/14 Black S-XXL,https://minkang.x.yupoo.com/albums/201768189?uid=1,https://photo.yupoo.com/minkang/c785899e/big.jpg,https://photo.yupoo.com/minkang/0570e337/big.jpg
Retro Long Sleeve M-U 92/94 Home S-XXL,https://minkang.x.yupoo.com/albums/201768161?uid=1,https://photo.yupoo.com/minkang/de2ae8d2/big.jpg,https://photo.yupoo.com/minkang/d09fc9c3/big.jpg
Retro Long Sleeve M-U 13/14 Home S-XXL,https://minkang.x.yupoo.com/albums/201768123?uid=1,https://photo.yupoo.com/minkang/73c56df4/big.jpg,https://photo.yupoo.com/minkang/58c17fa5/big.jpg
Retro Arsenal 14/15 Home S-XXL,https://minkang.x.yupoo.com/albums/200463116?uid=1,https://photo.yupoo.com/minkang/45b82641/big.jpg,https://photo.yupoo.com/minkang/6bdbf32a/big.jpg
kids M-U 97/98 away size: 16-28,https://minkang.x.yupoo.com/albums/199559246?uid=1,https://photo.yupoo.com/minkang/2f30065e/big.jpeg,https://photo.yupoo.com/minkang/945fefb1/big.jpeg
25/26 Player M-U Away S-4XL,https://minkang.x.yupoo.com/albums/199559157?uid=1,https://photo.yupoo.com/minkang/21e863ee/big.jpg,https://photo.yupoo.com/minkang/4732691d/big.jpg
25/26 Player Manchester City Home S-4XL,https://minkang.x.yupoo.com/albums/199559140?uid=1,https://photo.yupoo.com/minkang/57d26963/big.jpg,https://photo.yupoo.com/minkang/5808520b/big.jpg
25/26 Player Arsenal Home S-4XL,https://minkang.x.yupoo.com/albums/199559121?uid=1,https://photo.yupoo.com/minkang/1b51efcc/big.jpg,https://photo.yupoo.com/minkang/ffdf47f1/big.jpg
25/26 kids M-U third away size 16-28,https://minkang.x.yupoo.com/albums/199190481?uid=1,https://photo.yupoo.com/minkang/ac495254/big.jpg,https://photo.yupoo.com/minkang/87e4dd29/big.jpg
Retro 05/06 Newcastle United Away S-XXL,https://minkang.x.yupoo.com/albums/198589539?uid=1,https://photo.yupoo.com/minkang/d272db03/big.jpg,https://photo.yupoo.com/minkang/81ffff93/big.jpg
25/26  kids Arsenal home size: 16-28,https://minkang.x.yupoo.com/albums/198586999?uid=1,https://photo.yupoo.com/minkang/7ba67e70/big.jpg,https://photo.yupoo.com/minkang/bd5018eb/big.jpg
25/26 Newcastle United Special Edition S-4XL,https://minkang.x.yupoo.com/albums/196991072?uid=1,https://photo.yupoo.com/minkang/f89e53c7/big.jpeg,https://photo.yupoo.com/minkang/f56a2155/big.jpeg
25/26 Celtics Away S-4XL,https://minkang.x.yupoo.com/albums/194269662?uid=1,https://photo.yupoo.com/minkang/2f874bf6/big.jpeg,https://photo.yupoo.com/minkang/726e8c0b/big.jpeg
Retro Tottenham 97/99 Home S-XXL,https://minkang.x.yupoo.com/albums/193323913?uid=1,https://photo.yupoo.com/minkang/8c56ae16/big.jpg,https://photo.yupoo.com/minkang/40e054d6/big.jpg
Retro Manchester City 13/14 Home S-XXL,https://minkang.x.yupoo.com/albums/193323833?uid=1,https://photo.yupoo.com/minkang/09392ea2/big.jpg,https://photo.yupoo.com/minkang/718df803/big.jpg
Retro Manchester City 13/14 Third Away S-XXL,https://minkang.x.yupoo.com/albums/193323815?uid=1,https://photo.yupoo.com/minkang/e9e3b9f6/big.jpg,https://photo.yupoo.com/minkang/125c37cb/big.jpg
Retro M-U 08/09 Champions League Away Edition S-XXL,https://minkang.x.yupoo.com/albums/193323272?uid=1,https://photo.yupoo.com/minkang/a3e2092c/big.jpg,https://photo.yupoo.com/minkang/49d9da72/big.jpg
Retro Goalkeeper Arsenal 94/95 S-XXL,https://minkang.x.yupoo.com/albums/193040549?uid=1,https://photo.yupoo.com/minkang/ae39c1eb/big.jpg,https://photo.yupoo.com/minkang/d4cce277/big.jpg
98/99 Player M-U Special Edition S-XXL,https://minkang.x.yupoo.com/albums/193039822?uid=1,https://photo.yupoo.com/minkang/e5524e07/big.jpeg,https://photo.yupoo.com/minkang/74acb35a/big.jpeg
Retro Arsenal 07/08 Away S-XXL,https://minkang.x.yupoo.com/albums/192385415?uid=1,https://photo.yupoo.com/minkang/ad812b0f/big.jpg,https://photo.yupoo.com/minkang/b1aa0f95/big.jpg
Retro M-U 10/11 Away S-XXL,https://minkang.x.yupoo.com/albums/192385338?uid=1,https://photo.yupoo.com/minkang/665b8492/big.jpeg,https://photo.yupoo.com/minkang/d0f92075/big.jpeg
Retro M-U 10/11 Home S-XXL,https://minkang.x.yupoo.com/albums/192385313?uid=1,https://photo.yupoo.com/minkang/ab2c05f6/big.jpg,https://photo.yupoo.com/minkang/d3c1078f/big.jpg
Retro Aston Villa 11/12 Home S-XXL,https://minkang.x.yupoo.com/albums/192384533?uid=1,https://photo.yupoo.com/minkang/396e80cb/big.jpeg,https://photo.yupoo.com/minkang/54781eec/big.jpeg
Retro Arsenal 04/05 Away S-XXL,https://minkang.x.yupoo.com/albums/192174206?uid=1,https://photo.yupoo.com/minkang/18d6f9bf/big.jpg,https://photo.yupoo.com/minkang/ddfa423a/big.jpg
25/26 Players Tottenham Home S-XXL,https://minkang.x.yupoo.com/albums/191697654?uid=1,https://photo.yupoo.com/minkang/4593afc7/big.jpg,https://photo.yupoo.com/minkang/037c3195/big.jpg
25/26 Player Chelsea Away S-XXL,https://minkang.x.yupoo.com/albums/191697535?uid=1,https://photo.yupoo.com/minkang/1148ff08/big.jpg,https://photo.yupoo.com/minkang/39902afc/big.jpg
Retro  Chelsea 06/07 home S-XXL,https://minkang.x.yupoo.com/albums/190514334?uid=1,https://photo.yupoo.com/minkang/dd47c135/big.jpg,https://photo.yupoo.com/minkang/ebbdcc1d/big.jpg
Retro Long sleeve Chelsea 06/07 home S-XXL,https://minkang.x.yupoo.com/albums/190513115?uid=1,https://photo.yupoo.com/minkang/1987fe3b/big.jpg,https://photo.yupoo.com/minkang/c51e83f0/big.jpg
Retro Chelsea 11/12 third away S-XXL,https://minkang.x.yupoo.com/albums/190512686?uid=1,https://photo.yupoo.com/minkang/61f3efb9/big.jpg,https://photo.yupoo.com/minkang/0f92905f/big.jpg
Retro 18/19 M-U home S-XXL,https://minkang.x.yupoo.com/albums/190511527?uid=1,https://photo.yupoo.com/minkang/87963b96/big.jpg,https://photo.yupoo.com/minkang/45e14fd3/big.jpg
25/26 kids Manchester City home size: 16-28,https://minkang.x.yupoo.com/albums/190509359?uid=1,https://photo.yupoo.com/minkang/b80a8d89/big.jpg,https://photo.yupoo.com/minkang/380afecc/big.jpg
25/26 Player Chelsea Home S-4XL,https://minkang.x.yupoo.com/albums/190492872?uid=1,https://photo.yupoo.com/minkang/4f556f0d/big.jpg,https://photo.yupoo.com/minkang/06c362e4/big.jpg
Retro  M-U 00/01 away S-XXL,https://minkang.x.yupoo.com/albums/189379060?uid=1,https://photo.yupoo.com/minkang/b9bee27d/big.jpg,https://photo.yupoo.com/minkang/ccb88b47/big.jpg
25/26 Tottenham Pre-match clothing S-4XL,https://minkang.x.yupoo.com/albums/189342777?uid=1,https://photo.yupoo.com/minkang/b9940fb4/big.jpg,https://photo.yupoo.com/minkang/4bbabfd2/big.jpg
25/26 Chelsea third away S-4XL,https://minkang.x.yupoo.com/albums/189342284?uid=1,https://photo.yupoo.com/minkang/5251315e/big.jpg,https://photo.yupoo.com/minkang/16ae4464/big.jpg
Retro 98/99 M-U Black S-XXL,https://minkang.x.yupoo.com/albums/184675148?uid=1,https://photo.yupoo.com/minkang/ef532d51/big.jpg,https://photo.yupoo.com/minkang/800d1f21/big.jpg
Retro Southampton 15/16 Home S-XXL,https://minkang.x.yupoo.com/albums/188799410?uid=1,https://photo.yupoo.com/minkang/75ebd7c7/big.jpg,https://photo.yupoo.com/minkang/720e27d9/big.jpg
Retro 98/99 M-U Commemorative Edition S-XXL,https://minkang.x.yupoo.com/albums/188799034?uid=1,https://photo.yupoo.com/minkang/a16a14ff/big.jpg,https://photo.yupoo.com/minkang/03a8045d/big.jpg
Retro 94/95 Arsenal away S-XXL,https://minkang.x.yupoo.com/albums/186520656?uid=1,https://photo.yupoo.com/minkang/d07a6a35/big.jpg,https://photo.yupoo.com/minkang/3f053734/big.jpg
25/26 Aston Villa 125th Anniversary Black S-4XL,https://minkang.x.yupoo.com/albums/185960821?uid=1,https://photo.yupoo.com/minkang/1493d0b1/big.jpg,https://photo.yupoo.com/minkang/11a6ad80/big.jpg
Retro Arsenal 19/20 Home S-XXL,https://minkang.x.yupoo.com/albums/184675096?uid=1,https://photo.yupoo.com/minkang/9ddc3b83/big.jpg,https://photo.yupoo.com/minkang/97e06b97/big.jpg
Retro M-U 03/05 Away S-XXL,https://minkang.x.yupoo.com/albums/184319878?uid=1,https://photo.yupoo.com/minkang/23c280be/big.jpg,https://photo.yupoo.com/minkang/ef8f237e/big.jpg
Retro Manchester City 13/14 Away S-XXL,https://minkang.x.yupoo.com/albums/184319866?uid=1,https://photo.yupoo.com/minkang/874afb6f/big.jpeg,https://photo.yupoo.com/minkang/d52b9c4d/big.jpeg
Retro Arsenal 13/14 Away S-XXL,https://minkang.x.yupoo.com/albums/184319852?uid=1,https://photo.yupoo.com/minkang/a203b37e/big.jpeg,https://photo.yupoo.com/minkang/8c97cf73/big.jpeg
Retro Manchester City 12/13 Away S-XXL,https://minkang.x.yupoo.com/albums/184319838?uid=1,https://photo.yupoo.com/minkang/d0c5c3d0/big.jpg,https://photo.yupoo.com/minkang/57243170/big.jpg
Retro M-U 11/12 Home S-XXL,https://minkang.x.yupoo.com/albums/184319816?uid=1,https://photo.yupoo.com/minkang/4e2a57bd/big.jpeg,https://photo.yupoo.com/minkang/f4dc1af1/big.jpeg
Retro 04/05 Benfica Home S-2XL,https://minkang.x.yupoo.com/albums/178780341?uid=1,https://photo.yupoo.com/minkang/bf733a5b/big.jpg,https://photo.yupoo.com/minkang/33eb056c/big.jpg
Manchester City 2024/25 Away Jersey S-4XL,https://minkang.x.yupoo.com/albums/177065272?uid=1,https://photo.yupoo.com/minkang/78642e7c/big.jpg,https://photo.yupoo.com/minkang/e3caf6ef/big.jpg
24/25 Chelsea  Third Jersey S-4XL,https://minkang.x.yupoo.com/albums/177065237?uid=1,https://photo.yupoo.com/minkang/fa4d18a0/big.jpg,https://photo.yupoo.com/minkang/e932ea4c/big.jpg
Manchester City 2024/25 Fourth Jersey S-4XL,https://minkang.x.yupoo.com/albums/177065205?uid=1,https://photo.yupoo.com/minkang/403f4e16/big.jpg,https://photo.yupoo.com/minkang/f9ad0319/big.jpg
Retro M-U 07/08 Black S-XXL,https://minkang.x.yupoo.com/albums/176130863?uid=1,https://photo.yupoo.com/minkang/88bd0f94/big.jpg,https://photo.yupoo.com/minkang/b0246329/big.jpg
24/25 Tottenham Third Away S-4XL,https://minkang.x.yupoo.com/albums/171879860?uid=1,https://photo.yupoo.com/minkang/8b236c7b/big.jpeg,https://photo.yupoo.com/minkang/148941e7/big.jpeg
24/25 Manchester City Third Away S-4XL,https://minkang.x.yupoo.com/albums/170679407?uid=1,https://photo.yupoo.com/minkang/7677e0af/big.jpeg,https://photo.yupoo.com/minkang/72c9e8ff/big.jpeg
24/25 M-U Third Away S-4XL,https://minkang.x.yupoo.com/albums/168819960?uid=1,https://photo.yupoo.com/minkang/bdf01e8f/big.jpeg,https://photo.yupoo.com/minkang/93449d0c/big.jpeg
24/25 Arsenal Third Away S-4XL,https://minkang.x.yupoo.com/albums/167395809?uid=1,https://photo.yupoo.com/minkang/13ee4956/big.jpeg,https://photo.yupoo.com/minkang/109f4f55/big.jpeg
Retro Arsenal 86/88 Away S-XXL,https://minkang.x.yupoo.com/albums/166609800?uid=1,https://photo.yupoo.com/minkang/8c201786/big.jpg,https://photo.yupoo.com/minkang/10b41d71/big.jpg
Retro Arsenal 93/94 Away S-XXL,https://minkang.x.yupoo.com/albums/166609746?uid=1,https://photo.yupoo.com/minkang/1a09fc52/big.jpg,https://photo.yupoo.com/minkang/a9b042a7/big.jpg
24/25 M-U Home S-4XL,https://minkang.x.yupoo.com/albums/166258114?uid=1,https://photo.yupoo.com/minkang/df4ac776/big.jpeg,https://photo.yupoo.com/minkang/879333f4/big.jpeg
24/25 Tottenham away S-4XL,https://minkang.x.yupoo.com/albums/166258083?uid=1,https://photo.yupoo.com/minkang/f0d4dc36/big.jpeg,https://photo.yupoo.com/minkang/481e05ee/big.jpeg
24/25 Arsenal away S-4XL,https://minkang.x.yupoo.com/albums/166258069?uid=1,https://photo.yupoo.com/minkang/2f3c702c/big.jpeg,https://photo.yupoo.com/minkang/30d8cd5e/big.jpeg
Retro Arsenal 97/99 Away S-XXL,https://minkang.x.yupoo.com/albums/166257544?uid=1,https://photo.yupoo.com/minkang/1ca293ce/big.jpg,https://photo.yupoo.com/minkang/3b836e01/big.jpg
Retro Arsenal 96/97 Away S-XXL,https://minkang.x.yupoo.com/albums/166257530?uid=1,https://photo.yupoo.com/minkang/f3611fb2/big.jpg,https://photo.yupoo.com/minkang/821d6dc7/big.jpg
24/25 Manchester City Home S-4XL,https://minkang.x.yupoo.com/albums/165159735?uid=1,https://photo.yupoo.com/minkang/9a4c6eaf/big.jpeg,https://photo.yupoo.com/minkang/1f8c3373/big.jpeg
24/25 M-U away S-4XL,https://minkang.x.yupoo.com/albums/163996657?uid=1,https://photo.yupoo.com/minkang/3f1a4aab/big.jpeg,https://photo.yupoo.com/minkang/b33d5afe/big.jpeg
24/25 Arsenal home S-4XL,https://minkang.x.yupoo.com/albums/163144892?uid=1,https://photo.yupoo.com/minkang/17f55356/big.jpeg,https://photo.yupoo.com/minkang/71cd0797/big.jpeg
kids M-U 94/96 home size: 16-28,https://minkang.x.yupoo.com/albums/161463434?uid=1,https://photo.yupoo.com/minkang/4259c17d/big.jpeg,https://photo.yupoo.com/minkang/f8723e73/big.jpeg
kids M-U 02/04 home size: 16-28,https://minkang.x.yupoo.com/albums/161463410?uid=1,https://photo.yupoo.com/minkang/cacfb4b6/big.jpeg,https://photo.yupoo.com/minkang/ab2b1338/big.jpeg
kids M-U 05/06 home size: 16-28,https://minkang.x.yupoo.com/albums/161463391?uid=1,https://photo.yupoo.com/minkang/38765db0/big.jpeg,https://photo.yupoo.com/minkang/aac91c56/big.jpeg
kids M-U 99/00 home size: 16-28,https://minkang.x.yupoo.com/albums/161463364?uid=1,https://photo.yupoo.com/minkang/35b54c1a/big.jpeg,https://photo.yupoo.com/minkang/47f9215c/big.jpeg
kids M-U 96/97 home size: 16-28,https://minkang.x.yupoo.com/albums/161463319?uid=1,https://photo.yupoo.com/minkang/cac7204b/big.jpeg,https://photo.yupoo.com/minkang/dbe2299c/big.jpeg
kids M-U 12/13 home size: 16-28,https://minkang.x.yupoo.com/albums/161463293?uid=1,https://photo.yupoo.com/minkang/5d1a7e75/big.jpeg,https://photo.yupoo.com/minkang/3ede5f42/big.jpeg
kids M-U 00/01 home size: 16-28,https://minkang.x.yupoo.com/albums/161463283?uid=1,https://photo.yupoo.com/minkang/a8864633/big.jpeg,https://photo.yupoo.com/minkang/b9ab636c/big.jpeg
kids M-U 10/11 Champions League away size: 16-28,https://minkang.x.yupoo.com/albums/161463263?uid=1,https://photo.yupoo.com/minkang/e377f521/big.jpeg,https://photo.yupoo.com/minkang/b8c6463a/big.jpeg
kids M-U 10/11 home size: 16-28,https://minkang.x.yupoo.com/albums/161463241?uid=1,https://photo.yupoo.com/minkang/b9438605/big.jpeg,https://photo.yupoo.com/minkang/ce1f0b36/big.jpeg
kids Chelsea 08/09 Champions League home game size: 16-28,https://minkang.x.yupoo.com/albums/161463221?uid=1,https://photo.yupoo.com/minkang/8836a60e/big.jpeg,https://photo.yupoo.com/minkang/42483b3c/big.jpeg
kids M-U 09/10 home size: 16-28,https://minkang.x.yupoo.com/albums/160609419?uid=1,https://photo.yupoo.com/minkang/66a8a4e8/big.jpeg,https://photo.yupoo.com/minkang/afe21063/big.jpeg
kids M-U 06/07Home size: 16-28,https://minkang.x.yupoo.com/albums/160609406?uid=1,https://photo.yupoo.com/minkang/473ab104/big.jpeg,https://photo.yupoo.com/minkang/116172ed/big.jpeg
kids M-U 98/99 home size: 16-28,https://minkang.x.yupoo.com/albums/160609398?uid=1,https://photo.yupoo.com/minkang/c550cda9/big.jpeg,https://photo.yupoo.com/minkang/c664fd88/big.jpeg
kids Chelsea12/13 home size: 16-28,https://minkang.x.yupoo.com/albums/160609353?uid=1,https://photo.yupoo.com/minkang/0e5c58b2/big.jpeg,https://photo.yupoo.com/minkang/36be098f/big.jpeg
Retro Chelsea 05/06 Home S-XXL,https://minkang.x.yupoo.com/albums/157799476?uid=1,https://photo.yupoo.com/minkang/fa9b52b9/big.jpg,https://photo.yupoo.com/minkang/b8b771e9/big.jpg
Retro West Ham United 99/01 Third away S-XXL,https://minkang.x.yupoo.com/albums/157799368?uid=1,https://photo.yupoo.com/minkang/dfbaaed3/big.jpg,https://photo.yupoo.com/minkang/baa9d741/big.jpg
Retro Newcastle United 98/99 Away S-XXL,https://minkang.x.yupoo.com/albums/157799334?uid=1,https://photo.yupoo.com/minkang/856cf741/big.jpg,https://photo.yupoo.com/minkang/eb5fe551/big.jpg
24/25 Manchester City Year of the Dragon Special Edition S-4XL,https://minkang.x.yupoo.com/albums/155688674?uid=1,https://photo.yupoo.com/minkang/2501e610/big.jpeg,https://photo.yupoo.com/minkang/d41ad4dc/big.jpeg
23/24 Arsenal Special Edition S-4XL,https://minkang.x.yupoo.com/albums/151795006?uid=1,https://photo.yupoo.com/minkang/185f5a1f/big.jpeg,https://photo.yupoo.com/minkang/eba096eb/big.jpeg
Retro M-U 00/02 Home S-XXL,https://minkang.x.yupoo.com/albums/151794871?uid=1,https://photo.yupoo.com/minkang/81df5f28/big.jpeg,https://photo.yupoo.com/minkang/2f3fefbb/big.jpeg
Retro M-U 03/04 Away S-XXL,https://minkang.x.yupoo.com/albums/151794849?uid=1,https://photo.yupoo.com/minkang/b7bfbccf/big.jpeg,https://photo.yupoo.com/minkang/b6b8da2b/big.jpeg
Retro long sleeve Chelsea 12/13 Home S-XXL,https://minkang.x.yupoo.com/albums/151794776?uid=1,https://photo.yupoo.com/minkang/9d4e6e69/big.jpg,https://photo.yupoo.com/minkang/6e2a1260/big.jpg
Retro long sleeve M-U 93/95 away S-XXL,https://minkang.x.yupoo.com/albums/151794703?uid=1,https://photo.yupoo.com/minkang/878bcc1e/big.jpg,https://photo.yupoo.com/minkang/2b7e5ad0/big.jpg
Retro Long Sleeve Arsenal 91/93 Away S-XXL,https://minkang.x.yupoo.com/albums/151794634?uid=1,https://photo.yupoo.com/minkang/4be3f98b/big.jpg,https://photo.yupoo.com/minkang/cfb0c9b0/big.jpg
Retro long sleeve M-U 92/94 third away S-XXL,https://minkang.x.yupoo.com/albums/151794518?uid=1,https://photo.yupoo.com/minkang/0bdd5be7/big.jpg,https://photo.yupoo.com/minkang/dec65cd4/big.jpg
Retro long sleeve M-U 07/08 Champions League version home S-XXL,https://minkang.x.yupoo.com/albums/151794473?uid=1,https://photo.yupoo.com/minkang/672bb025/big.jpg,https://photo.yupoo.com/minkang/ba350a16/big.jpg
Retro Arsenal 01/02 Home S-XXL,https://minkang.x.yupoo.com/albums/151794416?uid=1,https://photo.yupoo.com/minkang/1ddfc208/big.jpg,https://photo.yupoo.com/minkang/90ccf44c/big.jpg
Retro long sleeve Arsenal 98/99 Home S-XXL,https://minkang.x.yupoo.com/albums/151794148?uid=1,https://photo.yupoo.com/minkang/ae647e9e/big.jpg,https://photo.yupoo.com/minkang/dd6e83a7/big.jpg
Retro long sleeve Arsenal 95/96 away S-XXL,https://minkang.x.yupoo.com/albums/151794066?uid=1,https://photo.yupoo.com/minkang/2d46b8f7/big.jpg,https://photo.yupoo.com/minkang/d8e86a66/big.jpg
Retro Manchester City 02/03 Home S-XXL,https://minkang.x.yupoo.com/albums/151321255?uid=1,https://photo.yupoo.com/minkang/0d2a74d9/big.jpg,https://photo.yupoo.com/minkang/4cd9051c/big.jpg
Retro Arsenal 11/12 Home 125th Anniversary S-XXL,https://minkang.x.yupoo.com/albums/151321242?uid=1,https://photo.yupoo.com/minkang/5c089f8c/big.jpg,https://photo.yupoo.com/minkang/6791e9d8/big.jpg
Retro M-U 02/03 Away S-XXL,https://minkang.x.yupoo.com/albums/151321213?uid=1,https://photo.yupoo.com/minkang/15d9b0a4/big.jpg,https://photo.yupoo.com/minkang/74f4d0ec/big.jpg
23/24 Chelsea home S-4XL,https://minkang.x.yupoo.com/albums/144906775?uid=1,https://photo.yupoo.com/minkang/1d4a881f/big.jpeg,https://photo.yupoo.com/minkang/1f64e4a9/big.jpeg
23/24 Manchester City Away S-4XL,https://minkang.x.yupoo.com/albums/144285105?uid=1,https://photo.yupoo.com/minkang/9f3d785c/big.jpeg,https://photo.yupoo.com/minkang/3e187657/big.jpeg
Retro Manchester City 15/16 Home S-XXL,https://minkang.x.yupoo.com/albums/142712116?uid=1,https://photo.yupoo.com/minkang/8b8acca6/big.jpg,https://photo.yupoo.com/minkang/a74ffeb0/big.jpg
23/24 M-U third away S-XXL,https://minkang.x.yupoo.com/albums/142208498?uid=1,https://photo.yupoo.com/minkang/5b37afc9/big.jpeg,https://photo.yupoo.com/minkang/6ef28e7e/big.jpeg
23/24 Arsenal away S-4XL,https://minkang.x.yupoo.com/albums/141365413?uid=1,https://photo.yupoo.com/minkang/371b8671/big.jpeg,https://photo.yupoo.com/minkang/81e8d5ea/big.jpeg
23/24 M-U Away S-4XL,https://minkang.x.yupoo.com/albums/140200953?uid=1,https://photo.yupoo.com/minkang/8a0d4812/big.jpeg,https://photo.yupoo.com/minkang/99960f08/big.jpeg
23/24 Tottenham home S-XXL,https://minkang.x.yupoo.com/albums/139626966?uid=1,https://photo.yupoo.com/minkang/44a79169/big.jpeg,https://photo.yupoo.com/minkang/e255ba37/big.jpeg
23/24 M-U Home S-4XL,https://minkang.x.yupoo.com/albums/138062505?uid=1,https://photo.yupoo.com/minkang/c589593c/big.jpeg,https://photo.yupoo.com/minkang/f54245a9/big.jpeg
23/24 Manchester City Special Edition S-XXL,https://minkang.x.yupoo.com/albums/135833773?uid=1,https://photo.yupoo.com/minkang/a3ef2fc5/big.jpeg,https://photo.yupoo.com/minkang/9ddd6ffe/big.jpeg
23/24 Arsenal third away S-4XL,https://minkang.x.yupoo.com/albums/133709428?uid=1,https://photo.yupoo.com/minkang/8363b25a/big.jpeg,https://photo.yupoo.com/minkang/8ea75d96/big.jpeg
Retro M-U 01/02 100th Anniversary Edition S-XXL,https://minkang.x.yupoo.com/albums/133690778?uid=1,https://photo.yupoo.com/minkang/2d8cd9d8/big.jpg,https://photo.yupoo.com/minkang/0ef1da0c/big.jpg
Retro Long Sleeve M-U 01/02 100th Anniversary S-XXL,https://minkang.x.yupoo.com/albums/133690759?uid=1,https://photo.yupoo.com/minkang/14966281/big.jpg,https://photo.yupoo.com/minkang/d1a0b044/big.jpg
23/24 Manchester City Home S-4XL,https://minkang.x.yupoo.com/albums/133549044?uid=1,https://photo.yupoo.com/minkang/d3ccd881/big.jpeg,https://photo.yupoo.com/minkang/35875ac9/big.jpeg
Retro Manchester City 01/02 Home S-XXL,https://minkang.x.yupoo.com/albums/131739587?uid=1,https://photo.yupoo.com/minkang/347b3702/big.jpeg,https://photo.yupoo.com/minkang/a5951eef/big.jpeg
Retro Arsenal 06/08 Home S-XXL,https://minkang.x.yupoo.com/albums/131153445?uid=1,https://photo.yupoo.com/minkang/3588af2c/big.jpg,https://photo.yupoo.com/minkang/c3690cb3/big.jpg
23/24 Manchester City Blue S-XXL,https://minkang.x.yupoo.com/albums/129148502?uid=1,https://photo.yupoo.com/minkang/013e8697/big.jpeg,https://photo.yupoo.com/minkang/a900ad8d/big.jpeg
22/23 Manchester City third away S-XXXL,https://minkang.x.yupoo.com/albums/121146110?uid=1,https://photo.yupoo.com/minkang/1b5fe58c/big.jpg,https://photo.yupoo.com/minkang/6dd70227/big.jpg
22/23  M-U third away S-XXXL,https://minkang.x.yupoo.com/albums/121145451?uid=1,https://photo.yupoo.com/minkang/8725ee11/big.jpg,https://photo.yupoo.com/minkang/9008eecc/big.jpg
22/23 M-U away S-XXXL,https://minkang.x.yupoo.com/albums/120303247?uid=1,https://photo.yupoo.com/minkang/5bf2044b/big.jpg,https://photo.yupoo.com/minkang/32751012/big.jpg
22/23 Manchester City away S-XXXL,https://minkang.x.yupoo.com/albums/119243724?uid=1,https://photo.yupoo.com/minkang/e005f355/big.jpg,https://photo.yupoo.com/minkang/9ea40fe6/big.jpg
Retro 00/01 Newcastle United home S-XXL,https://minkang.x.yupoo.com/albums/119241767?uid=1,https://photo.yupoo.com/minkang/bacd9c33/big.jpg,https://photo.yupoo.com/minkang/10097d92/big.jpg
Retro Tottenham 06/07 home S-XXL,https://minkang.x.yupoo.com/albums/118551243?uid=1,https://photo.yupoo.com/minkang/af48bacf/big.jpg,https://photo.yupoo.com/minkang/2309f36a/big.jpg
Retro Tottenham 06/07 away S-XXL,https://minkang.x.yupoo.com/albums/118466215?uid=1,https://photo.yupoo.com/minkang/4794e486/big.jpg,https://photo.yupoo.com/minkang/4a7d266c/big.jpg
Retro Chelsea 08/09 home S-XXL,https://minkang.x.yupoo.com/albums/118093936?uid=1,https://photo.yupoo.com/minkang/bc7c86fd/big.jpg,https://photo.yupoo.com/minkang/e55663ab/big.jpg
Retro Arsenal 03/05 away S-XXL,https://minkang.x.yupoo.com/albums/118054887?uid=1,https://photo.yupoo.com/minkang/a35833d2/big.jpg,https://photo.yupoo.com/minkang/083497b8/big.jpg
22/23 Manchester City home S-4XL,https://minkang.x.yupoo.com/albums/116563758?uid=1,https://photo.yupoo.com/minkang/53d84821/big.jpg,https://photo.yupoo.com/minkang/371c5227/big.jpg
Retro M-U 06/07 away S-XXL,https://minkang.x.yupoo.com/albums/116563420?uid=1,https://photo.yupoo.com/minkang/74dc4466/big.jpg,https://photo.yupoo.com/minkang/e790ea2d/big.jpg
Retro Long Sleeve 05/06 Arsenal home S-XXL,https://minkang.x.yupoo.com/albums/116561936?uid=1,https://photo.yupoo.com/minkang/469f34fd/big.jpg,https://photo.yupoo.com/minkang/73440c67/big.jpg
Retro 08/09 Manchester City home S-XXL,https://minkang.x.yupoo.com/albums/115645341?uid=1,https://photo.yupoo.com/minkang/62626b7a/big.jpg,https://photo.yupoo.com/minkang/dd83d565/big.jpg
22 / 23 Arsenal away S-XXXL,https://minkang.x.yupoo.com/albums/113975627?uid=1,https://photo.yupoo.com/minkang/5f991b9d/big.jpg,https://photo.yupoo.com/minkang/a04e5907/big.jpg
Retro Manchester City 81/82 home S-XXL,https://minkang.x.yupoo.com/albums/113916313?uid=1,https://photo.yupoo.com/minkang/b104daf3/big.jpg,https://photo.yupoo.com/minkang/844cc0cc/big.jpg
Retro Arsenal 02/04 away S-XXL,https://minkang.x.yupoo.com/albums/113916071?uid=1,https://photo.yupoo.com/minkang/7728081b/big.jpg,https://photo.yupoo.com/minkang/20cc7d1c/big.jpg
22/23 M-U home S-XXXL,https://minkang.x.yupoo.com/albums/113757659?uid=1,https://photo.yupoo.com/minkang/9b1130a0/big.jpg,https://photo.yupoo.com/minkang/83b01e29/big.jpg
22/23 Chelsea home S-XXXL,https://minkang.x.yupoo.com/albums/113340343?uid=1,https://photo.yupoo.com/minkang/96f96789/big.jpg,https://photo.yupoo.com/minkang/1c9d8d26/big.jpg
Retro 1988 M-U away S-XXL,https://minkang.x.yupoo.com/albums/110373305?uid=1,https://photo.yupoo.com/minkang/8a2c2747/big.jpg,https://photo.yupoo.com/minkang/c3216d93/big.jpg
Retro 2010 England home S-XXL,https://minkang.x.yupoo.com/albums/108854749?uid=1,https://photo.yupoo.com/minkang/c11df64b/big.jpg,https://photo.yupoo.com/minkang/184595f1/big.jpg
Retro 2000 England home S-XXL,https://minkang.x.yupoo.com/albums/108854445?uid=1,https://photo.yupoo.com/minkang/7d675ec0/big.jpg,https://photo.yupoo.com/minkang/d07b6310/big.jpg
Retro 2012 England home S-XXL,https://minkang.x.yupoo.com/albums/108854424?uid=1,https://photo.yupoo.com/minkang/cde53ee9/big.jpg,https://photo.yupoo.com/minkang/a7eccba8/big.jpg
Retro Chelsea 95/97 home S-XXL,https://minkang.x.yupoo.com/albums/108853977?uid=1,https://photo.yupoo.com/minkang/df776e55/big.jpg,https://photo.yupoo.com/minkang/6bc9d085/big.jpg
Retro 13/14 M-U away S-XXL,https://minkang.x.yupoo.com/albums/107209838?uid=1,https://photo.yupoo.com/minkang/0cc0adcf/big.jpg,https://photo.yupoo.com/minkang/fed8d660/big.jpg
Retro 13/14 M-U home S-XXL,https://minkang.x.yupoo.com/albums/107158679?uid=1,https://photo.yupoo.com/minkang/03cd3e95/big.jpg,https://photo.yupoo.com/minkang/e237d7b2/big.jpg
Retro 13/14 M-U  third away S-XXL,https://minkang.x.yupoo.com/albums/107158615?uid=1,https://photo.yupoo.com/minkang/16d24cc7/big.jpg,https://photo.yupoo.com/minkang/a87e6b17/big.jpg
Retro M-U 02/04 away S-XXL,https://minkang.x.yupoo.com/albums/105553241?uid=1,https://photo.yupoo.com/minkang/6028b399/big.jpg,https://photo.yupoo.com/minkang/aa9bb1cd/big.jpg
Retro M-U long sleeve 02/04 home S-XXL,https://minkang.x.yupoo.com/albums/105551662?uid=1,https://photo.yupoo.com/minkang/d9b3501c/big.jpg,https://photo.yupoo.com/minkang/2b2a7278/big.jpg
Retro M-U 04/06 home S-XXL,https://minkang.x.yupoo.com/albums/105551528?uid=1,https://photo.yupoo.com/minkang/c2b3bf06/big.jpg,https://photo.yupoo.com/minkang/66462080/big.jpg
Retro M-U 96/97 away S-XXL,https://minkang.x.yupoo.com/albums/104150211?uid=1,https://photo.yupoo.com/minkang/f29bb960/big.jpg,https://photo.yupoo.com/minkang/eb3ba58e/big.jpg
Retro Chelsea 98/00 away S-XXL,https://minkang.x.yupoo.com/albums/102106804?uid=1,https://photo.yupoo.com/minkang/f323f821/big.jpg,https://photo.yupoo.com/minkang/26d62b39/big.jpg
Retro M-U 1977 home S-XXL,https://minkang.x.yupoo.com/albums/101948079?uid=1,https://photo.yupoo.com/minkang/11e6544d/big.jpg,https://photo.yupoo.com/minkang/2148828c/big.jpg
Retro Manchester City 97/99 home S-XXL,https://minkang.x.yupoo.com/albums/101948074?uid=1,https://photo.yupoo.com/minkang/e2bb155d/big.jpg,https://photo.yupoo.com/minkang/43a77c84/big.jpg
21/22 Manchester City away S-XXXL,https://minkang.x.yupoo.com/albums/100871532?uid=1,https://photo.yupoo.com/minkang/17a53d53/big.jpg,https://photo.yupoo.com/minkang/8d31766e/big.jpg
21/22 M-U away S-XXXL,https://minkang.x.yupoo.com/albums/99888554?uid=1,https://photo.yupoo.com/minkang/f5700c34/big.jpg,https://photo.yupoo.com/minkang/991fff96/big.jpg
Retro 94/96 Manchester City away S-XXL,https://minkang.x.yupoo.com/albums/99885437?uid=1,https://photo.yupoo.com/minkang/47b4dd0d/big.jpg,https://photo.yupoo.com/minkang/89804b14/big.jpg
Retro 83/84 Tottenham home S-XXL,https://minkang.x.yupoo.com/albums/99885367?uid=1,https://photo.yupoo.com/minkang/885692da/big.jpg,https://photo.yupoo.com/minkang/3bc857e9/big.jpg
Retro 94/95 Tottenham home S-XXL,https://minkang.x.yupoo.com/albums/99885319?uid=1,https://photo.yupoo.com/minkang/4236980a/big.jpg,https://photo.yupoo.com/minkang/1d1f0e5e/big.jpg
Retro 2006 England home S-XXL,https://minkang.x.yupoo.com/albums/99216093?uid=1,https://photo.yupoo.com/minkang/71414197/big.jpg,https://photo.yupoo.com/minkang/c87fb15b/big.jpg
Retro 2013 England home S-XXL,https://minkang.x.yupoo.com/albums/99216061?uid=1,https://photo.yupoo.com/minkang/4b074fbf/big.jpg,https://photo.yupoo.com/minkang/6c34e732/big.jpg
Retro 1982 England home S-XXL,https://minkang.x.yupoo.com/albums/98680372?uid=1,https://photo.yupoo.com/minkang/e95c80a5/big.jpg,https://photo.yupoo.com/minkang/6952ec2c/big.jpg
Retro 84/87 England home S-XXL,https://minkang.x.yupoo.com/albums/98680301?uid=1,https://photo.yupoo.com/minkang/d0e0cbd7/big.jpg,https://photo.yupoo.com/minkang/e36fdf32/big.jpg
21/22 M-U home S-XXXL,https://minkang.x.yupoo.com/albums/98500599?uid=1,https://photo.yupoo.com/minkang/5f43eab9/big.jpg,https://photo.yupoo.com/minkang/dfa3d711/big.jpg
Retro England 1990 black away S-XXL,https://minkang.x.yupoo.com/albums/96649311?uid=1,https://photo.yupoo.com/minkang/9e5ea4d2/big.jpg,https://photo.yupoo.com/minkang/01874f42/big.jpg
Retro Tottenham 92/94 Away Yellow S-XXL,https://minkang.x.yupoo.com/albums/96649282?uid=1,https://photo.yupoo.com/minkang/ce8f94bc/big.jpg,https://photo.yupoo.com/minkang/e368c421/big.jpg
Retro Manchester United 08/09 Champions League away white S-XXL,https://minkang.x.yupoo.com/albums/96649267?uid=1,https://photo.yupoo.com/minkang/dea73b20/big.jpg,https://photo.yupoo.com/minkang/3bb77cd6/big.jpg
21/22 Chelsea home S-XXXL,https://minkang.x.yupoo.com/albums/96367166?uid=1,https://photo.yupoo.com/minkang/7ea6f752/big.jpg,https://photo.yupoo.com/minkang/90df0535/big.jpg
Retro Chelsea 12/13 away S-XXL,https://minkang.x.yupoo.com/albums/96325992?uid=1,https://photo.yupoo.com/minkang/51163176/big.jpg,https://photo.yupoo.com/minkang/70a5cc32/big.jpg
Retro M-U 02/04 home S-XXL,https://minkang.x.yupoo.com/albums/96263122?uid=1,https://photo.yupoo.com/minkang/30608c6c/big.jpg,https://photo.yupoo.com/minkang/0d8729aa/big.jpg
Retro England 1996 home S-XXL,https://minkang.x.yupoo.com/albums/96144800?uid=1,https://photo.yupoo.com/minkang/e15a5e92/big.jpg,https://photo.yupoo.com/minkang/60f341d8/big.jpg
Retro Manchester City 99/01 home S-XXL,https://minkang.x.yupoo.com/albums/96144734?uid=1,https://photo.yupoo.com/minkang/c75666e0/big.jpg,https://photo.yupoo.com/minkang/4de4fdc1/big.jpg
Retro Tottenham 08/09 home S-XXL,https://minkang.x.yupoo.com/albums/95620541?uid=1,https://photo.yupoo.com/minkang/fcbaa865/big.jpg,https://photo.yupoo.com/minkang/c7135bf2/big.jpg
Retro Manchester City 1972 home S-XXL,https://minkang.x.yupoo.com/albums/95620514?uid=1,https://photo.yupoo.com/minkang/c5f73469/big.jpg,https://photo.yupoo.com/minkang/4c3f1732/big.jpg
Retro Chelsea 12/13 third away S-XXL,https://minkang.x.yupoo.com/albums/94445262?uid=1,https://photo.yupoo.com/minkang/5a825d3f/big.jpg,https://photo.yupoo.com/minkang/a2b32cf7/big.jpg
Retro Chelsea 12/13 home S-XXL,https://minkang.x.yupoo.com/albums/93580317?uid=1,https://photo.yupoo.com/minkang/f4dd8ecf/big.jpg,https://photo.yupoo.com/minkang/c3562729/big.jpg
Retro Manchester City 98/99 away S-XXL,https://minkang.x.yupoo.com/albums/93580245?uid=1,https://photo.yupoo.com/minkang/ac715e74/big.jpg,https://photo.yupoo.com/minkang/d6f7407c/big.jpg
Retro Chelsea 97/99 home S-XXL,https://minkang.x.yupoo.com/albums/93560441?uid=1,https://photo.yupoo.com/minkang/b7c17ef3/big.jpg,https://photo.yupoo.com/minkang/c47d4e1b/big.jpg
Retro 97/99 Newcastle United home S-XXL,https://minkang.x.yupoo.com/albums/93559959?uid=1,https://photo.yupoo.com/minkang/07ac3c54/big.jpg,https://photo.yupoo.com/minkang/21d6df21/big.jpg
Retro 09/10 M-U home S-XXL,https://minkang.x.yupoo.com/albums/92537820?uid=1,https://photo.yupoo.com/minkang/a5df5dac/big.jpg,https://photo.yupoo.com/minkang/1105e3b6/big.jpg
Retro 95/96 Arsenal away S-XXL,https://minkang.x.yupoo.com/albums/91947696?uid=1,https://photo.yupoo.com/minkang/7cefe97d/big.jpg,https://photo.yupoo.com/minkang/0ca38ed8/big.jpg
Retro 95/97 Chelsea away S-XXL,https://minkang.x.yupoo.com/albums/91947466?uid=1,https://photo.yupoo.com/minkang/c790eeb6/big.jpg,https://photo.yupoo.com/minkang/06d0787c/big.jpg
Retro 83/86 Arsenal away S-XXL,https://minkang.x.yupoo.com/albums/91947412?uid=1,https://photo.yupoo.com/minkang/c0b1f1ca/big.jpg,https://photo.yupoo.com/minkang/73d44d9d/big.jpg
Retro 90/92 Arsenal home S-XXL,https://minkang.x.yupoo.com/albums/89660952?uid=1,https://photo.yupoo.com/minkang/8c0ebd2f/big.jpg,https://photo.yupoo.com/minkang/6f7f1abb/big.jpg
Retro Nottingham Forest 94/95 Red S-XXL,https://minkang.x.yupoo.com/albums/88416731?uid=1,https://photo.yupoo.com/minkang/df1c562d/big.jpg,https://photo.yupoo.com/minkang/aad187a7/big.jpg
Retro Tottenham 1998 away S-XXL,https://minkang.x.yupoo.com/albums/88416662?uid=1,https://photo.yupoo.com/minkang/de2942f6/big.jpg,https://photo.yupoo.com/minkang/922cc42d/big.jpg
Retro Tottenham 1994 home S-XXL,https://minkang.x.yupoo.com/albums/88416654?uid=1,https://photo.yupoo.com/minkang/6ba32ac7/big.jpg,https://photo.yupoo.com/minkang/8244780b/big.jpg
Retro England 1996 away S-XXL,https://minkang.x.yupoo.com/albums/87793959?uid=1,https://photo.yupoo.com/minkang/7383b113/big.jpg,https://photo.yupoo.com/minkang/f2930657/big.jpg
Retro Manchester City 11/12 home S-XXL,https://minkang.x.yupoo.com/albums/87793661?uid=1,https://photo.yupoo.com/minkang/9bc0f18d/big.jpg,https://photo.yupoo.com/minkang/f0a533fa/big.jpg
Retro 03/05 Chelsea away S-XXL,https://minkang.x.yupoo.com/albums/86826729?uid=1,https://photo.yupoo.com/minkang/a551e2c7/big.jpg,https://photo.yupoo.com/minkang/7c9f3c35/big.jpg
Retro 88/89 Arsenal AWAY S-XXL,https://minkang.x.yupoo.com/albums/84985357?uid=1,https://photo.yupoo.com/minkang/be162f6d/big.jpg,https://photo.yupoo.com/minkang/424c3762/big.jpg
Retro 88/89 Arsenal home S-XXL,https://minkang.x.yupoo.com/albums/84985244?uid=1,https://photo.yupoo.com/minkang/a941b630/big.jpg,https://photo.yupoo.com/minkang/a87bab8e/big.jpg
Retro 95/96  M-U away S-XXL,https://minkang.x.yupoo.com/albums/84984222?uid=1,https://photo.yupoo.com/minkang/5bb9271b/big.jpg,https://photo.yupoo.com/minkang/18061bb0/big.jpg
Retro Arsenal 92/93 home S-XXL,https://minkang.x.yupoo.com/albums/84467338?uid=1,https://photo.yupoo.com/minkang/4db3a53b/big.jpg,https://photo.yupoo.com/minkang/57be2c05/big.jpg
Retro Arsenal 99/00 away S-XXL,https://minkang.x.yupoo.com/albums/84286064?uid=1,https://photo.yupoo.com/minkang/b567791c/big.jpg,https://photo.yupoo.com/minkang/60c18c3b/big.jpg
Retro Everton 94/95 home S-XXL,https://minkang.x.yupoo.com/albums/84285619?uid=1,https://photo.yupoo.com/minkang/f7eb71a9/big.jpg,https://photo.yupoo.com/minkang/364e6834/big.jpg
RetroM-U 1983 away S-XXL,https://minkang.x.yupoo.com/albums/84065052?uid=1,https://photo.yupoo.com/minkang/27b40dbc/big.jpg,https://photo.yupoo.com/minkang/8a9816f0/big.jpg
Retro 05/06 Newcastle United home S-XXL,https://minkang.x.yupoo.com/albums/83140911?uid=1,https://photo.yupoo.com/minkang/5d70e3e7/big.jpg,https://photo.yupoo.com/minkang/c3ed9abc/big.jpg
Retro 95/97 Newcastle United home S-XXL,https://minkang.x.yupoo.com/albums/83140961?uid=1,https://photo.yupoo.com/minkang/6d2182d1/big.jpg,https://photo.yupoo.com/minkang/5ecac520/big.jpg
20/21 Chelsea home S-XXXL,https://minkang.x.yupoo.com/albums/83485819?uid=1,https://photo.yupoo.com/minkang/946d7a95/big.jpg,https://photo.yupoo.com/minkang/8db32853/big.jpg
Retro 93/95 M-U away S-XXL,https://minkang.x.yupoo.com/albums/83349922?uid=1,https://photo.yupoo.com/minkang/9f063306/big.jpg,https://photo.yupoo.com/minkang/23f79cab/big.jpg
Retro 06/07 M-U home S-XXL,https://minkang.x.yupoo.com/albums/83138707?uid=1,https://photo.yupoo.com/minkang/48390363/big.jpg,https://photo.yupoo.com/minkang/f7568df3/big.jpg
Retro 06/07 M-U Long sleeve home S-XXL,https://minkang.x.yupoo.com/albums/83138829?uid=1,https://photo.yupoo.com/minkang/436ad3ab/big.jpg,https://photo.yupoo.com/minkang/bcc28c70/big.jpg
Retro 00/01 M-U home S-XXL,https://minkang.x.yupoo.com/albums/83140346?uid=1,https://photo.yupoo.com/minkang/fd71240a/big.jpg,https://photo.yupoo.com/minkang/43938dcf/big.jpg
Retro 94/96 M-U home S-XXL,https://minkang.x.yupoo.com/albums/83140437?uid=1,https://photo.yupoo.com/minkang/a54d7aaa/big.jpg,https://photo.yupoo.com/minkang/b06b53a2/big.jpg
Retro 02/04 Arsenal home S-XXL,https://minkang.x.yupoo.com/albums/83140560?uid=1,https://photo.yupoo.com/minkang/87e90c1e/big.jpg,https://photo.yupoo.com/minkang/8e4c4773/big.jpg
Retro 99/01 West Ham United home S-XXL,https://minkang.x.yupoo.com/albums/83140654?uid=1,https://photo.yupoo.com/minkang/89152476/big.jpg,https://photo.yupoo.com/minkang/b5ba826f/big.jpg
20/21 Manchester City Away S-XXXL,https://minkang.x.yupoo.com/albums/82783555?uid=1,https://photo.yupoo.com/minkang/2546d8a5/big.jpg,https://photo.yupoo.com/minkang/d511246e/big.jpg
Retro 86/88 M-U third away S-XXL,https://minkang.x.yupoo.com/albums/82590867?uid=1,https://photo.yupoo.com/minkang/2e156106/big.jpg,https://photo.yupoo.com/minkang/1a3d8ad0/big.jpg
Retro 97/98 M-U away S-XXL,https://minkang.x.yupoo.com/albums/82590609?uid=1,https://photo.yupoo.com/minkang/6e6e6d83/big.jpg,https://photo.yupoo.com/minkang/bed00b3a/big.jpg
Retro 83/84 M-U home S-XXL,https://minkang.x.yupoo.com/albums/82590436?uid=1,https://photo.yupoo.com/minkang/d07162a3/big.jpg,https://photo.yupoo.com/minkang/28c9c34d/big.jpg
Retro 1996 M-U home S-XXL,https://minkang.x.yupoo.com/albums/82355807?uid=1,https://photo.yupoo.com/minkang/8dc95ece/big.jpg,https://photo.yupoo.com/minkang/050ae735/big.jpg
Retro Long Sleeve 1996 M-U home S-XXL,https://minkang.x.yupoo.com/albums/82355782?uid=1,https://photo.yupoo.com/minkang/1140e5a6/big.jpg,https://photo.yupoo.com/minkang/9d280d2b/big.jpg
Retro Long Sleeve 1998 England home S- XXL,https://minkang.x.yupoo.com/albums/82355761?uid=1,https://photo.yupoo.com/minkang/1c0210ef/big.jpg,https://photo.yupoo.com/minkang/4fd0a02a/big.jpg
Retro 92/93 M-U in the  away S-XXL,https://minkang.x.yupoo.com/albums/82311450?uid=1,https://photo.yupoo.com/minkang/c1290c6e/big.jpg,https://photo.yupoo.com/minkang/ff59be51/big.jpg
Retro 1998 England home S- XXL,https://minkang.x.yupoo.com/albums/82311441?uid=1,https://photo.yupoo.com/minkang/21dcdc77/big.jpg,https://photo.yupoo.com/minkang/ae067f7c/big.jpg
Retro 05/06 Arsenal home S-XXL,https://minkang.x.yupoo.com/albums/82258615?uid=1,https://photo.yupoo.com/minkang/cb4d8d63/big.jpg,https://photo.yupoo.com/minkang/74a95e8f/big.jpg
Retro 92/94 M-U home S-XXL,https://minkang.x.yupoo.com/albums/82258472?uid=1,https://photo.yupoo.com/minkang/0a38bd60/big.jpg,https://photo.yupoo.com/minkang/8d0a72fa/big.jpg
Retro 12/13 M-U home S-XXL,https://minkang.x.yupoo.com/albums/82258382?uid=1,https://photo.yupoo.com/minkang/1a2ed536/big.jpg,https://photo.yupoo.com/minkang/fd28bbda/big.jpg
Retro 90/92 M-U  away S-XXL,https://minkang.x.yupoo.com/albums/82258247?uid=1,https://photo.yupoo.com/minkang/0fcacf00/big.jpg,https://photo.yupoo.com/minkang/086513a6/big.jpg
Retro 88/90 M-U third away S-XXL,https://minkang.x.yupoo.com/albums/82216316?uid=1,https://photo.yupoo.com/minkang/2e984868/big.jpg,https://photo.yupoo.com/minkang/94706c3d/big.jpg
Retro 90/92 M-U  home S-XXL,https://minkang.x.yupoo.com/albums/82216285?uid=1,https://photo.yupoo.com/minkang/cfa76b3c/big.jpg,https://photo.yupoo.com/minkang/4f48e12b/big.jpg
Retro 91/93 Arsenal away S-XXL,https://minkang.x.yupoo.com/albums/82216237?uid=1,https://photo.yupoo.com/minkang/ae0804bd/big.jpg,https://photo.yupoo.com/minkang/cf060bcb/big.jpg
Retro 1990 England home S-XXL,https://minkang.x.yupoo.com/albums/82216204?uid=1,https://photo.yupoo.com/minkang/5207ff66/big.jpg,https://photo.yupoo.com/minkang/fcd92481/big.jpg
Retro Chelsea 03/05 home S-XXL,https://minkang.x.yupoo.com/albums/82070589?uid=1,https://photo.yupoo.com/minkang/769ace4b/big.jpg,https://photo.yupoo.com/minkang/5ba12018/big.jpg
Retro 07/08 M-U Champions League version home S-XXL,https://minkang.x.yupoo.com/albums/81525015?uid=1,https://photo.yupoo.com/minkang/dd325bd7/big.jpg,https://photo.yupoo.com/minkang/2f64fb16/big.jpg
Retro long-sleeved 98/99 M-U home S-XXL,https://minkang.x.yupoo.com/albums/81520220?uid=1,https://photo.yupoo.com/minkang/3e4050f9/big.jpg,https://photo.yupoo.com/minkang/50828d95/big.jpg
Retro 92/94 M-U away S-XXL,https://minkang.x.yupoo.com/albums/81520122?uid=1,https://photo.yupoo.com/minkang/9a54c8cf/big.jpg,https://photo.yupoo.com/minkang/46cb5e19/big.jpg
Retro 11/12 Chelsea Champions League version home S-XXL,https://minkang.x.yupoo.com/albums/81517637?uid=1,https://photo.yupoo.com/minkang/f8731a55/big.jpg,https://photo.yupoo.com/minkang/070c0707/big.jpg
