liga,equipo,nombre,url_producto,precio,precio_habitual,foto_1,foto_2,foto_3,foto_4,foto_5,foto_6,foto_7,foto_8,foto_9,foto_10
Liga Chilena,Colo-Colo,Camiseta Colo-Colo 2025/26 Entrenamiento Adultos,https://camarindelabuelo.cl/products/camiseta-colo-colo-2025-26-entrenamiento,27990,32990,https://cdn.shopify.com/s/files/1/0669/0943/8050/files/7b05ca5a-882f-48ba-beda-f76a210560a1.png?v=1787771830,,,,,,,,,
Liga Chilena,Colo-Colo,Camiseta Colo-Colo Visitante 2003 Adultos,https://camarindelabuelo.cl/products/camiseta-colo-colo-visitante-2003-adultos,31990,36990,https://cdn.shopify.com/s/files/1/0669/0943/8050/files/9f327fec.jpg?v=1788616359,https://cdn.shopify.com/s/files/1/0669/0943/8050/files/09811288.jpg?v=1788616361,,,,,,,,
Liga Chilena,Universidad de Chile,Camiseta Universidad de Chile ADES Local 1998 Adultos,https://camarindelabuelo.cl/products/camiseta-universidad-de-chile-ades-local-1998-adultos,32990,36990,https://cdn.shopify.com/s/files/1/0669/0943/8050/files/110391b5-0f4f-459e-9292-ab68af39c255.png?v=1788109300,https://cdn.shopify.com/s/files/1/0669/0943/8050/files/700c3d44_1.jpg?v=1788109244,,,,,,,,
Liga Chilena,Universidad de Chile,Camiseta Universidad de Chile Clasic 26/27 Adultos Manga Larga,https://camarindelabuelo.cl/products/camiseta-universidad-de-chile-clasic-26-27-adultos-manga-larga,35990,,https://cdn.shopify.com/s/files/1/0669/0943/8050/files/b507ef3f.jpg?v=1786664256,https://cdn.shopify.com/s/files/1/0669/0943/8050/files/7160a511.jpg?v=1786664254,,,,,,,,
Liga Chilena,Universidad de Chile,Camiseta Universidad de Chile Local 1993 Adultos,https://camarindelabuelo.cl/products/camiseta-universidad-de-chile-local-1993-adultos,31990,36990,https://cdn.shopify.com/s/files/1/0669/0943/8050/files/2cacd551.jpg?v=1787678558,https://cdn.shopify.com/s/files/1/0669/0943/8050/files/16dac854.jpg?v=1787678559,,,,,,,,
Liga Chilena,Universidad de Chile,Camiseta Universidad de Chile Local 2001/02 Adultos,https://camarindelabuelo.cl/products/camiseta-universidad-de-chile-local-2001-02-adultos,31990,36990,https://cdn.shopify.com/s/files/1/0669/0943/8050/files/4a294bd8_1.jpg?v=1787574626,https://cdn.shopify.com/s/files/1/0669/0943/8050/files/afa49ebc_1.jpg?v=1787574629,,,,,,,,
Liga Chilena,Universidad de Chile,Camiseta Universidad de Chile Local 2006 Adultos,https://camarindelabuelo.cl/products/camiseta-universidad-de-chile-local-2006-adultos,31990,36990,https://cdn.shopify.com/s/files/1/0669/0943/8050/files/2a49ebc0-ff97-4acd-a7de-4d86eb0d5d6f.png?v=1789388985,https://cdn.shopify.com/s/files/1/0669/0943/8050/files/118c93ec.jpg?v=1789388634,https://cdn.shopify.com/s/files/1/0669/0943/8050/files/1b55e4c8.jpg?v=1789388634,https://cdn.shopify.com/s/files/1/0669/0943/8050/files/965c4036.jpg?v=1789388635,https://cdn.shopify.com/s/files/1/0669/0943/8050/files/6b5b349c.jpg?v=1789388634,https://cdn.shopify.com/s/files/1/0669/0943/8050/files/81d4d2cb.jpg?v=1789388634,,,,
Liga Chilena,Universidad de Chile,Camiseta Universidad de Chile Local 25/26 Adultos,https://camarindelabuelo.cl/products/camiseta-universidad-de-chile-local-24-25-adultos,27990,32990,https://cdn.shopify.com/s/files/1/0669/0943/8050/files/5c63576d.jpg?v=1788043448,https://cdn.shopify.com/s/files/1/0669/0943/8050/files/58a8be66.jpg?v=1788043450,,,,,,,,
Liga Chilena,Universidad de Chile,Camiseta Universidad de Chile Versión Clasic 26/27 Adultos Manga Larga,https://camarindelabuelo.cl/products/camiseta-universidad-de-chile-version-clasic-26-27-adultos-manga-larga,35990,,https://cdn.shopify.com/s/files/1/0669/0943/8050/files/17f081b8-1108-488d-baa3-0851c6090adc_1.png?v=1787327159,https://cdn.shopify.com/s/files/1/0669/0943/8050/files/5a180e0b.png?v=1787327161,https://cdn.shopify.com/s/files/1/0669/0943/8050/files/47ffe7f5.png?v=1787327174,,,,,,,
Liga Chilena,Universidad de Chile,Camiseta Universidad de Chile Visitante 2001/02 Adultos,https://camarindelabuelo.cl/products/camiseta-universidad-de-chile-visitante-2001-02-adultos,31990,36990,https://cdn.shopify.com/s/files/1/0669/0943/8050/files/629ce0cb.jpg?v=1787574667,https://cdn.shopify.com/s/files/1/0669/0943/8050/files/8089ea1d.jpg?v=1787574669,,,,,,,,
Liga Chilena,Universidad de Chile,Camiseta Universidad de Chile Visitante 26/27 Adultos Manga Larga,https://camarindelabuelo.cl/products/camiseta-universidad-de-chile-visitante-26-27-adultos-manga-larga,29990,32990,https://cdn.shopify.com/s/files/1/0669/0943/8050/files/a6fb9e12.jpg?v=1786156346,https://cdn.shopify.com/s/files/1/0669/0943/8050/files/628758aa.jpg?v=1786156344,,,,,,,,
Liga Española,Athletic Club,Camiseta Athletic Bilbao Local 26/27 Adultos,https://camarindelabuelo.cl/products/camiseta-athletic-bilbao-local-26-27-adultos,27990,32990,https://cdn.shopify.com/s/files/1/0669/0943/8050/files/e5eddc86.jpg?v=1786500082,https://cdn.shopify.com/s/files/1/0669/0943/8050/files/582af22d.jpg?v=1786500079,,,,,,,,
Liga Española,Atlético de Madrid,Camiseta + Short Atletico de Madrid Visitante SpiderMan Manga Larga 2004/05 Niños,https://camarindelabuelo.cl/products/camiseta-short-atletico-de-madrid-2004-05-ninos,34990,,https://cdn.shopify.com/s/files/1/0669/0943/8050/files/a37febcd.jpg?v=1788056257,https://cdn.shopify.com/s/files/1/0669/0943/8050/files/04e0da58.jpg?v=1788056259,,,,,,,,
Liga Española,Atlético de Madrid,Camiseta Atletico de Madrid Local 26/27 Adultos,https://camarindelabuelo.cl/products/camiseta-atletico-de-madrid-local-adultos,27990,32990,https://cdn.shopify.com/s/files/1/0669/0943/8050/files/98867596.png?v=1786154191,https://cdn.shopify.com/s/files/1/0669/0943/8050/files/9bc48037.png?v=1786154190,,,,,,,,
Liga Española,Atlético de Madrid,Camiseta Atletico de Madrid Local SpiderMan Manga Larga 2004/05 Adultos,https://camarindelabuelo.cl/products/camiseta-atletico-de-madrid-local-spiderman-manga-larga-2004-05-adultos,34990,,https://cdn.shopify.com/s/files/1/0669/0943/8050/files/0a13eda2.jpg?v=1788056540,https://cdn.shopify.com/s/files/1/0669/0943/8050/files/98c7a8d9.jpg?v=1788056542,,,,,,,,
Liga Española,Atlético de Madrid,Camiseta Atletico de Madrid VIsitante 25/26 Adultos,https://camarindelabuelo.cl/products/camiseta-atletico-de-madrid-visitante-25-26-adultos,27990,32990,https://cdn.shopify.com/s/files/1/0669/0943/8050/files/e2fe1a32.jpg?v=1783606655,https://cdn.shopify.com/s/files/1/0669/0943/8050/files/9b94bc04.jpg?v=1783606651,,,,,,,,
Liga Española,Atlético de Madrid,Camiseta Atletico de Madrid VIsitante 26/27 Adultos,https://camarindelabuelo.cl/products/camiseta-atletico-de-madrid-visitante-26-27-adultos,27990,32990,https://cdn.shopify.com/s/files/1/0669/0943/8050/files/a44101c8.jpg?v=1783606728,https://cdn.shopify.com/s/files/1/0669/0943/8050/files/29516012.jpg?v=1783606725,,,,,,,,
Liga Española,Atlético de Madrid,Camiseta Atletico de Madrid VIsitante SpiderMan 2004/05 Adultos,https://camarindelabuelo.cl/products/camiseta-atletico-de-madrid-visitante-spiderman-2004-05-adultos,32990,,https://cdn.shopify.com/s/files/1/0669/0943/8050/files/e9e6ed18.jpg?v=1788056464,https://cdn.shopify.com/s/files/1/0669/0943/8050/files/b34013dc.jpg?v=1788056467,,,,,,,,
Liga Española,Atlético de Madrid,Camiseta Atletico de Madrid VIsitante SpiderMan Manga Larga 2004/05 Adultos,https://camarindelabuelo.cl/products/camiseta-atletico-de-madrid-visitante-spiderman-manga-larga-2004-05-adultos,34990,,https://cdn.shopify.com/s/files/1/0669/0943/8050/files/376e49a0.jpg?v=1788056402,https://cdn.shopify.com/s/files/1/0669/0943/8050/files/02273e56.jpg?v=1788056404,,,,,,,,
Liga Española,Celta de Vigo,Camiseta Celta de Vigo Local 26/27 Adultos,https://camarindelabuelo.cl/products/camiseta-celta-de-vigo-local-26-27-adultos,27990,32990,https://cdn.shopify.com/s/files/1/0669/0943/8050/files/e1e26826.jpg?v=1786544368,https://cdn.shopify.com/s/files/1/0669/0943/8050/files/517b722f.jpg?v=1786544365,,,,,,,,
Liga Española,Celta de Vigo,Camiseta Celta de Vigo Visitante 26/27 Adultos,https://camarindelabuelo.cl/products/camiseta-celta-de-vigo-visitante-26-27-adultos,27990,32990,https://cdn.shopify.com/s/files/1/0669/0943/8050/files/abf31691.jpg?v=1786544408,https://cdn.shopify.com/s/files/1/0669/0943/8050/files/eede6f94.jpg?v=1786544406,,,,,,,,
Liga Española,Deportivo La Coruña,Camiseta Deportivo La Coruña Local 26/27 Adultos,https://camarindelabuelo.cl/products/camiseta-deportivo-la-coruna-local-26-27-adultos,27990,32990,https://cdn.shopify.com/s/files/1/0669/0943/8050/files/186ff84d.jpg?v=1786154888,https://cdn.shopify.com/s/files/1/0669/0943/8050/files/32a46d6c.jpg?v=1786154886,,,,,,,,
Liga Española,Deportivo La Coruña,Camiseta La Coruña Local 26/27 Adultos,https://camarindelabuelo.cl/products/camiseta-la-coruna-local-26-27-adultos,27990,32990,https://cdn.shopify.com/s/files/1/0669/0943/8050/files/1d838870-17f7-41ba-9e8f-2ac67828f7ed.png?v=1785199963,https://cdn.shopify.com/s/files/1/0669/0943/8050/files/19ea8d009fe5819189a6b424.jpg?v=1785199974,https://cdn.shopify.com/s/files/1/0669/0943/8050/files/bf83f56d3995becca7b277a5.jpg?v=1785199976,,,,,,,
Liga Española,Deportivo La Coruña,Camiseta La Coruña Visitante 26/27 Adultos,https://camarindelabuelo.cl/products/camiseta-la-coruna-visitante-26-27-adultos,27990,32990,https://cdn.shopify.com/s/files/1/0669/0943/8050/files/2347ec04-d086-4f4f-b4eb-9d184d4c5578.png?v=1785200105,https://cdn.shopify.com/s/files/1/0669/0943/8050/files/716d39b244bd361deda6ea29.jpg?v=1785200082,https://cdn.shopify.com/s/files/1/0669/0943/8050/files/bf0f87d16a119fe0607eecf5.jpg?v=1785200080,,,,,,,
Liga Española,Espanyol,Camiseta Espanyol Local 26/27 Adultos,https://camarindelabuelo.cl/products/camiseta-espanyol-local-26-27-adultos,27990,32990,https://cdn.shopify.com/s/files/1/0669/0943/8050/files/590f8f6b.jpg?v=1786544585,https://cdn.shopify.com/s/files/1/0669/0943/8050/files/c9f10e06.jpg?v=1786544583,,,,,,,,
Liga Española,FC Barcelona,Camiseta + Short FC Barcelona 2008/09 Manga Larga Niños,https://camarindelabuelo.cl/products/camiseta-short-fc-barcelona-2008-09-ninos-copia,34990,,https://cdn.shopify.com/s/files/1/0669/0943/8050/files/caee712e.jpg?v=1786629511,https://cdn.shopify.com/s/files/1/0669/0943/8050/files/555ed28f.jpg?v=1786629509,,,,,,,,
Liga Española,FC Barcelona,Camiseta + Short FC Barcelona 25/26 Portero Niños,https://camarindelabuelo.cl/products/camiseta-short-fc-barcelona-25-26-portero-ninos,27990,32990,https://cdn.shopify.com/s/files/1/0669/0943/8050/files/178dd728-8e49-46f4-babb-94cded3f8776.png?v=1788044137,https://cdn.shopify.com/s/files/1/0669/0943/8050/files/38a8dba8.jpg?v=1788044042,https://cdn.shopify.com/s/files/1/0669/0943/8050/files/d1939f0e.jpg?v=1788044040,https://cdn.shopify.com/s/files/1/0669/0943/8050/files/7df6f038.jpg?v=1788044022,,,,,,
Liga Española,FC Barcelona,Camiseta + Short FC Barcelona Tercera 26/27 Niños,https://camarindelabuelo.cl/products/camiseta-short-fc-barcelona-tercera-26-27-ninos,27990,32990,https://cdn.shopify.com/s/files/1/0669/0943/8050/files/f1d8fa60.jpg?v=1788051279,https://cdn.shopify.com/s/files/1/0669/0943/8050/files/816fbaae.jpg?v=1788051276,,,,,,,,
Liga Española,FC Barcelona,Camiseta Barcelona 2012/13 Visitante Adultos,https://camarindelabuelo.cl/products/camiseta-barcelona-2012-13-visitante-adultos,31990,36990,https://cdn.shopify.com/s/files/1/0669/0943/8050/files/f7775200.jpg?v=1789826484,https://cdn.shopify.com/s/files/1/0669/0943/8050/files/f4729453.jpg?v=1789826486,,,,,,,,
Liga Española,FC Barcelona,Camiseta Barcelona 2014/2015 Visitante Adultos,https://camarindelabuelo.cl/products/camiseta-barcelona-2014-2015-visitante-adultos,32990,34990,https://cdn.shopify.com/s/files/1/0669/0943/8050/files/5ecb5d01.jpg?v=1789826297,https://cdn.shopify.com/s/files/1/0669/0943/8050/files/1f74f513.jpg?v=1789826299,,,,,,,,
Liga Española,FC Barcelona,Camiseta Barcelona 2018/2019 Tercera Adultos,https://camarindelabuelo.cl/products/camiseta-barcelona-2018-2019-tercera-adultos,32990,34990,https://cdn.shopify.com/s/files/1/0669/0943/8050/files/da218064.jpg?v=1785609431,https://cdn.shopify.com/s/files/1/0669/0943/8050/files/685bfe9e.jpg?v=1785609429,,,,,,,,
Liga Española,FC Barcelona,Camiseta Barcelona 2023/24 Tercera Adultos,https://camarindelabuelo.cl/products/camiseta-barcelona-2023-24-tercera-adultos,29990,36990,https://cdn.shopify.com/s/files/1/0669/0943/8050/files/8fb193d5-d6e4-4bbb-ba16-396201a274fc.png?v=1787243911,https://cdn.shopify.com/s/files/1/0669/0943/8050/files/d7f3ba13.png?v=1787243899,https://cdn.shopify.com/s/files/1/0669/0943/8050/files/c32b71c3.png?v=1787243901,,,,,,,
Liga Española,FC Barcelona,Camiseta Barcelona Visitante 26/27 Mujer,https://camarindelabuelo.cl/products/camiseta-barcelona-visitante-26-27-mujer,27990,32990,https://cdn.shopify.com/s/files/1/0669/0943/8050/files/073ae5dd.jpg?v=1789826648,https://cdn.shopify.com/s/files/1/0669/0943/8050/files/60169bfe.jpg?v=1789826650,,,,,,,,
Liga Española,FC Barcelona,Camiseta Barcelona x Cactus Jack Special Edition Adultos,https://camarindelabuelo.cl/products/camiseta-barcelona-x-cactus-jack-special-edition-adultos,33990,34990,https://cdn.shopify.com/s/files/1/0669/0943/8050/files/675b9859-4f06-4d8c-b424-4dc20f7f9463.png?v=1788747604,https://cdn.shopify.com/s/files/1/0669/0943/8050/files/7686c427.jpg?v=1788747605,https://cdn.shopify.com/s/files/1/0669/0943/8050/files/926ac88b.jpg?v=1788747608,https://cdn.shopify.com/s/files/1/0669/0943/8050/files/9ec15c95.jpg?v=1788747611,,,,,,
Liga Española,FC Barcelona,Camiseta FC Barcelona Cuarta 26/27 Adultos,https://camarindelabuelo.cl/products/camiseta-fc-barcelona-cuarta-26-27-adultos,27990,32990,https://cdn.shopify.com/s/files/1/0669/0943/8050/files/34191d3d.jpg?v=1788050896,https://cdn.shopify.com/s/files/1/0669/0943/8050/files/6e6a1150.jpg?v=1788050894,,,,,,,,
Liga Española,FC Barcelona,Camiseta FC Barcelona Trueno Version 26/27 Adultos,https://camarindelabuelo.cl/products/camiseta-fc-barcelona-trueno-version-26-27-adultos,28990,32990,https://cdn.shopify.com/s/files/1/0669/0943/8050/files/846f1bda-d0cb-4c44-9511-573b0ead569a_1.png?v=1787343338,https://cdn.shopify.com/s/files/1/0669/0943/8050/files/150c5a60.jpg?v=1787343381,,,,,,,,
Liga Española,FC Barcelona,Camiseta FC Barcelona Visitante 24/25 Adultos,https://camarindelabuelo.cl/products/camiseta-fc-barcelona-visitante-24-25-adultos,27990,32990,https://cdn.shopify.com/s/files/1/0669/0943/8050/files/6d987218-ea32-4550-98bc-271ba6934f73.png?v=1782056736,https://cdn.shopify.com/s/files/1/0669/0943/8050/files/IMG-1981.jpg?v=1782056738,https://cdn.shopify.com/s/files/1/0669/0943/8050/files/IMG-1982.jpg?v=1782056736,,,,,,,
Liga Española,Málaga,Camiseta Málaga Local 26/27 Adultos,https://camarindelabuelo.cl/products/camiseta-deportivo-malaga-local-26-27-adultos-copia,27990,32990,https://cdn.shopify.com/s/files/1/0669/0943/8050/files/c7e7ba84.jpg?v=1786155027,https://cdn.shopify.com/s/files/1/0669/0943/8050/files/c3df8ea6.jpg?v=1786155025,,,,,,,,
Liga Española,Málaga,Camiseta Málaga Visitante 25/26 Adultos,https://camarindelabuelo.cl/products/camiseta-malaga-visitante-25-26-adultos,27990,32990,https://cdn.shopify.com/s/files/1/0669/0943/8050/files/M47A4124.jpg?v=1782961208,https://cdn.shopify.com/s/files/1/0669/0943/8050/files/M47A4132.jpg?v=1782961208,,,,,,,,
Liga Española,Real Betis,Camiseta + Short Real Betis Local 26/27 Niños,https://camarindelabuelo.cl/products/camiseta-short-real-betis-local-26-27-ninos,27990,32990,https://cdn.shopify.com/s/files/1/0669/0943/8050/files/4bb5d30f.jpg?v=1786154070,https://cdn.shopify.com/s/files/1/0669/0943/8050/files/2881c7ea.jpg?v=1786154068,,,,,,,,
Liga Española,Real Betis,Camiseta Real Betis Local 26/27 Adultos,https://camarindelabuelo.cl/products/camiseta-real-betis-local-26-27-adultos,27990,32990,https://cdn.shopify.com/s/files/1/0669/0943/8050/files/ba0888c1.jpg?v=1786153891,https://cdn.shopify.com/s/files/1/0669/0943/8050/files/8d2b84d0.jpg?v=1786153889,,,,,,,,
Liga Española,Real Madrid,Camiseta Real Madrid 11/12 Portero Adultos,https://camarindelabuelo.cl/products/camiseta-real-madrid-11-12-portero-adultos,31990,36990,https://cdn.shopify.com/s/files/1/0669/0943/8050/files/dec05bde.jpg?v=1786981115,https://cdn.shopify.com/s/files/1/0669/0943/8050/files/c11c4877.jpg?v=1786981117,,,,,,,,
Liga Española,Real Madrid,Camiseta Real Madrid 12/13 Visitante Adultos,https://camarindelabuelo.cl/products/camiseta-real-madrid-12-13-local-adultos,31990,36990,https://cdn.shopify.com/s/files/1/0669/0943/8050/files/9e0539a1.jpg?v=1786980733,https://cdn.shopify.com/s/files/1/0669/0943/8050/files/20f783c2.jpg?v=1786980735,,,,,,,,
Liga Española,Real Madrid,Camiseta Real Madrid 13/14 Local Adultos,https://camarindelabuelo.cl/products/camiseta-real-madrid-13-14-local-adultos,31990,36990,https://cdn.shopify.com/s/files/1/0669/0943/8050/files/3c9ed331.jpg?v=1786980591,,,,,,,,,
Liga Española,Real Madrid,Camiseta Real Madrid 13/14 Local Manga Larga Adultos,https://camarindelabuelo.cl/products/camiseta-real-madrid-13-14-local-manga-larga-adultos,34990,36990,https://cdn.shopify.com/s/files/1/0669/0943/8050/files/a1513c4c.jpg?v=1784818795,https://cdn.shopify.com/s/files/1/0669/0943/8050/files/9540f58f.jpg?v=1784818793,,,,,,,,
Liga Española,Real Madrid,Camiseta Real Madrid 13/14 Tercera Adultos,https://camarindelabuelo.cl/products/camiseta-real-madrid-13-14-tercera-adultos,31990,36990,https://cdn.shopify.com/s/files/1/0669/0943/8050/files/eeb83e04.jpg?v=1786980996,https://cdn.shopify.com/s/files/1/0669/0943/8050/files/e89921df.jpg?v=1786980997,,,,,,,,
Liga Española,Real Madrid,Camiseta Real Madrid 13/14 Tercera Manga Larga Adultos,https://camarindelabuelo.cl/products/camiseta-real-madrid-13-14-tercera-manga-larga-adultos,34990,36990,https://cdn.shopify.com/s/files/1/0669/0943/8050/files/d932ba91.jpg?v=1786981040,https://cdn.shopify.com/s/files/1/0669/0943/8050/files/d31e6489.jpg?v=1786981042,,,,,,,,
Liga Española,Real Madrid,Camiseta Real Madrid 15/16 Local Manga Larga Adultos,https://camarindelabuelo.cl/products/camiseta-real-madrid-15-16-local-manga-larga-adultos,34990,36990,https://cdn.shopify.com/s/files/1/0669/0943/8050/files/067345b6.jpg?v=1784902004,https://cdn.shopify.com/s/files/1/0669/0943/8050/files/eba6aec2.jpg?v=1784902002,,,,,,,,
Liga Española,Real Madrid,Camiseta Real Madrid 16/17 Tercera Manga Larga Adultos,https://camarindelabuelo.cl/products/camiseta-real-madrid-16-17-tercera-manga-larga-adultos,35990,36990,https://cdn.shopify.com/s/files/1/0669/0943/8050/files/4927bbeb.jpg?v=1785276405,https://cdn.shopify.com/s/files/1/0669/0943/8050/files/ec9e4ded.jpg?v=1785276403,,,,,,,,
Liga Española,Real Madrid,Camiseta Real Madrid 2024/25 Visitante Adultos,https://camarindelabuelo.cl/products/camiseta-real-madrid-2024-25-visitante-adultos,29990,36990,https://cdn.shopify.com/s/files/1/0669/0943/8050/files/IMG-5692.png?v=1787494826,https://cdn.shopify.com/s/files/1/0669/0943/8050/files/F5B5420E-CAB0-4984-AEA1-00E20EF96012.jpg?v=1787494852,https://cdn.shopify.com/s/files/1/0669/0943/8050/files/650E61C2-9994-4D3D-94C5-A6803FF071B6.jpg?v=1787494852,,,,,,,
Liga Española,Real Madrid,Camiseta Real Madrid Edición Conmemorativa 26/27 Adultos,https://camarindelabuelo.cl/products/camiseta-real-madrid-edicion-conmemorativa-26-27-adultos,27990,32990,https://cdn.shopify.com/s/files/1/0669/0943/8050/files/6f629bff.jpg?v=1788051146,https://cdn.shopify.com/s/files/1/0669/0943/8050/files/86de39bf.jpg?v=1788051144,,,,,,,,
Liga Española,Real Madrid,Camiseta Real Madrid Local 2001/02 Adultos,https://camarindelabuelo.cl/products/camiseta-real-madrid-local-2001-02-adultos,34990,,https://cdn.shopify.com/s/files/1/0669/0943/8050/files/c79134c9.jpg?v=1786370608,https://cdn.shopify.com/s/files/1/0669/0943/8050/files/b9bb29e0.jpg?v=1786370606,,,,,,,,
Liga Española,Real Madrid,Camiseta Real Madrid Local 2002/03 Adultos,https://camarindelabuelo.cl/products/camiseta-real-madrid-local-2002-03-adultos,34990,,https://cdn.shopify.com/s/files/1/0669/0943/8050/files/bf5dd567.jpg?v=1786370689,https://cdn.shopify.com/s/files/1/0669/0943/8050/files/1e74f3c4.jpg?v=1786370687,,,,,,,,
Liga Española,Real Madrid,Camiseta Real Madrid Local 2004/05 Adultos,https://camarindelabuelo.cl/products/camiseta-real-madrid-local-2004-05-adultos,34990,,https://cdn.shopify.com/s/files/1/0669/0943/8050/files/21271268.jpg?v=1786370651,https://cdn.shopify.com/s/files/1/0669/0943/8050/files/78bafa5d.jpg?v=1786370649,,,,,,,,
Liga Española,Real Madrid,Camiseta Real Madrid Local 26/27 Mujer,https://camarindelabuelo.cl/products/camiseta-real-madrid-local-26-27-mujer,27990,32990,https://cdn.shopify.com/s/files/1/0669/0943/8050/files/5512a44f.jpg?v=1781833424,https://cdn.shopify.com/s/files/1/0669/0943/8050/files/f5f2ce70.jpg?v=1781833422,,,,,,,,
Liga Española,Real Madrid,Camiseta Real Madrid Portero 26/27 Adultos,https://camarindelabuelo.cl/products/camiseta-real-madrid-portero-25-26-adultos,27990,32990,https://cdn.shopify.com/s/files/1/0669/0943/8050/files/74ac00f4-2e47-45c2-a0e7-83443ef7a82a.png?v=1784921121,https://cdn.shopify.com/s/files/1/0669/0943/8050/files/9af710b5.jpg?v=1789826178,,,,,,,,
Liga Española,Real Madrid,Camiseta Real Madrid Tercera 26/27 Manga Larga Adultos,https://camarindelabuelo.cl/products/camiseta-real-madrid-tercera-26-27-manga-larga-adultos,29990,32990,https://cdn.shopify.com/s/files/1/0669/0943/8050/files/69b61963.jpg?v=1784414671,https://cdn.shopify.com/s/files/1/0669/0943/8050/files/c3ada704.jpg?v=1784414669,,,,,,,,
Liga Española,Real Madrid,Camiseta Real Madrid Tercera 26/27 Mujer,https://camarindelabuelo.cl/products/camiseta-real-madrid-local-26-27-mujer-1,27990,32990,https://cdn.shopify.com/s/files/1/0669/0943/8050/files/9281d693.jpg?v=1781833767,https://cdn.shopify.com/s/files/1/0669/0943/8050/files/01b69854.jpg?v=1781833765,,,,,,,,
Liga Española,Real Madrid,Camiseta Real Madrid Tercera Manga Larga 26/27 Adultos,https://camarindelabuelo.cl/products/camiseta-real-madrid-tercera-manga-larga-26-27-adultos,29990,32990,https://cdn.shopify.com/s/files/1/0669/0943/8050/files/b0d121ba.jpg?v=1789825984,https://cdn.shopify.com/s/files/1/0669/0943/8050/files/9345c61f.jpg?v=1789825982,,,,,,,,
Liga Española,Real Madrid,Camiseta Real Madrid Visitante 26/27 Manga Larga Adultos,https://camarindelabuelo.cl/products/camiseta-real-madrid-visitante-26-27-manga-larga-adultos,29990,32990,https://cdn.shopify.com/s/files/1/0669/0943/8050/files/76fe071e-64d2-49e9-823f-75f8b1d5cc31_1.png?v=1786918406,https://cdn.shopify.com/s/files/1/0669/0943/8050/files/cdca166c-6cd4-43ec-9174-a883c1175eb7.png?v=1786918403,,,,,,,,
Liga Española,Real Oviedo,Camiseta Real Oviedo Local 26/27 Adultos,https://camarindelabuelo.cl/products/camiseta-real-oviedo-local-26-27-adultos,27990,32990,https://cdn.shopify.com/s/files/1/0669/0943/8050/files/3ac4ad2e.jpg?v=1786544703,https://cdn.shopify.com/s/files/1/0669/0943/8050/files/f369bf7c.jpg?v=1786544701,,,,,,,,
Liga Española,Sevilla,Camiseta Sevilla Tercera 26/27 Adultos,https://camarindelabuelo.cl/products/camiseta-sevilla-tercera-26-27-adultos,27990,32990,https://cdn.shopify.com/s/files/1/0669/0943/8050/files/4e3482c3.jpg?v=1786153753,https://cdn.shopify.com/s/files/1/0669/0943/8050/files/95420193.jpg?v=1786153752,,,,,,,,
Liga Española,Sevilla,Camiseta Sevilla Visitante 26/27 Adultos,https://camarindelabuelo.cl/products/camiseta-sevilla-visitante-26-27-adultos,27990,32990,https://cdn.shopify.com/s/files/1/0669/0943/8050/files/f567ef24.jpg?v=1786153635,https://cdn.shopify.com/s/files/1/0669/0943/8050/files/a737571a.jpg?v=1786153633,,,,,,,,
Liga Española,Villarreal,Camiseta Villareal Local 26/27 Adultos,https://camarindelabuelo.cl/products/camiseta-villareal-local-26-27-adultos,27990,32990,https://cdn.shopify.com/s/files/1/0669/0943/8050/files/c64eb409.jpg?v=1786544776,https://cdn.shopify.com/s/files/1/0669/0943/8050/files/cebda60f.jpg?v=1786544774,,,,,,,,
Liga Inglesa,Arsenal,Camiseta + Short Arsenal Local 26/27 Niños,https://camarindelabuelo.cl/products/camiseta-short-arsenal-26-27-ninos,27990,32990,https://cdn.shopify.com/s/files/1/0669/0943/8050/files/0480e314.jpg?v=1784856481,https://cdn.shopify.com/s/files/1/0669/0943/8050/files/ebf4649a.jpg?v=1784856478,,,,,,,,
Liga Inglesa,Arsenal,Camiseta + Short Arsenal Portero 26/27 Niños,https://camarindelabuelo.cl/products/camiseta-short-arsenal-portero-26-27-ninos,27990,32990,https://cdn.shopify.com/s/files/1/0669/0943/8050/files/2433df8d.jpg?v=1785082595,https://cdn.shopify.com/s/files/1/0669/0943/8050/files/c2e70d17.jpg?v=1785082592,,,,,,,,
Liga Inglesa,Arsenal,Camiseta Arsenal 2004/05 Adultos,https://camarindelabuelo.cl/products/camiseta-arsenal-2004-05-adultos,32990,36990,https://cdn.shopify.com/s/files/1/0669/0943/8050/files/d2505332.jpg?v=1788537525,https://cdn.shopify.com/s/files/1/0669/0943/8050/files/6937fe9a.jpg?v=1788537525,,,,,,,,
Liga Inglesa,Arsenal,Camiseta Arsenal 2004/05 Adultos Manga Larga,https://camarindelabuelo.cl/products/camiseta-arsenal-2014-15-adultos-copia,34990,36990,https://cdn.shopify.com/s/files/1/0669/0943/8050/files/276cafeb.jpg?v=1783800012,https://cdn.shopify.com/s/files/1/0669/0943/8050/files/b3dce4b6.jpg?v=1783800011,,,,,,,,
Liga Inglesa,Arsenal,Camiseta Arsenal 2005 Adultos Manga Larga,https://camarindelabuelo.cl/products/camiseta-arsenal-2005-adultos-manga-larga,34990,36990,https://cdn.shopify.com/s/files/1/0669/0943/8050/files/ee56b9c7.jpg?v=1787797472,https://cdn.shopify.com/s/files/1/0669/0943/8050/files/1fe0160d.jpg?v=1787797475,,,,,,,,
Liga Inglesa,Arsenal,Camiseta Arsenal 2016/17 Adultos,https://camarindelabuelo.cl/products/camiseta-arsenal-2016-17-adultos,31990,36990,https://cdn.shopify.com/s/files/1/0669/0943/8050/files/290a1381.jpg?v=1786371179,https://cdn.shopify.com/s/files/1/0669/0943/8050/files/22627709.jpg?v=1786371176,,,,,,,,
Liga Inglesa,Arsenal,Camiseta Arsenal Local 26/27 Adultos,https://camarindelabuelo.cl/products/camiseta-arsenal-local-26-27-adultos,27990,32990,https://cdn.shopify.com/s/files/1/0669/0943/8050/files/faf84e5b.jpg?v=1784903067,https://cdn.shopify.com/s/files/1/0669/0943/8050/files/a2a773cc.jpg?v=1784903065,,,,,,,,
Liga Inglesa,Arsenal,Camiseta Arsenal Local 26/27 Adultos Manga Larga [PLAYER VERSION],https://camarindelabuelo.cl/products/camiseta-arsenal-local-26-27-adultos-manga-larga-player-vesion,35990,,https://cdn.shopify.com/s/files/1/0669/0943/8050/files/c78ee938.jpg?v=1785082372,https://cdn.shopify.com/s/files/1/0669/0943/8050/files/8da0bd5e.jpg?v=1785082370,,,,,,,,
Liga Inglesa,Arsenal,Camiseta Arsenal Portero 26/27 Adultos,https://camarindelabuelo.cl/products/camiseta-arsenal-portero-26-27-adultos,27990,32990,https://cdn.shopify.com/s/files/1/0669/0943/8050/files/971b9407-6595-4da3-84e9-981dee989ca8.png?v=1787256519,https://cdn.shopify.com/s/files/1/0669/0943/8050/files/446ed007-cfab-42e6-8db2-0e7219e622b6.png?v=1787256539,,,,,,,,
Liga Inglesa,Arsenal,Camiseta Arsenal Tercera 26/27 Adultos,https://camarindelabuelo.cl/products/camiseta-arsenal-tercera-26-27-adultos,27990,32990,https://cdn.shopify.com/s/files/1/0669/0943/8050/files/9cf62e3c.jpg?v=1785082506,https://cdn.shopify.com/s/files/1/0669/0943/8050/files/bf5c6f5b.jpg?v=1785082504,,,,,,,,
Liga Inglesa,Arsenal,Camiseta Arsenal Tercera 26/27 Adultos Manga Larga [PLAYER VERSION],https://camarindelabuelo.cl/products/camiseta-arsenal-tercera-26-27-adultos-manga-larga-player-version,35990,,https://cdn.shopify.com/s/files/1/0669/0943/8050/files/a4990fcd.jpg?v=1785082454,https://cdn.shopify.com/s/files/1/0669/0943/8050/files/5bf71792.jpg?v=1785082445,,,,,,,,
Liga Inglesa,Arsenal,Camiseta Arsenal Terrace Icons Adultos,https://camarindelabuelo.cl/products/camiseta-arsenal-terrace-icons-adultos-1,28990,36990,https://cdn.shopify.com/s/files/1/0669/0943/8050/files/df95938e.jpg?v=1786663071,https://cdn.shopify.com/s/files/1/0669/0943/8050/files/4afbb10a.jpg?v=1786663070,,,,,,,,
Liga Inglesa,Arsenal,Camiseta Arsenal Visitante 1999/00 Adultos,https://camarindelabuelo.cl/products/camiseta-arsenal-visitante-1999-00-adultos,32990,36990,https://cdn.shopify.com/s/files/1/0669/0943/8050/files/8e25f03f.jpg?v=1785335771,https://cdn.shopify.com/s/files/1/0669/0943/8050/files/7ebf18d6.jpg?v=1785335769,,,,,,,,
Liga Inglesa,Arsenal,Camiseta Arsenal Visitante 2003/04 Adultos,https://camarindelabuelo.cl/products/camiseta-arsenal-visitante-2003-04-adultos,32990,36990,https://cdn.shopify.com/s/files/1/0669/0943/8050/files/53875298.jpg?v=1785336718,https://cdn.shopify.com/s/files/1/0669/0943/8050/files/f2815b2f.jpg?v=1785336690,,,,,,,,
Liga Inglesa,Arsenal,Camiseta Arsenal Visitante 26/27 Adultos [PLAYER VERSION],https://camarindelabuelo.cl/products/camiseta-arsenal-visitante-26-27-adultos-player-version,34990,35990,https://cdn.shopify.com/s/files/1/0669/0943/8050/files/dce541be.jpg?v=1786136338,https://cdn.shopify.com/s/files/1/0669/0943/8050/files/d16d4f47.jpg?v=1786136335,,,,,,,,
Liga Inglesa,Arsenal,Camiseta Arsenal Visitante 26/27 Mujer,https://camarindelabuelo.cl/products/camiseta-arsenal-visitante-26-27-mujer,27990,32990,https://cdn.shopify.com/s/files/1/0669/0943/8050/files/ecfe390d.jpg?v=1785082740,https://cdn.shopify.com/s/files/1/0669/0943/8050/files/44ad4f31.jpg?v=1785082738,,,,,,,,
Liga Inglesa,Aston Villa,Camiseta + Short Aston Villa Local 26/27 Niños,https://camarindelabuelo.cl/products/camiseta-short-aston-villa-local-26-27-ninos,27990,32990,https://cdn.shopify.com/s/files/1/0669/0943/8050/files/e9969c78.jpg?v=1785083259,https://cdn.shopify.com/s/files/1/0669/0943/8050/files/9bc2d3e7.jpg?v=1785083257,,,,,,,,
Liga Inglesa,Aston Villa,Camiseta Aston Villa Local 26/27 Adultos,https://camarindelabuelo.cl/products/camiseta-aston-villa-local-26-27-adultos,27990,32990,https://cdn.shopify.com/s/files/1/0669/0943/8050/files/2d07734d.jpg?v=1785083168,https://cdn.shopify.com/s/files/1/0669/0943/8050/files/b09a0fbb.jpg?v=1785083148,,,,,,,,
Liga Inglesa,Aston Villa,Camiseta Aston Villa Local 26/27 Adultos [PLAYER VERSION],https://camarindelabuelo.cl/products/camiseta-aston-villa-local-26-27-adultos-player-version,34990,35990,https://cdn.shopify.com/s/files/1/0669/0943/8050/files/6ee87cd3.jpg?v=1785083332,https://cdn.shopify.com/s/files/1/0669/0943/8050/files/dac42087.jpg?v=1785083330,,,,,,,,
Liga Inglesa,Aston Villa,Camiseta Aston Villa Local Manga Larga 26/27 Adultos,https://camarindelabuelo.cl/products/camiseta-aston-villa-local-manga-larga-26-27-adultos,29990,32990,https://cdn.shopify.com/s/files/1/0669/0943/8050/files/87f122fb-1d33-4cbd-9bd1-8f5de80bbff6.png?v=1788470874,https://cdn.shopify.com/s/files/1/0669/0943/8050/files/Capturadepantalla2026-09-03alas5.28.27p.m..png?v=1788470913,,,,,,,,
Liga Inglesa,Aston Villa,Camiseta Aston Villa Visitante 26/27 Adultos,https://camarindelabuelo.cl/products/camiseta-aston-villa-visitante-26-27-adultos,27990,32990,https://cdn.shopify.com/s/files/1/0669/0943/8050/files/18ee1d14.jpg?v=1789332480,https://cdn.shopify.com/s/files/1/0669/0943/8050/files/1610f0f3.jpg?v=1789332482,,,,,,,,
Liga Inglesa,Bradford City,Camiseta Bradford City Local 26/27 Adultos,https://camarindelabuelo.cl/products/camiseta-bradford-city-local-26-27-adultos,27990,32990,https://cdn.shopify.com/s/files/1/0669/0943/8050/files/d6b65932.jpg?v=1787270704,https://cdn.shopify.com/s/files/1/0669/0943/8050/files/5afa25ed.jpg?v=1787270702,,,,,,,,
Liga Inglesa,Brentford,Camiseta Brentford Local 26/27 Adultos,https://camarindelabuelo.cl/products/camiseta-brentford-local-26-27-adultos,27990,32990,https://cdn.shopify.com/s/files/1/0669/0943/8050/files/7d808411.jpg?v=1789332350,https://cdn.shopify.com/s/files/1/0669/0943/8050/files/29ada5bd.jpg?v=1789332351,,,,,,,,
Liga Inglesa,Cardiff,Camiseta Cardiff Local 26/27 Adultos,https://camarindelabuelo.cl/products/camiseta-cardiff-local-26-27-adultos,27990,32990,https://cdn.shopify.com/s/files/1/0669/0943/8050/files/1b7c7e62.jpg?v=1789332419,https://cdn.shopify.com/s/files/1/0669/0943/8050/files/8bf463dc.jpg?v=1789332421,,,,,,,,
Liga Inglesa,Chelsea,Camiseta + Short Chelsea Local 26/27 Niños,https://camarindelabuelo.cl/products/camiseta-short-chelsea-local-26-27-ninos,27990,32990,https://cdn.shopify.com/s/files/1/0669/0943/8050/files/dee0aaf9.jpg?v=1787248193,https://cdn.shopify.com/s/files/1/0669/0943/8050/files/aca1d6fd.jpg?v=1787248195,,,,,,,,
Liga Inglesa,Chelsea,Camiseta + Short Chelsea Visitante 26/27 Niños,https://camarindelabuelo.cl/products/camiseta-short-chelsea-visitante-26-27-ninos,27990,32990,https://cdn.shopify.com/s/files/1/0669/0943/8050/files/66cdf84b.jpg?v=1788050251,https://cdn.shopify.com/s/files/1/0669/0943/8050/files/d79bc84c.jpg?v=1788050254,,,,,,,,
Liga Inglesa,Chelsea,Camiseta Chelsea Local 25/26 Adultos,https://camarindelabuelo.cl/products/camiseta-chelsea-local-25-26-adultos,27990,32990,https://cdn.shopify.com/s/files/1/0669/0943/8050/files/e3602e2f.jpg?v=1784645762,https://cdn.shopify.com/s/files/1/0669/0943/8050/files/83a2cefc.jpg?v=1784645760,,,,,,,,
Liga Inglesa,Chelsea,Camiseta Chelsea Local 26/27 Adultos [PLAYER VERSION],https://camarindelabuelo.cl/products/camiseta-chelsea-local-26-27-adultos-player-version,32990,35990,https://cdn.shopify.com/s/files/1/0669/0943/8050/files/a31e3d93.jpg?v=1787270527,https://cdn.shopify.com/s/files/1/0669/0943/8050/files/91dcf438.jpg?v=1787270522,,,,,,,,
Liga Inglesa,Chelsea,Camiseta Chelsea Local Manga Larga 26/27 Adultos,https://camarindelabuelo.cl/products/camiseta-chelsea-local-manga-larga-26-27-adultos,29990,32990,https://cdn.shopify.com/s/files/1/0669/0943/8050/files/0d40f4f7.jpg?v=1789826755,https://cdn.shopify.com/s/files/1/0669/0943/8050/files/7c0a8c46.jpg?v=1789826757,,,,,,,,
Liga Inglesa,Chelsea,Camiseta Chelsea Tercera 26/27 Adultos,https://camarindelabuelo.cl/products/camiseta-chelsea-tercera-26-27-adultos,27990,32990,https://cdn.shopify.com/s/files/1/0669/0943/8050/files/bcb34c47.jpg?v=1788187789,https://cdn.shopify.com/s/files/1/0669/0943/8050/files/1aa50a99.jpg?v=1788187789,,,,,,,,
Liga Inglesa,Chelsea,Camiseta Chelsea Tercera 26/27 Adultos [PLAYER VERSION],https://camarindelabuelo.cl/products/camiseta-chelsea-tercera-26-27-adultos-player-version,32990,35990,https://cdn.shopify.com/s/files/1/0669/0943/8050/files/21136578.jpg?v=1785082059,https://cdn.shopify.com/s/files/1/0669/0943/8050/files/585e3f14.jpg?v=1785082057,,,,,,,,
Liga Inglesa,Chelsea,Camiseta Chelsea Visitante 2003/05 Adultos,https://camarindelabuelo.cl/products/camiseta-chelsea-visitante-2003-05-adultos,31990,34990,https://cdn.shopify.com/s/files/1/0669/0943/8050/files/14b101bc.jpg?v=1788142019,https://cdn.shopify.com/s/files/1/0669/0943/8050/files/dd6ac786.jpg?v=1788142022,,,,,,,,
Liga Inglesa,Chelsea,Camiseta Chelsea Visitante 26/27 Adultos,https://camarindelabuelo.cl/products/camiseta-chelsea-tercera-26-27-adultos-1,27990,32990,https://cdn.shopify.com/s/files/1/0669/0943/8050/files/2ab54676.jpg?v=1789332632,https://cdn.shopify.com/s/files/1/0669/0943/8050/files/3da292d4.jpg?v=1789332630,,,,,,,,
Liga Inglesa,Chelsea,Camiseta ChelseaTercera 26/27 Adultos Manga Larga [PLAYER VERSION],https://camarindelabuelo.cl/products/camiseta-chelseatercera-26-27-adultos-manga-larga-player-version,35990,,https://cdn.shopify.com/s/files/1/0669/0943/8050/files/4c65cc1e.jpg?v=1785082158,https://cdn.shopify.com/s/files/1/0669/0943/8050/files/f04dbe9e.jpg?v=1785082155,,,,,,,,
Liga Inglesa,Crystal Palace,Camiseta Crystal Palace Local 26/27 Adultos,https://camarindelabuelo.cl/products/camiseta-crystal-palace-local-26-27-adultos,27990,32990,https://cdn.shopify.com/s/files/1/0669/0943/8050/files/3f34fbe4-078b-470d-a6f8-f64f10f6f277.png?v=1788321237,https://cdn.shopify.com/s/files/1/0669/0943/8050/files/a8619b2a.jpg?v=1788321122,https://cdn.shopify.com/s/files/1/0669/0943/8050/files/c755782f.jpg?v=1788321126,https://cdn.shopify.com/s/files/1/0669/0943/8050/files/c4a412fa.jpg?v=1788321124,,,,,,
Liga Inglesa,Crystal Palace,Camiseta Crystal Palace Local 26/27 Adultos [PLAYER VERSION],https://camarindelabuelo.cl/products/camiseta-crystal-palace-visitante-26-27-adultos-player-version,34990,35990,https://cdn.shopify.com/s/files/1/0669/0943/8050/files/fdedce17-5518-4322-8410-30e281f3f209.png?v=1788320922,https://cdn.shopify.com/s/files/1/0669/0943/8050/files/c91706b3.jpg?v=1788320955,https://cdn.shopify.com/s/files/1/0669/0943/8050/files/5bb2c344.jpg?v=1788320964,https://cdn.shopify.com/s/files/1/0669/0943/8050/files/a005a453.jpg?v=1788320977,https://cdn.shopify.com/s/files/1/0669/0943/8050/files/f6d75bb9.jpg?v=1788320990,https://cdn.shopify.com/s/files/1/0669/0943/8050/files/4bdff634.jpg?v=1788321003,,,,
Liga Inglesa,Crystal Palace,Camiseta Crystal Palace Tercera 26/27 Adultos [PLAYER VERSION],https://camarindelabuelo.cl/products/camiseta-crystal-palace-tercera-26-27-adultos-player-version,34990,35990,https://cdn.shopify.com/s/files/1/0669/0943/8050/files/469c5f7a-40e8-44bf-90b3-2e04233d22a3.png?v=1788321817,https://cdn.shopify.com/s/files/1/0669/0943/8050/files/8a33e5e2.png?v=1788321606,https://cdn.shopify.com/s/files/1/0669/0943/8050/files/910e51b7.png?v=1788321608,,,,,,,
Liga Inglesa,Crystal Palace,Camiseta Crystal Palace Visitante 26/27 Adultos,https://camarindelabuelo.cl/products/camiseta-crystal-palace-visitante-26-27-adultos-copia,27990,32990,https://cdn.shopify.com/s/files/1/0669/0943/8050/files/cbb529b8-bb0c-43f0-84de-0c7c448ea941.png?v=1788321515,https://cdn.shopify.com/s/files/1/0669/0943/8050/files/537e418f.jpg?v=1788321512,https://cdn.shopify.com/s/files/1/0669/0943/8050/files/10318c8f.jpg?v=1788321510,https://cdn.shopify.com/s/files/1/0669/0943/8050/files/8e5727d8.jpg?v=1788321508,,,,,,
Liga Inglesa,Derby County,Camiseta Derby County Local 26/27 Adultos,https://camarindelabuelo.cl/products/camiseta-derby-country-local-26-27-adultos,27990,32990,https://cdn.shopify.com/s/files/1/0669/0943/8050/files/d8e78e9d.jpg?v=1785098953,https://cdn.shopify.com/s/files/1/0669/0943/8050/files/c839fc6b.jpg?v=1785098950,,,,,,,,
Liga Inglesa,Everton,Camiseta + Short Everton Local 26/27 Niños,https://camarindelabuelo.cl/products/camiseta-short-everton-local-26-27-ninos,27990,32990,https://cdn.shopify.com/s/files/1/0669/0943/8050/files/2dfc8842_1.jpg?v=1789333171,https://cdn.shopify.com/s/files/1/0669/0943/8050/files/330a2de3_1.jpg?v=1789333172,,,,,,,,
Liga Inglesa,Everton,Camiseta Everton Local 26/27 Adultos,https://camarindelabuelo.cl/products/camiseta-everton-local-26-27-adultos,27990,32990,https://cdn.shopify.com/s/files/1/0669/0943/8050/files/601e6862-1ee1-403d-b594-1378f02521e5_1.png?v=1785258011,https://cdn.shopify.com/s/files/1/0669/0943/8050/files/47cd5c7d.jpg?v=1785257998,https://cdn.shopify.com/s/files/1/0669/0943/8050/files/16a29695.jpg?v=1785257997,,,,,,,
Liga Inglesa,Fulham,Camiseta Fulham Local 26/27 Adultos,https://camarindelabuelo.cl/products/camiseta-fulham-local-26-27-adultos,27990,32990,https://cdn.shopify.com/s/files/1/0669/0943/8050/files/580b8b90-4d2c-4b75-bcf2-706d618a7278.png?v=1787751407,https://cdn.shopify.com/s/files/1/0669/0943/8050/files/Fulham-2026-27-Home-Soccer-Jersey-0.webp?v=1787751418,https://cdn.shopify.com/s/files/1/0669/0943/8050/files/Fulham-2026-27-Home-Soccer-Jersey-1.webp?v=1787751416,,,,,,,
Liga Inglesa,Hull City,Camiseta Hull City Local 26/27 Adultos,https://camarindelabuelo.cl/products/camiseta-hull-city-local-26-27-adultos,27990,32990,https://cdn.shopify.com/s/files/1/0669/0943/8050/files/cb195dd8.jpg?v=1787270654,https://cdn.shopify.com/s/files/1/0669/0943/8050/files/c321b4b9.jpg?v=1787270656,,,,,,,,
Liga Inglesa,Ipswich Town,Camiseta Ipswich Town Local 26/27 Adultos,https://camarindelabuelo.cl/products/camiseta-ipswich-town-local-26-27-adultos,27990,32990,https://cdn.shopify.com/s/files/1/0669/0943/8050/files/38183fcd-a62d-488f-bf5d-7e6492ab4af1.png?v=1788104635,https://cdn.shopify.com/s/files/1/0669/0943/8050/files/aa27c81e2f3d3e8c56119cbe.jpg?v=1788104548,https://cdn.shopify.com/s/files/1/0669/0943/8050/files/81e4b70e8cff45ee78bc436b.jpg?v=1788104551,,,,,,,
Liga Inglesa,Ipswich Town,Camiseta Ipswich Town Visitante 26/27 Adultos,https://camarindelabuelo.cl/products/camiseta-ipswich-town-visitante-26-27-adultos,27990,32990,https://cdn.shopify.com/s/files/1/0669/0943/8050/files/e6edef0f-53d3-49c4-b437-581481d09f77.png?v=1788104944,https://cdn.shopify.com/s/files/1/0669/0943/8050/files/fb41471d07004f9dbf8ace17.jpg?v=1788104996,https://cdn.shopify.com/s/files/1/0669/0943/8050/files/0b3faa0cb687ede812f883d8.jpg?v=1788104993,,,,,,,
Liga Inglesa,Leeds,Camiseta Leeds Visitante 26/27 Adultos,https://camarindelabuelo.cl/products/camiseta-leeds-visitante-26-27-adultos,27990,32990,https://cdn.shopify.com/s/files/1/0669/0943/8050/files/b5c75099_1.jpg?v=1785098857,https://cdn.shopify.com/s/files/1/0669/0943/8050/files/882e3dd9_1.jpg?v=1785098857,,,,,,,,
Liga Inglesa,Liverpool,Camiseta + Short Liverpool 26/27 Portero Niños,https://camarindelabuelo.cl/products/camiseta-short-liverpool-26-27-portero-ninos,27990,32990,https://cdn.shopify.com/s/files/1/0669/0943/8050/files/27722fe1.jpg?v=1786286411,https://cdn.shopify.com/s/files/1/0669/0943/8050/files/8ae5934c.jpg?v=1786286408,,,,,,,,
Liga Inglesa,Liverpool,Camiseta + Short Liverpool Visitante 26/27 Niños,https://camarindelabuelo.cl/products/camiseta-short-liverpool-visitante-26-27-ninos,27990,32990,https://cdn.shopify.com/s/files/1/0669/0943/8050/files/a2421689.jpg?v=1786286516,https://cdn.shopify.com/s/files/1/0669/0943/8050/files/ae6331a6.jpg?v=1786286514,,,,,,,,
Liga Inglesa,Liverpool,Camiseta Liverpool 19/2020 Local,https://camarindelabuelo.cl/products/camiseta-liverpool-19-2020-local,32990,34990,https://cdn.shopify.com/s/files/1/0669/0943/8050/files/CF606E3C-901B-46A4-9F34-D335ED190E07.jpg?v=1787316352,https://cdn.shopify.com/s/files/1/0669/0943/8050/files/7353E53B-C0C7-4C03-A542-75E2AC1D6F11.jpg?v=1787316352,,,,,,,,
Liga Inglesa,Liverpool,Camiseta Liverpool 1996/97 Visitante Adultos,https://camarindelabuelo.cl/products/camiseta-liverpool-1996-97-visitante-adultos,32990,34990,https://cdn.shopify.com/s/files/1/0669/0943/8050/files/9b4652d6.jpg?v=1786287278,https://cdn.shopify.com/s/files/1/0669/0943/8050/files/a1aae4bc.jpg?v=1786287276,,,,,,,,
Liga Inglesa,Liverpool,Camiseta Liverpool 2000/01 Tercera Adultos,https://camarindelabuelo.cl/products/camiseta-liverpool-2000-01-tercera-adultos,32990,34990,https://cdn.shopify.com/s/files/1/0669/0943/8050/files/09b57fd9.jpg?v=1786287457,https://cdn.shopify.com/s/files/1/0669/0943/8050/files/2200a1fe.jpg?v=1786287455,,,,,,,,
Liga Inglesa,Liverpool,Camiseta Liverpool 2005/06 Local Adultos,https://camarindelabuelo.cl/products/camiseta-liverpool-2005-06-local-adultos,32990,34990,https://cdn.shopify.com/s/files/1/0669/0943/8050/files/968b6d89-078c-4c24-9fb8-b41d52f1c1ec_1.png?v=1785685384,https://cdn.shopify.com/s/files/1/0669/0943/8050/files/0b11a9b7f9238bdbb7a75990.jpg?v=1785685411,https://cdn.shopify.com/s/files/1/0669/0943/8050/files/234064ca3293ff90.jpg?v=1785685409,https://cdn.shopify.com/s/files/1/0669/0943/8050/files/15f6d4438a97619d.jpg?v=1785685406,,,,,,
Liga Inglesa,Liverpool,Camiseta Liverpool 2006/07 Visitante Adultos,https://camarindelabuelo.cl/products/camiseta-liverpool-2006-07-visitante-adultos,32990,34990,https://cdn.shopify.com/s/files/1/0669/0943/8050/files/d592d0e7.jpg?v=1786287199,https://cdn.shopify.com/s/files/1/0669/0943/8050/files/02208e90.jpg?v=1786287196,,,,,,,,
Liga Inglesa,Liverpool,Camiseta Liverpool 2009/10 Visitante Adultos,https://camarindelabuelo.cl/products/camiseta-liverpool-2009-10-visitante-adultos,32990,34990,https://cdn.shopify.com/s/files/1/0669/0943/8050/files/e84906fe.jpg?v=1786287887,https://cdn.shopify.com/s/files/1/0669/0943/8050/files/25ef4ad7.jpg?v=1786287883,,,,,,,,
Liga Inglesa,Liverpool,Camiseta Liverpool 93/95 Local Adultos,https://camarindelabuelo.cl/products/camiseta-liverpool-93-95-local-adultos,32990,34990,https://cdn.shopify.com/s/files/1/0669/0943/8050/files/d3ae039f.jpg?v=1786287049,https://cdn.shopify.com/s/files/1/0669/0943/8050/files/9ba1c19e.jpg?v=1786287046,,,,,,,,
Liga Inglesa,Liverpool,Camiseta Liverpool 93/95 Local Manga Larga Adultos,https://camarindelabuelo.cl/products/camiseta-liverpool-93-95-local-manga-larga-adultos,34990,,https://cdn.shopify.com/s/files/1/0669/0943/8050/files/ace21c5c.jpg?v=1786287114,https://cdn.shopify.com/s/files/1/0669/0943/8050/files/3b505b64.jpg?v=1786287112,,,,,,,,
Liga Inglesa,Liverpool,Camiseta Liverpool 93/95 Visitante Adultos,https://camarindelabuelo.cl/products/camiseta-liverpool-93-95-visitante-adultos,32990,34990,https://cdn.shopify.com/s/files/1/0669/0943/8050/files/d4ab073d-604d-422d-862d-778ba2e855cf.png?v=1781797931,https://cdn.shopify.com/s/files/1/0669/0943/8050/files/69110f0b3a7853e3.jpg?v=1781797911,https://cdn.shopify.com/s/files/1/0669/0943/8050/files/a0b0b5a508d0620b.jpg?v=1781797872,https://cdn.shopify.com/s/files/1/0669/0943/8050/files/a0f32d915dcbfbcd.jpg?v=1781797875,https://cdn.shopify.com/s/files/1/0669/0943/8050/files/6a6c2fbe9f831e99.jpg?v=1781797877,https://cdn.shopify.com/s/files/1/0669/0943/8050/files/56c2196011e6a123.jpg?v=1781797881,https://cdn.shopify.com/s/files/1/0669/0943/8050/files/f7c2690597685b3f.jpg?v=1781797883,https://cdn.shopify.com/s/files/1/0669/0943/8050/files/0b87aa8bcca8f538.jpg?v=1781797900,,
Liga Inglesa,Liverpool,Camiseta Liverpool 95/96 Visitante Adultos,https://camarindelabuelo.cl/products/camiseta-liverpool-95-96-visitante-adultos,32990,34990,https://cdn.shopify.com/s/files/1/0669/0943/8050/files/d2c94448.jpg?v=1786286896,https://cdn.shopify.com/s/files/1/0669/0943/8050/files/690b7a2e.jpg?v=1786286894,,,,,,,,
Liga Inglesa,Liverpool,Camiseta Liverpool 95/96 Visitante Manga Larga Adultos,https://camarindelabuelo.cl/products/camiseta-liverpool-95-96-visitante-manga-larga-adultos,34990,,https://cdn.shopify.com/s/files/1/0669/0943/8050/files/d7e77f76.jpg?v=1786286964,https://cdn.shopify.com/s/files/1/0669/0943/8050/files/c4c6b539.jpg?v=1786286962,,,,,,,,
Liga Inglesa,Liverpool,Camiseta Liverpool Edición Especial 26/27 Adultos [PLAYER VERSION],https://camarindelabuelo.cl/products/camiseta-liverpool-edicion-especial-26-27-adultos-player-version,32990,35990,https://cdn.shopify.com/s/files/1/0669/0943/8050/files/d2e45315_1.jpg?v=1786287770,https://cdn.shopify.com/s/files/1/0669/0943/8050/files/aed13225_1.jpg?v=1786287771,,,,,,,,
Liga Inglesa,Liverpool,Camiseta Liverpool Entrenamiento 26/27 Adultos [PLAYER VERSION],https://camarindelabuelo.cl/products/camiseta-liverpool-entrenamiento-26-27-adultos-player-version,32990,35990,https://cdn.shopify.com/s/files/1/0669/0943/8050/files/59b102b8.jpg?v=1786288099,https://cdn.shopify.com/s/files/1/0669/0943/8050/files/35f14e6b.jpg?v=1786288098,,,,,,,,
Liga Inglesa,Liverpool,Camiseta Liverpool Local 25/26 Manga Larga Adultos,https://camarindelabuelo.cl/products/camiseta-liverpool-local-25-26-manga-larga-adultos,29990,32990,https://cdn.shopify.com/s/files/1/0669/0943/8050/files/28ed2a0a-2abc-4579-acac-4aaee8a97be3.png?v=1788545315,https://cdn.shopify.com/s/files/1/0669/0943/8050/files/75be28dd.jpg?v=1788545359,https://cdn.shopify.com/s/files/1/0669/0943/8050/files/d7e5cfd5.jpg?v=1788545355,https://cdn.shopify.com/s/files/1/0669/0943/8050/files/126fb7a1.jpg?v=1788545362,https://cdn.shopify.com/s/files/1/0669/0943/8050/files/4a60b71f.jpg?v=1788545364,,,,,
Liga Inglesa,Liverpool,Camiseta Liverpool Local 25/26 Mujer,https://camarindelabuelo.cl/products/camiseta-liverpool-local-25-26-mujer,27990,32990,https://cdn.shopify.com/s/files/1/0669/0943/8050/files/ED135B0E-A26A-492C-AE6B-11DF602D30AC.jpg?v=1788128586,https://cdn.shopify.com/s/files/1/0669/0943/8050/files/078FFBD9-7309-4E77-93C7-BE6178A5C027.jpg?v=1788128586,,,,,,,,
Liga Inglesa,Liverpool,Camiseta Liverpool Local 26/27 Adultos [PLAYER VERSION],https://camarindelabuelo.cl/products/camiseta-liverpool-local-26-27-adultos-player-version,32990,35990,https://cdn.shopify.com/s/files/1/0669/0943/8050/files/ef446662.jpg?v=1786288005,https://cdn.shopify.com/s/files/1/0669/0943/8050/files/d46feb57.jpg?v=1786288003,,,,,,,,
Liga Inglesa,Liverpool,Camiseta Liverpool Visitante 26/27 Adultos,https://camarindelabuelo.cl/products/liverpool-visitante-adultos,27990,32990,https://cdn.shopify.com/s/files/1/0669/0943/8050/files/1bb6f897.jpg?v=1786286614,https://cdn.shopify.com/s/files/1/0669/0943/8050/files/0e2cb0f7.jpg?v=1786286613,,,,,,,,
Liga Inglesa,Liverpool,Camiseta Liverpool Visitante 26/27 Adultos [PLAYER VERSION],https://camarindelabuelo.cl/products/camiseta-liverpool-visitante-26-27-adultos-player-version,32990,35990,https://cdn.shopify.com/s/files/1/0669/0943/8050/files/d7ec0292.jpg?v=1788050461,https://cdn.shopify.com/s/files/1/0669/0943/8050/files/f73d1d14.jpg?v=1788050463,,,,,,,,
Liga Inglesa,Liverpool,Camiseta Liverpool Visitante 98/99 Local Adultos,https://camarindelabuelo.cl/products/camiseta-liverpool-98-99-local-adultos,32990,34990,https://cdn.shopify.com/s/files/1/0669/0943/8050/files/409bff0c.jpg?v=1786288172,https://cdn.shopify.com/s/files/1/0669/0943/8050/files/e04b3416.jpg?v=1786288170,,,,,,,,
Liga Inglesa,Manchester City,Camiseta + Short Manchester City 26/27 Niños,https://camarindelabuelo.cl/products/camiseta-short-manchester-city-26-27-ninos,27990,32990,https://cdn.shopify.com/s/files/1/0669/0943/8050/files/e0be477d.jpg?v=1785081623,https://cdn.shopify.com/s/files/1/0669/0943/8050/files/f2d6b866.jpg?v=1785081621,,,,,,,,
Liga Inglesa,Manchester City,Camiseta Manchester City Local 1989/91 Adultos,https://camarindelabuelo.cl/products/camiseta-manchester-city-local-1989-91-adultos,32990,,https://cdn.shopify.com/s/files/1/0669/0943/8050/files/284c32c1.jpg?v=1789827613,https://cdn.shopify.com/s/files/1/0669/0943/8050/files/5cd02a23.jpg?v=1789827616,,,,,,,,
Liga Inglesa,Manchester City,Camiseta Manchester City Local 2011/12 Adultos,https://camarindelabuelo.cl/products/camiseta-manchester-city-local-2011-12-adultos,32990,,https://cdn.shopify.com/s/files/1/0669/0943/8050/files/4f6889d5.jpg?v=1787874129,https://cdn.shopify.com/s/files/1/0669/0943/8050/files/cc5b8ce2.jpg?v=1787874131,,,,,,,,
Liga Inglesa,Manchester City,Camiseta Manchester City Local 2015/16 Adultos,https://camarindelabuelo.cl/products/camiseta-manchester-city-local-2015-16-adultos,32990,,https://cdn.shopify.com/s/files/1/0669/0943/8050/files/88a41f58.jpg?v=1789828062,https://cdn.shopify.com/s/files/1/0669/0943/8050/files/155b4c6f.jpg?v=1789828063,,,,,,,,
Liga Inglesa,Manchester City,Camiseta Manchester City Local 26/27 Adultos,https://camarindelabuelo.cl/products/camiseta-manchester-city-local-26-27-adultos,27990,32990,https://cdn.shopify.com/s/files/1/0669/0943/8050/files/0425b415.jpg?v=1784415422,https://cdn.shopify.com/s/files/1/0669/0943/8050/files/c949ac28.jpg?v=1784415420,,,,,,,,
Liga Inglesa,Manchester City,Camiseta Manchester City Local 26/27 Adultos Manga Larga [PLAYER VERSION],https://camarindelabuelo.cl/products/camiseta-manchester-city-local-26-27-adultos-manga-larga-player-version,35990,,https://cdn.shopify.com/s/files/1/0669/0943/8050/files/6c55a747.jpg?v=1785081850,https://cdn.shopify.com/s/files/1/0669/0943/8050/files/d36e943b.jpg?v=1785081848,,,,,,,,
Liga Inglesa,Manchester City,Camiseta Manchester City Local 26/27 Adultos [PLAYER VERSION],https://camarindelabuelo.cl/products/camiseta-manchester-city-local-26-27-adultos-player-version,32990,35990,https://cdn.shopify.com/s/files/1/0669/0943/8050/files/996727b6.jpg?v=1785081792,https://cdn.shopify.com/s/files/1/0669/0943/8050/files/01e91e9d.jpg?v=1785081790,,,,,,,,
Liga Inglesa,Manchester City,Camiseta Manchester City Tercera 26/27 Adultos,https://camarindelabuelo.cl/products/camiseta-manchester-city-tercera-26-27-adultos,27990,32990,https://cdn.shopify.com/s/files/1/0669/0943/8050/files/1b79627b.jpg?v=1788831540,https://cdn.shopify.com/s/files/1/0669/0943/8050/files/a3ca1269.jpg?v=1788831543,,,,,,,,
Liga Inglesa,Manchester City,Camiseta Manchester City Tercera 26/27 Adultos Manga Larga [PLAYER VERSION],https://camarindelabuelo.cl/products/camiseta-manchester-city-tercera-26-27-adultos-manga-larga-player-version-1,35990,,https://cdn.shopify.com/s/files/1/0669/0943/8050/files/29300a84.jpg?v=1788831682,https://cdn.shopify.com/s/files/1/0669/0943/8050/files/9a70bcc9.jpg?v=1788831684,,,,,,,,
Liga Inglesa,Manchester City,Camiseta Manchester City Tercera 26/27 Adultos [PLAYER VERSION],https://camarindelabuelo.cl/products/camiseta-manchester-city-tercera-26-27-adultos-player-version,32990,35990,https://cdn.shopify.com/s/files/1/0669/0943/8050/files/34a750ab.jpg?v=1788831614,https://cdn.shopify.com/s/files/1/0669/0943/8050/files/211b5428.jpg?v=1788831615,,,,,,,,
Liga Inglesa,Manchester City,Camiseta Manchester City Visitante 1997/98 Adultos,https://camarindelabuelo.cl/products/camiseta-manchester-city-visitante-1997-98-adultos,32990,,https://cdn.shopify.com/s/files/1/0669/0943/8050/files/cc6580be.jpg?v=1789827915,https://cdn.shopify.com/s/files/1/0669/0943/8050/files/3d0771f8.jpg?v=1789827918,,,,,,,,
Liga Inglesa,Manchester City,Camiseta Manchester City Visitante 2012/13 Adultos,https://camarindelabuelo.cl/products/camiseta-manchester-city-visitante-2012-13-adultos,32990,,https://cdn.shopify.com/s/files/1/0669/0943/8050/files/edf663a1.jpg?v=1789827825,https://cdn.shopify.com/s/files/1/0669/0943/8050/files/f270d8da.jpg?v=1789827828,,,,,,,,
Liga Inglesa,Manchester City,Camiseta Manchester City Visitante 2015/16 Adultos,https://camarindelabuelo.cl/products/camiseta-manchester-city-visitante-2015-16-adultos,32990,,https://cdn.shopify.com/s/files/1/0669/0943/8050/files/5cc7aaa2.jpg?v=1789827761,https://cdn.shopify.com/s/files/1/0669/0943/8050/files/5c1eaafc.jpg?v=1789827762,,,,,,,,
Liga Inglesa,Manchester City,Camiseta Manchester City Visitante 26/27 Adultos,https://camarindelabuelo.cl/products/camiseta-manchester-city-visitante-26-27-adultos,27990,32990,https://cdn.shopify.com/s/files/1/0669/0943/8050/files/77bcb5ed.jpg?v=1788050132,https://cdn.shopify.com/s/files/1/0669/0943/8050/files/e1030b57.jpg?v=1788050123,https://cdn.shopify.com/s/files/1/0669/0943/8050/files/b2348fb2.jpg?v=1788050126,https://cdn.shopify.com/s/files/1/0669/0943/8050/files/c20c8c19.jpg?v=1788050128,https://cdn.shopify.com/s/files/1/0669/0943/8050/files/fcc7652f.jpg?v=1788050130,,,,,
Liga Inglesa,Manchester City,Cortavientos Manchester City Adultos,https://camarindelabuelo.cl/products/cortavientos-manchester-city-adultos,44990,,https://cdn.shopify.com/s/files/1/0669/0943/8050/files/d0dc7d36.png?v=1789333709,https://cdn.shopify.com/s/files/1/0669/0943/8050/files/b9960a2e-7bbb-47d9-98f4-d9f3e78a02c1.png?v=1779211217,https://cdn.shopify.com/s/files/1/0669/0943/8050/files/b598f934.jpg?v=1789333728,https://cdn.shopify.com/s/files/1/0669/0943/8050/files/0e3ae8fe.jpg?v=1789333728,https://cdn.shopify.com/s/files/1/0669/0943/8050/files/863cab25.jpg?v=1789333728,https://cdn.shopify.com/s/files/1/0669/0943/8050/files/e39d4b52.jpg?v=1789333728,https://cdn.shopify.com/s/files/1/0669/0943/8050/files/b49d7a00.jpg?v=1789333728,https://cdn.shopify.com/s/files/1/0669/0943/8050/files/1e79115b.jpg?v=1789333728,https://cdn.shopify.com/s/files/1/0669/0943/8050/files/9fc94c9e.jpg?v=1789333728,https://cdn.shopify.com/s/files/1/0669/0943/8050/files/d531464b.jpg?v=1789333728
Liga Inglesa,Manchester United,Camiseta + Short Manchester United Portero Visitante 26/27 Niños,https://camarindelabuelo.cl/products/camiseta-short-manchester-united-portero-visitante-26-27-ninos,27990,32990,https://cdn.shopify.com/s/files/1/0669/0943/8050/files/f34058c2.jpg?v=1789250059,https://cdn.shopify.com/s/files/1/0669/0943/8050/files/94c45453.jpg?v=1789250054,,,,,,,,
Liga Inglesa,Manchester United,Camiseta + Short Manchester United Tercera 26/27 Niños,https://camarindelabuelo.cl/products/camiseta-short-manchester-united-tercera-26-27-ninos,27990,32990,https://cdn.shopify.com/s/files/1/0669/0943/8050/files/7e6e4469.jpg?v=1789499274,https://cdn.shopify.com/s/files/1/0669/0943/8050/files/af4eb12e.jpg?v=1789499276,,,,,,,,
Liga Inglesa,Manchester United,Camiseta + Short Manchester United Visitante 07/08 Manga Larga Niños,https://camarindelabuelo.cl/products/camiseta-short-manchester-united-visitante-07-08-manga-larga-ninos-copia,34990,,https://cdn.shopify.com/s/files/1/0669/0943/8050/files/46a519e4.jpg?v=1785081401,https://cdn.shopify.com/s/files/1/0669/0943/8050/files/85630359.jpg?v=1785081398,,,,,,,,
Liga Inglesa,Manchester United,Camiseta + Short Manchester United Visitante 26/27 Niños,https://camarindelabuelo.cl/products/camiseta-short-manchester-united-visitante-26-27-ninos,27990,32990,https://cdn.shopify.com/s/files/1/0669/0943/8050/files/ae1f990a.jpg?v=1789499241,https://cdn.shopify.com/s/files/1/0669/0943/8050/files/5d909755.jpg?v=1789499243,,,,,,,,
Liga Inglesa,Manchester United,Camiseta Manchester United 08/09 Adultos Manga Larga,https://camarindelabuelo.cl/products/camiseta-manchester-united-08-09-adultos-manga-larga-copia,34990,,https://cdn.shopify.com/s/files/1/0669/0943/8050/files/52d0f8df.jpg?v=1784831358,https://cdn.shopify.com/s/files/1/0669/0943/8050/files/1b79565b.jpg?v=1784831357,,,,,,,,
Liga Inglesa,Manchester United,Camiseta Manchester United 2004/06 Adultos,https://camarindelabuelo.cl/products/camiseta-manchester-united-2004-06-adultos,32990,34990,https://cdn.shopify.com/s/files/1/0669/0943/8050/files/a50db8e7.jpg?v=1785766725,https://cdn.shopify.com/s/files/1/0669/0943/8050/files/f750670b.jpg?v=1785766721,,,,,,,,
Liga Inglesa,Manchester United,Camiseta Manchester United 2018/19 Adultos,https://camarindelabuelo.cl/products/camiseta-manchester-united-2018-19-adultos,32990,34990,https://cdn.shopify.com/s/files/1/0669/0943/8050/files/61f9e126.jpg?v=1786371448,https://cdn.shopify.com/s/files/1/0669/0943/8050/files/0a04612f.jpg?v=1786371447,,,,,,,,
Liga Inglesa,Manchester United,Camiseta Manchester United Local 1996/97 Adultos,https://camarindelabuelo.cl/products/camiseta-manchester-united-1996-97-adultos-copia,32990,34990,https://cdn.shopify.com/s/files/1/0669/0943/8050/files/9697bd1e.jpg?v=1786374321,https://cdn.shopify.com/s/files/1/0669/0943/8050/files/b3ca2761.jpg?v=1786374319,,,,,,,,
Liga Inglesa,Manchester United,Camiseta Manchester United Local 1998/99 Adultos,https://camarindelabuelo.cl/products/camiseta-manchester-united-local-1998-99-adultos,32990,34990,https://cdn.shopify.com/s/files/1/0669/0943/8050/files/46ea38d8_1.jpg?v=1786907012,https://cdn.shopify.com/s/files/1/0669/0943/8050/files/6a0a10f9_1.jpg?v=1786907013,,,,,,,,
Liga Inglesa,Manchester United,Camiseta Manchester United Local 2016/17 Adultos,https://camarindelabuelo.cl/products/camiseta-manchester-united-local-2016-17-adultos,32990,34990,https://cdn.shopify.com/s/files/1/0669/0943/8050/files/592906a7.jpg?v=1789499343,https://cdn.shopify.com/s/files/1/0669/0943/8050/files/ec7517c7.jpg?v=1789499345,,,,,,,,
Liga Inglesa,Manchester United,Camiseta Manchester United Local 26/27 Adultos,https://camarindelabuelo.cl/products/camiseta-manchester-united-local-26-27-adultos,27990,32990,https://cdn.shopify.com/s/files/1/0669/0943/8050/files/51302f3a.jpg?v=1784415519,https://cdn.shopify.com/s/files/1/0669/0943/8050/files/bd49fcae.jpg?v=1784415517,,,,,,,,
Liga Inglesa,Manchester United,Camiseta Manchester United Local Manga Larga 1996/97 Adultos,https://camarindelabuelo.cl/products/camiseta-manchester-united-local-manga-larga-1996-97-adultos,34990,,https://cdn.shopify.com/s/files/1/0669/0943/8050/files/3a9f9266.jpg?v=1786374418,https://cdn.shopify.com/s/files/1/0669/0943/8050/files/3f396d8c.jpg?v=1786374416,,,,,,,,
Liga Inglesa,Manchester United,Camiseta Manchester United Local Manga Larga 2002/04 Adultos,https://camarindelabuelo.cl/products/camiseta-manchester-united-local-manga-larga-2002-04-adultos,32990,34990,https://cdn.shopify.com/s/files/1/0669/0943/8050/files/bf57220c.jpg?v=1786374571,https://cdn.shopify.com/s/files/1/0669/0943/8050/files/b68008eb.jpg?v=1786374568,,,,,,,,
Liga Inglesa,Manchester United,Camiseta Manchester United Tercera 26/27 Adultos,https://camarindelabuelo.cl/products/camiseta-manchester-united-tercera-26-27-adultos,27990,32990,https://cdn.shopify.com/s/files/1/0669/0943/8050/files/4c3f5368.jpg?v=1789499058,https://cdn.shopify.com/s/files/1/0669/0943/8050/files/9e2c03c1.jpg?v=1789499059,,,,,,,,
Liga Inglesa,Manchester United,Camiseta Manchester United Tercera Manga Larga 25/26 Adultos,https://camarindelabuelo.cl/products/camiseta-manchester-united-tercera-manga-larga-25-26-adultos,29990,32990,https://cdn.shopify.com/s/files/1/0669/0943/8050/files/45a4b4a8.jpg?v=1784648653,https://cdn.shopify.com/s/files/1/0669/0943/8050/files/cfc9876f.jpg?v=1784648655,,,,,,,,
Liga Inglesa,Manchester United,Camiseta Manchester United Tercera Manga Larga 26/27 Adultos,https://camarindelabuelo.cl/products/camiseta-manchester-united-tercera-manga-larga-26-27-adultos,29990,32990,https://cdn.shopify.com/s/files/1/0669/0943/8050/files/9a64707a.jpg?v=1789499109,https://cdn.shopify.com/s/files/1/0669/0943/8050/files/ed1a80c4.jpg?v=1789499111,,,,,,,,
Liga Inglesa,Manchester United,Camiseta Manchester United Terrace Icons Adultos,https://camarindelabuelo.cl/products/camiseta-manchester-united-terrace-icons-adultos,28990,36990,https://cdn.shopify.com/s/files/1/0669/0943/8050/files/4cafe6ef.jpg?v=1786662676,https://cdn.shopify.com/s/files/1/0669/0943/8050/files/bf191427.jpg?v=1786662675,,,,,,,,
Liga Inglesa,Manchester United,Camiseta Manchester United Visitante 07/08 Adultos Manga Larga,https://camarindelabuelo.cl/products/camiseta-manchester-united-visitante-07-08-adultos-manga-larga,34990,,https://cdn.shopify.com/s/files/1/0669/0943/8050/files/3a7afc08.jpg?v=1781974195,https://cdn.shopify.com/s/files/1/0669/0943/8050/files/96987247.jpg?v=1781974193,,,,,,,,
Liga Inglesa,Manchester United,Camiseta Manchester United Visitante 26/27 Adultos,https://camarindelabuelo.cl/products/camiseta-manchester-united-visitante-26-27-adultos,27990,32990,https://cdn.shopify.com/s/files/1/0669/0943/8050/files/d45a6626.jpg?v=1788050598,https://cdn.shopify.com/s/files/1/0669/0943/8050/files/cbdc7bea.jpg?v=1788050600,,,,,,,,
Liga Inglesa,Manchester United,Camiseta Manchester United Visitante Manga Larga 26/27 Adultos,https://camarindelabuelo.cl/products/camiseta-manchester-united-visitante-manga-larga-26-27-adultos,29990,32990,https://cdn.shopify.com/s/files/1/0669/0943/8050/files/7f845f8c.jpg?v=1788050693,https://cdn.shopify.com/s/files/1/0669/0943/8050/files/fb4cf87d.jpg?v=1788050691,,,,,,,,
Liga Inglesa,Millwall,Camiseta Millwall Local 26/27 Adultos,https://camarindelabuelo.cl/products/camiseta-millwall-local-26-27-adultos,27990,32990,https://cdn.shopify.com/s/files/1/0669/0943/8050/files/a361f63f.jpg?v=1789507248,https://cdn.shopify.com/s/files/1/0669/0943/8050/files/9b2c10c6.jpg?v=1789507249,,,,,,,,
Liga Inglesa,Newcastle,Camiseta + Short Newcastle United Visitante 26/27 Niños,https://camarindelabuelo.cl/products/camiseta-short-newcastle-united-visitante-26-27-ninos,27990,32990,https://cdn.shopify.com/s/files/1/0669/0943/8050/files/632ab255.jpg?v=1789333007,https://cdn.shopify.com/s/files/1/0669/0943/8050/files/7f2be3b9.jpg?v=1789333004,,,,,,,,
Liga Inglesa,Newcastle,Camiseta Newcastle Edición Especial 26/27 Adultos,https://camarindelabuelo.cl/products/camiseta-newcastle-edicion-especial-26-27-adultos,27990,32990,https://cdn.shopify.com/s/files/1/0669/0943/8050/files/229e100a.jpg?v=1789333299,https://cdn.shopify.com/s/files/1/0669/0943/8050/files/92a503d3.jpg?v=1789333300,,,,,,,,
Liga Inglesa,Newcastle,Camiseta Newcastle Local 26/27 Adultos,https://camarindelabuelo.cl/products/camiseta-newcastle-local-26-27-adultos,27990,32990,https://cdn.shopify.com/s/files/1/0669/0943/8050/files/ad14ba00.jpg?v=1788187697,https://cdn.shopify.com/s/files/1/0669/0943/8050/files/ef4fee94.jpg?v=1788187697,,,,,,,,
Liga Inglesa,Newcastle,Camiseta Newcastle Tercera 26/27 Adultos,https://camarindelabuelo.cl/products/camiseta-newcastle-tercera-26-27-adultos,27990,32990,https://cdn.shopify.com/s/files/1/0669/0943/8050/files/91f21462.jpg?v=1789250817,https://cdn.shopify.com/s/files/1/0669/0943/8050/files/8e078c41.jpg?v=1789250819,,,,,,,,
Liga Inglesa,Newcastle,Camiseta Newcastle Visitante 26/27 Adultos,https://camarindelabuelo.cl/products/camiseta-newcastle-visitante-26-27-adultos,27990,32990,https://cdn.shopify.com/s/files/1/0669/0943/8050/files/e3775c49-db7e-4bcb-b6b2-be98b3f1eddf.png?v=1788290293,https://cdn.shopify.com/s/files/1/0669/0943/8050/files/Capturadepantalla2026-09-01alas3.18.27p.m..png?v=1788290314,,,,,,,,
Liga Inglesa,Nottingham Forest,Camiseta Nottingham Forest Local 26/27 Adultos,https://camarindelabuelo.cl/products/camiseta-nottingham-forest-local-26-27-adultos,27990,32990,https://cdn.shopify.com/s/files/1/0669/0943/8050/files/5d21f413-26f7-4485-91eb-12bd0c69d7e8_1.png?v=1788458899,https://cdn.shopify.com/s/files/1/0669/0943/8050/files/2026-27-Nottingham-Forest-Home-Jersey-Soccer-8.webp?v=1788458934,https://cdn.shopify.com/s/files/1/0669/0943/8050/files/2026-27-Nottingham-Forest-Home-Jersey-Soccer-3.webp?v=1788458937,,,,,,,
Liga Inglesa,Portsmouth,Camiseta Portsmouth Local 26/27 Adultos,https://camarindelabuelo.cl/products/camiseta-portsmouth-local-26-27-adultos,27990,32990,https://cdn.shopify.com/s/files/1/0669/0943/8050/files/64e70d7f.jpg?v=1787270149,https://cdn.shopify.com/s/files/1/0669/0943/8050/files/b20c0b83.jpg?v=1787270148,,,,,,,,
Liga Inglesa,Preston,Camiseta Preston Local 26/27 Adultos,https://camarindelabuelo.cl/products/camiseta-preston-local-26-27-adultos,27990,32990,https://cdn.shopify.com/s/files/1/0669/0943/8050/files/57d8ea22.jpg?v=1787270431,https://cdn.shopify.com/s/files/1/0669/0943/8050/files/706c0685.jpg?v=1787270433,,,,,,,,
Liga Inglesa,Queens Park Rangers,Camiseta Queens Park Rangers Local 26/27 Adultos,https://camarindelabuelo.cl/products/camiseta-queens-park-rangers-local-26-27-adultos,27990,32990,https://cdn.shopify.com/s/files/1/0669/0943/8050/files/6a6d30b2.jpg?v=1787270391,https://cdn.shopify.com/s/files/1/0669/0943/8050/files/e27d49c6.jpg?v=1787270393,,,,,,,,
Liga Inglesa,Sheffield United,Camiseta Sheffield United Local 26/27 Adultos,https://camarindelabuelo.cl/products/camiseta-sheffield-united-local-26-27-adultos,27990,32990,https://cdn.shopify.com/s/files/1/0669/0943/8050/files/95aa32c9.jpg?v=1789332254,https://cdn.shopify.com/s/files/1/0669/0943/8050/files/ffd75ed6.jpg?v=1789332262,,,,,,,,
Liga Inglesa,Sunderland,Camiseta Sunderland Visitante 26/27 Adultos,https://camarindelabuelo.cl/products/camiseta-sunderland-local-26-27-adultos,27990,32990,https://cdn.shopify.com/s/files/1/0669/0943/8050/files/217d87d3.jpg?v=1787270281,https://cdn.shopify.com/s/files/1/0669/0943/8050/files/39209098.jpg?v=1787270282,,,,,,,,
Liga Inglesa,Tottenham,Camiseta + Short Tottenham Visitante 26/27 Niños,https://camarindelabuelo.cl/products/camiseta-short-tottenham-visitante-26-27-ninos,27990,32990,https://cdn.shopify.com/s/files/1/0669/0943/8050/files/ac021fe6.jpg?v=1789333082,https://cdn.shopify.com/s/files/1/0669/0943/8050/files/f2c09fb7.jpg?v=1789333084,,,,,,,,
Liga Inglesa,Tottenham,Camiseta Tottenham Hotspur - Anviersario 125 - 26/27 Adultos,https://camarindelabuelo.cl/products/camiseta-tottenham-hotspur-local-26-27-adultos,27990,32990,https://cdn.shopify.com/s/files/1/0669/0943/8050/files/fa689dea.jpg?v=1785082980,https://cdn.shopify.com/s/files/1/0669/0943/8050/files/05d54bb9.jpg?v=1785082977,,,,,,,,
Liga Inglesa,Tottenham,Camiseta Tottenham Hotspur Local 25/26 Adultos,https://camarindelabuelo.cl/products/camiseta-tottenham-hotspur-local-25-26-adultos,27990,32990,https://cdn.shopify.com/s/files/1/0669/0943/8050/files/5d6fe4f0.jpg?v=1785083048,https://cdn.shopify.com/s/files/1/0669/0943/8050/files/5c0a6f53.jpg?v=1785083045,,,,,,,,
Liga Inglesa,Tottenham,Camiseta Tottenham Local 26/27 Adultos [PLAYER VERSION],https://camarindelabuelo.cl/products/camiseta-tottenham-local-26-27-adultos-player-version,32990,35990,https://cdn.shopify.com/s/files/1/0669/0943/8050/files/da583f57.jpg?v=1786543270,https://cdn.shopify.com/s/files/1/0669/0943/8050/files/dd5f2e21.jpg?v=1786543268,,,,,,,,
Liga Inglesa,Tottenham,Camiseta Tottenham Visitante 26/27 Adultos [PLAYER VERSION],https://camarindelabuelo.cl/products/camiseta-tottenham-visitante-26-27-adultos-player-version,32990,35990,https://cdn.shopify.com/s/files/1/0669/0943/8050/files/b84677b1.jpg?v=1786543358,https://cdn.shopify.com/s/files/1/0669/0943/8050/files/a067afe0.jpg?v=1786543355,,,,,,,,
Liga Inglesa,Wolves,Camiseta Wolves Local 25/26 Adultos,https://camarindelabuelo.cl/products/camiseta-wolves-local-25-26-adultos,27990,32990,https://cdn.shopify.com/s/files/1/0669/0943/8050/files/bce28fb8.jpg?v=1787615785,https://cdn.shopify.com/s/files/1/0669/0943/8050/files/143665ab.jpg?v=1787615787,,,,,,,,
Liga Italiana,AC Milan,Camiseta + Short Milan 06/07 Manga Larga Niños,https://camarindelabuelo.cl/products/camiseta-short-milan-06-07-manga-larga-ninos,34990,,https://cdn.shopify.com/s/files/1/0669/0943/8050/files/9493a8ec.jpg?v=1786201548,https://cdn.shopify.com/s/files/1/0669/0943/8050/files/921b3156.jpg?v=1786201545,,,,,,,,
Liga Italiana,AC Milan,Camiseta + Short Milan 06/07 Retro Niños,https://camarindelabuelo.cl/products/camiseta-short-milan-06-07-retro-ninos,32990,,https://cdn.shopify.com/s/files/1/0669/0943/8050/files/1a715848.jpg?v=1786201337,https://cdn.shopify.com/s/files/1/0669/0943/8050/files/9610c1e9.jpg?v=1786201335,,,,,,,,
Liga Italiana,AC Milan,Camiseta + Short Milan 09/10 Manga Larga Niños,https://camarindelabuelo.cl/products/camiseta-short-milan-09-10-manga-larga-ninos,34990,,https://cdn.shopify.com/s/files/1/0669/0943/8050/files/333ea8f5.jpg?v=1786201463,https://cdn.shopify.com/s/files/1/0669/0943/8050/files/db26b392.jpg?v=1786201461,,,,,,,,
Liga Italiana,AC Milan,Camiseta + Short Milan 26/27 Niños,https://camarindelabuelo.cl/products/camiseta-short-milan-25-26-ninos,27990,32990,https://cdn.shopify.com/s/files/1/0669/0943/8050/files/b0eca428.jpg?v=1786199392,https://cdn.shopify.com/s/files/1/0669/0943/8050/files/c7f900ac.jpg?v=1786199390,,,,,,,,
Liga Italiana,AC Milan,Camiseta + Short Milan Visitante 06/07 Retro Niños,https://camarindelabuelo.cl/products/camiseta-short-milan-visitante-06-07-retro-ninos-copia,32990,,https://cdn.shopify.com/s/files/1/0669/0943/8050/files/635D7B5F-DC1F-4589-AC5B-E86FEA4D3C4D.jpg?v=1784987953,https://cdn.shopify.com/s/files/1/0669/0943/8050/files/3D605FBC-6C98-4C36-B445-5A7CB01E220E.jpg?v=1784987953,,,,,,,,
Liga Italiana,AC Milan,Camiseta AC Milan 00/02 Local Adultos,https://camarindelabuelo.cl/products/camiseta-ac-milan-00-02-local-adultos,31990,34990,https://cdn.shopify.com/s/files/1/0669/0943/8050/files/4fb6cb8a.jpg?v=1782592881,https://cdn.shopify.com/s/files/1/0669/0943/8050/files/12ff6567.jpg?v=1782592877,,,,,,,,
Liga Italiana,AC Milan,Camiseta AC Milan 1988/89 Local Adultos,https://camarindelabuelo.cl/products/camiseta-ac-milan-1988-89-local-adultos,31990,34990,https://cdn.shopify.com/s/files/1/0669/0943/8050/files/d3947efe.jpg?v=1786664549,https://cdn.shopify.com/s/files/1/0669/0943/8050/files/10c581e4.jpg?v=1786664546,,,,,,,,
Liga Italiana,AC Milan,Camiseta AC Milan 2006/2007 Local Adultos Manga Larga,https://camarindelabuelo.cl/products/camiseta-ac-milan-2006-2007-local-adultos-manga-larga,34990,,https://cdn.shopify.com/s/files/1/0669/0943/8050/files/06-07-AC-Milan-Home-Long-Sleeve-Retro-Jersey-1-2249320037_1.webp?v=1780863175,https://cdn.shopify.com/s/files/1/0669/0943/8050/files/06-07-AC-Milan-Home-Long-Sleeve-Retro-Jersey-7-224932123c.webp?v=1780863264,https://cdn.shopify.com/s/files/1/0669/0943/8050/files/06-07-AC-Milan-Home-Long-Sleeve-Retro-Jersey-2-224932e749.webp?v=1780863260,https://cdn.shopify.com/s/files/1/0669/0943/8050/files/06-07-AC-Milan-Home-Long-Sleeve-Retro-Jersey-6-2249324c83.webp?v=1780863257,,,,,,
Liga Italiana,AC Milan,Camiseta AC Milan 2006/2007 Manga Larga Visitante Adultos,https://camarindelabuelo.cl/products/camiseta-ac-milan-2006-2007-manga-larga-visitante-adultos,34990,,https://cdn.shopify.com/s/files/1/0669/0943/8050/files/3e019159.jpg?v=1786488847,https://cdn.shopify.com/s/files/1/0669/0943/8050/files/05baee82.jpg?v=1786488845,,,,,,,,
Liga Italiana,AC Milan,Camiseta AC Milan 2006/2007 Tercera Manga Larga Adultos,https://camarindelabuelo.cl/products/camiseta-ac-milan-2006-2007-tercera-manga-larga-adultos,32990,34990,https://cdn.shopify.com/s/files/1/0669/0943/8050/files/6810cb41.jpg?v=1789828962,https://cdn.shopify.com/s/files/1/0669/0943/8050/files/d80b3089.jpg?v=1789828964,,,,,,,,
Liga Italiana,AC Milan,Camiseta AC Milan 2006/2007 Visitante Adultos,https://camarindelabuelo.cl/products/camiseta-ac-milan-2006-2007-visitante-adultos,32990,34990,https://cdn.shopify.com/s/files/1/0669/0943/8050/files/d0704f86.jpg?v=1784943537,https://cdn.shopify.com/s/files/1/0669/0943/8050/files/625038f0.jpg?v=1784943534,,,,,,,,
Liga Italiana,AC Milan,Camiseta AC Milan 2009/2010 Local Adultos Manga Larga,https://camarindelabuelo.cl/products/camiseta-ac-milan-2009-2010-local-adultos-manga-larga,34990,,https://cdn.shopify.com/s/files/1/0669/0943/8050/files/a0772a11.jpg?v=1786295175,https://cdn.shopify.com/s/files/1/0669/0943/8050/files/837420d6.jpg?v=1786295172,,,,,,,,
Liga Italiana,AC Milan,Camiseta AC Milan 2011/12 Local Adultos,https://camarindelabuelo.cl/products/camiseta-ac-milan-2011-12-local-adultos,31990,34990,https://cdn.shopify.com/s/files/1/0669/0943/8050/files/f15708ac.jpg?v=1785337698,https://cdn.shopify.com/s/files/1/0669/0943/8050/files/f86c1613.jpg?v=1785337695,,,,,,,,
Liga Italiana,AC Milan,Camiseta AC Milan 2012/13 Local Adultos,https://camarindelabuelo.cl/products/camiseta-ac-milan-2012-13-local-adultos,31990,34990,https://cdn.shopify.com/s/files/1/0669/0943/8050/files/d4ebb7e2.jpg?v=1785337629,https://cdn.shopify.com/s/files/1/0669/0943/8050/files/a5022477.jpg?v=1785337627,,,,,,,,
Liga Italiana,AC Milan,Camiseta AC Milan 2013/2014 Local Adultos Manga Larga,https://camarindelabuelo.cl/products/camiseta-ac-milan-2013-2014-local-adultos-manga-larga,34990,,https://cdn.shopify.com/s/files/1/0669/0943/8050/files/62dc6734.jpg?v=1789655638,https://cdn.shopify.com/s/files/1/0669/0943/8050/files/8303bf39.jpg?v=1789655640,,,,,,,,
Liga Italiana,AC Milan,Camiseta AC Milan Cuarta 26/27 Adultos,https://camarindelabuelo.cl/products/camiseta-ac-milan-cuarta-26-27-adultos,27990,32990,https://cdn.shopify.com/s/files/1/0669/0943/8050/files/060e979e.jpg?v=1789829162,https://cdn.shopify.com/s/files/1/0669/0943/8050/files/04d46a58.jpg?v=1789829164,,,,,,,,
Liga Italiana,AC Milan,Camiseta AC Milan Local 26/27 Adultos,https://camarindelabuelo.cl/products/camiseta-ac-milan-local-26-27-adultos,27990,32990,https://cdn.shopify.com/s/files/1/0669/0943/8050/files/32a46288.jpg?v=1788052379,https://cdn.shopify.com/s/files/1/0669/0943/8050/files/d80d2139.jpg?v=1788052376,,,,,,,,
Liga Italiana,AC Milan,Camiseta AC Milan Local 26/27 Adultos [PLAYER VERSION],https://camarindelabuelo.cl/products/camiseta-ac-milan-local-26-27-adultos-player-version,34990,35990,https://cdn.shopify.com/s/files/1/0669/0943/8050/files/a9cec018.jpg?v=1786199819,https://cdn.shopify.com/s/files/1/0669/0943/8050/files/dc633a02.jpg?v=1786199817,,,,,,,,
Liga Italiana,AC Milan,Camiseta AC Milan Visitante 26/27 Adultos [PLAYER VERSION],https://camarindelabuelo.cl/products/camiseta-ac-milan-visitante-26-27-adultos-player-version,34990,35990,https://cdn.shopify.com/s/files/1/0669/0943/8050/files/bc47e512.jpg?v=1786199763,https://cdn.shopify.com/s/files/1/0669/0943/8050/files/ee2f61b1.jpg?v=1786199760,,,,,,,,
Liga Italiana,AC Milan,Camiseta Milan Tercera 26/27 Adultos,https://camarindelabuelo.cl/products/camiseta-milan-tercera-26-27-adultos,27990,32990,https://cdn.shopify.com/s/files/1/0669/0943/8050/files/ac16c38d.jpg?v=1786199571,https://cdn.shopify.com/s/files/1/0669/0943/8050/files/ad925d16.jpg?v=1786199569,,,,,,,,
Liga Italiana,AC Milan,Camiseta Milan Visitante 26/27 Adultos,https://camarindelabuelo.cl/products/camiseta-milan-visitante-adultos,27990,32990,https://cdn.shopify.com/s/files/1/0669/0943/8050/files/13c2e45a.jpg?v=1786199502,https://cdn.shopify.com/s/files/1/0669/0943/8050/files/cd601c1b.jpg?v=1786199500,,,,,,,,
Liga Italiana,AC Milan,Short Milan Local 06/07,https://camarindelabuelo.cl/products/short-milan-local-06-07-copia,23990,,https://cdn.shopify.com/s/files/1/0669/0943/8050/files/5b40f88e-da9b-4394-a19e-de7b40007f50.png?v=1782593280,https://cdn.shopify.com/s/files/1/0669/0943/8050/files/7a5e7a01.jpg?v=1782593287,https://cdn.shopify.com/s/files/1/0669/0943/8050/files/bd6c2b44.jpg?v=1782593283,,,,,,,
Liga Italiana,AS Roma,Camiseta Roma Local 1991/92 Adultos,https://camarindelabuelo.cl/products/camiseta-roma-local-1991-92-adultos,33990,,https://cdn.shopify.com/s/files/1/0669/0943/8050/files/1fb1811a.jpg?v=1786201792,https://cdn.shopify.com/s/files/1/0669/0943/8050/files/bd2939b8.jpg?v=1786201790,,,,,,,,
Liga Italiana,AS Roma,Camiseta Roma Local 1998/99 Adultos,https://camarindelabuelo.cl/products/camiseta-roma-local-1998-99-adultos,33990,,https://cdn.shopify.com/s/files/1/0669/0943/8050/files/933d6f69.jpg?v=1786201962,https://cdn.shopify.com/s/files/1/0669/0943/8050/files/24f89a08.jpg?v=1786201953,,,,,,,,
Liga Italiana,AS Roma,Camiseta Roma Local 2001/02 Adultos,https://camarindelabuelo.cl/products/camiseta-roma-local-2001-02-adultos,33990,,https://cdn.shopify.com/s/files/1/0669/0943/8050/files/0edc826b_1.jpg?v=1785337265,https://cdn.shopify.com/s/files/1/0669/0943/8050/files/19b731f9_1.jpg?v=1785337264,,,,,,,,
Liga Italiana,AS Roma,Camiseta Roma Local 2014/15 Adultos,https://camarindelabuelo.cl/products/camiseta-roma-local-2014-15-adultos,33990,,https://cdn.shopify.com/s/files/1/0669/0943/8050/files/25f57443.jpg?v=1785337380,https://cdn.shopify.com/s/files/1/0669/0943/8050/files/55ae7b1f.jpg?v=1785337377,,,,,,,,
Liga Italiana,AS Roma,Camiseta Roma Local 2017/18 Adultos,https://camarindelabuelo.cl/products/camiseta-roma-local-2017-18-adultos,33990,,https://cdn.shopify.com/s/files/1/0669/0943/8050/files/dbdae370.jpg?v=1785337461,https://cdn.shopify.com/s/files/1/0669/0943/8050/files/a326ce82.jpg?v=1785337458,,,,,,,,
Liga Italiana,AS Roma,Camiseta Roma Local 2017/18 Manga Larga Adultos,https://camarindelabuelo.cl/products/camiseta-roma-local-2017-18-manga-larga-adultos,35990,,https://cdn.shopify.com/s/files/1/0669/0943/8050/files/84436999.jpg?v=1785337521,https://cdn.shopify.com/s/files/1/0669/0943/8050/files/59e32a1f.jpg?v=1785337518,,,,,,,,
Liga Italiana,AS Roma,Camiseta Roma Local 26/27 Adultos,https://camarindelabuelo.cl/products/camiseta-roma-local-26-27-adultos,27990,32990,https://cdn.shopify.com/s/files/1/0669/0943/8050/files/5b753cce.jpg?v=1789250618,https://cdn.shopify.com/s/files/1/0669/0943/8050/files/3e9b12b8.jpg?v=1789250621,,,,,,,,
Liga Italiana,AS Roma,Camiseta Roma Local Terrace Icons Adultos,https://camarindelabuelo.cl/products/camiseta-roma-local-terrace-icons-adultos,28990,36990,https://cdn.shopify.com/s/files/1/0669/0943/8050/files/d499c6b4.jpg?v=1786662518,https://cdn.shopify.com/s/files/1/0669/0943/8050/files/73f2cdce.jpg?v=1786662516,,,,,,,,
Liga Italiana,AS Roma,Camiseta Roma Tercera 1998/99 Adultos,https://camarindelabuelo.cl/products/camiseta-roma-tercera-1998-99-adultos,33990,,https://cdn.shopify.com/s/files/1/0669/0943/8050/files/4afcea5b.jpg?v=1786202080,https://cdn.shopify.com/s/files/1/0669/0943/8050/files/c26fda05.jpg?v=1786202078,,,,,,,,
Liga Italiana,AS Roma,Camiseta Roma Visitante 1991/92 Adultos,https://camarindelabuelo.cl/products/camiseta-roma-visitante-1991-92-adultos,33990,,https://cdn.shopify.com/s/files/1/0669/0943/8050/files/62e8915d.jpg?v=1786201872,https://cdn.shopify.com/s/files/1/0669/0943/8050/files/ff9ea295.jpg?v=1786201867,,,,,,,,
Liga Italiana,AS Roma,Camiseta Roma Visitante 1998/99 Adultos,https://camarindelabuelo.cl/products/camiseta-roma-visitante-1998-99-adultos,33990,,https://cdn.shopify.com/s/files/1/0669/0943/8050/files/2d5d6b4e.jpg?v=1786202018,https://cdn.shopify.com/s/files/1/0669/0943/8050/files/44ac5d6b.jpg?v=1786202016,,,,,,,,
Liga Italiana,AS Roma,Camiseta Roma Visitante 2001/02 Adultos,https://camarindelabuelo.cl/products/camiseta-roma-visitante-2001-02-adultos,33990,,https://cdn.shopify.com/s/files/1/0669/0943/8050/files/cac202e6.jpg?v=1787616341,https://cdn.shopify.com/s/files/1/0669/0943/8050/files/0759d8a7.jpg?v=1787616343,,,,,,,,
Liga Italiana,AS Roma,Camiseta Roma Visitante 26/27 Adultos,https://camarindelabuelo.cl/products/camiseta-roma-visitante-26-27-adultos,27990,32990,https://cdn.shopify.com/s/files/1/0669/0943/8050/files/7038be6d.jpg?v=1789250682,https://cdn.shopify.com/s/files/1/0669/0943/8050/files/612a00a6.jpg?v=1789250684,,,,,,,,
Liga Italiana,AS Roma,Camiseta Roma Visitante Terrace Icons Adultos,https://camarindelabuelo.cl/products/camiseta-roma-visitante-terrace-icons-adultos,28990,36990,https://cdn.shopify.com/s/files/1/0669/0943/8050/files/96c8aa1b.jpg?v=1786662578,https://cdn.shopify.com/s/files/1/0669/0943/8050/files/245e5025.jpg?v=1786662575,,,,,,,,
Liga Italiana,Atalanta,Camiseta Atalanta Local 26/27 Adultos,https://camarindelabuelo.cl/products/camiseta-atalanta-local-26-27-adultos,27990,32990,https://cdn.shopify.com/s/files/1/0669/0943/8050/files/4d73d5fd_a07bd74e-3f58-4644-adcc-f8bd41e37946.jpg?v=1789828307,https://cdn.shopify.com/s/files/1/0669/0943/8050/files/426fef67_fc985675-2c54-4ff0-ab95-ac91d38fd751.jpg?v=1789828311,,,,,,,,
Liga Italiana,Como,Camiseta Como Cuarta 26/27 Adultos,https://camarindelabuelo.cl/products/camiseta-como-cuarta-26-27-adultos,27990,32990,https://cdn.shopify.com/s/files/1/0669/0943/8050/files/ce9caf8f.jpg?v=1789828713,https://cdn.shopify.com/s/files/1/0669/0943/8050/files/6bb7e80d.jpg?v=1789828715,,,,,,,,
Liga Italiana,Como,Camiseta Como Local 25/26 Adultos,https://camarindelabuelo.cl/products/camiseta-como-local-25-26-adultos,27990,32990,https://cdn.shopify.com/s/files/1/0669/0943/8050/files/48cb96c6-7bfa-46ad-898b-b9dcebc0b812.png?v=1783695782,https://cdn.shopify.com/s/files/1/0669/0943/8050/files/6faa6ae5.jpg?v=1783695791,https://cdn.shopify.com/s/files/1/0669/0943/8050/files/f9bbe9b2.jpg?v=1783695784,,,,,,,
Liga Italiana,Como,Camiseta Como Local 26/27 Adultos,https://camarindelabuelo.cl/products/camiseta-como-local-26-27-adultos,27990,32990,https://cdn.shopify.com/s/files/1/0669/0943/8050/files/5e4cbac4-c37d-4ed3-b5aa-c55fc7e628ea.png?v=1788874219,https://cdn.shopify.com/s/files/1/0669/0943/8050/files/b73169020d56cf828b157179.jpg?v=1788874229,https://cdn.shopify.com/s/files/1/0669/0943/8050/files/6bd48371789f777f019a2987.jpg?v=1788874232,,,,,,,
Liga Italiana,Como,Camiseta Como Visitante 26/27 Adultos,https://camarindelabuelo.cl/products/camiseta-como-visitante-26-27-adultos,27990,32990,https://cdn.shopify.com/s/files/1/0669/0943/8050/files/4f74c89f.jpg?v=1789828618,https://cdn.shopify.com/s/files/1/0669/0943/8050/files/a6ee7bfd.jpg?v=1789828619,,,,,,,,
Liga Italiana,Fiorentina,Camiseta Fiorentina 1997/98 Adultos,https://camarindelabuelo.cl/products/camiseta-fiorentina-1997-98-adultos,31990,34990,https://cdn.shopify.com/s/files/1/0669/0943/8050/files/b597927c.jpg?v=1786202314,https://cdn.shopify.com/s/files/1/0669/0943/8050/files/ed68af81.jpg?v=1786202312,,,,,,,,
Liga Italiana,Fiorentina,Camiseta Fiorentina 1998 Adultos,https://camarindelabuelo.cl/products/camiseta-fiorentina-1998-adultos,31990,34990,https://cdn.shopify.com/s/files/1/0669/0943/8050/files/4ebb9863.jpg?v=1782829626,https://cdn.shopify.com/s/files/1/0669/0943/8050/files/d770da4f.jpg?v=1782829624,,,,,,,,
Liga Italiana,Inter de Milán,Camiseta + Short Inter 26/27 Niños,https://camarindelabuelo.cl/products/camiseta-short-inter-25-26-ninos,27990,32990,https://cdn.shopify.com/s/files/1/0669/0943/8050/files/8096e2b8.jpg?v=1785191432,https://cdn.shopify.com/s/files/1/0669/0943/8050/files/dd301e1e.jpg?v=1785191429,,,,,,,,
Liga Italiana,Inter de Milán,Camiseta Inter 1996/97 Tercera Adultos,https://camarindelabuelo.cl/products/camiseta-inter-1996-97-tercera-adultos,32990,34990,https://cdn.shopify.com/s/files/1/0669/0943/8050/files/95b5b755.jpg?v=1786198949,https://cdn.shopify.com/s/files/1/0669/0943/8050/files/ea6162ff.jpg?v=1786198946,,,,,,,,
Liga Italiana,Inter de Milán,Camiseta Inter 2011/12 Visitante Adultos,https://camarindelabuelo.cl/products/camiseta-inter-2011-12-visitante-adultos,32990,34990,https://cdn.shopify.com/s/files/1/0669/0943/8050/files/f19e6c10.jpg?v=1786199043,https://cdn.shopify.com/s/files/1/0669/0943/8050/files/83288b38.jpg?v=1786199027,https://cdn.shopify.com/s/files/1/0669/0943/8050/files/8b5c8f43.jpg?v=1786199030,https://cdn.shopify.com/s/files/1/0669/0943/8050/files/62715444.jpg?v=1786199041,,,,,,
Liga Italiana,Inter de Milán,Camiseta Inter 2021/22 Visitante Adultos,https://camarindelabuelo.cl/products/camiseta-inter-2021-22-visitante-adultos,32990,34990,https://cdn.shopify.com/s/files/1/0669/0943/8050/files/14bc9e36.jpg?v=1786371563,https://cdn.shopify.com/s/files/1/0669/0943/8050/files/dfb6eb06.jpg?v=1786371561,,,,,,,,
Liga Italiana,Inter de Milán,Camiseta Inter Local 26/27 Adultos,https://camarindelabuelo.cl/products/camiseta-inter-local-adultos,27990,32990,https://cdn.shopify.com/s/files/1/0669/0943/8050/files/f3cbee55.jpg?v=1785191294,https://cdn.shopify.com/s/files/1/0669/0943/8050/files/dbf79b9d.jpg?v=1785191291,,,,,,,,
Liga Italiana,Inter de Milán,Camiseta Inter Local 26/27 Adultos [PLAYER VERSION],https://camarindelabuelo.cl/products/camiseta-inter-local-26-27-adultos-player-version,34990,35990,https://cdn.shopify.com/s/files/1/0669/0943/8050/files/6624d2bc.jpg?v=1785191547,https://cdn.shopify.com/s/files/1/0669/0943/8050/files/d5e29778.jpg?v=1785191547,,,,,,,,
Liga Italiana,Inter de Milán,Camiseta Inter Tercera 1997/98 Adultos,https://camarindelabuelo.cl/products/camiseta-inter-visitante-1997-98-adultos,32990,34990,https://cdn.shopify.com/s/files/1/0669/0943/8050/files/e9c10670.jpg?v=1786199190,https://cdn.shopify.com/s/files/1/0669/0943/8050/files/87d8a8c7.jpg?v=1786199188,,,,,,,,
Liga Italiana,Inter de Milán,Camiseta Inter Tercera 1997/98 Manga Larga Adultos,https://camarindelabuelo.cl/products/camiseta-inter-tercera-1997-98-manga-larga-adultos,34990,,https://cdn.shopify.com/s/files/1/0669/0943/8050/files/26ad99a8.jpg?v=1788146884,https://cdn.shopify.com/s/files/1/0669/0943/8050/files/7c0cf702.jpg?v=1788146885,,,,,,,,
Liga Italiana,Inter de Milán,Camiseta Inter Visitante 1997/98 Adultos,https://camarindelabuelo.cl/products/camiseta-inter-visitante-1997-98-adultos-1,32990,34990,https://cdn.shopify.com/s/files/1/0669/0943/8050/files/e9f7541c.jpg?v=1786199279,https://cdn.shopify.com/s/files/1/0669/0943/8050/files/b474da49.jpg?v=1786199277,,,,,,,,
Liga Italiana,Inter de Milán,Camiseta Inter Visitante 26/27 Adultos,https://camarindelabuelo.cl/products/camiseta-inter-visitante-26-27-adultos,27990,32990,https://cdn.shopify.com/s/files/1/0669/0943/8050/files/0296d10f.jpg?v=1788052276,https://cdn.shopify.com/s/files/1/0669/0943/8050/files/29ce0699.jpg?v=1788052280,,,,,,,,
Liga Italiana,Juventus,Camiseta + Short Juventus Local 26/27 Niños,https://camarindelabuelo.cl/products/camiseta-short-juventus-26-27-ninos,27990,32990,https://cdn.shopify.com/s/files/1/0669/0943/8050/files/8f04a1fa_1.jpg?v=1788105554,https://cdn.shopify.com/s/files/1/0669/0943/8050/files/1ab0727e_1.jpg?v=1788105555,,,,,,,,
Liga Italiana,Juventus,Camiseta + Short Juventus Visitante 26/27 Niños,https://camarindelabuelo.cl/products/camiseta-short-juventus-visitante-26-27-ninos,27990,32990,https://cdn.shopify.com/s/files/1/0669/0943/8050/files/e0818dd3.jpg?v=1788105685,https://cdn.shopify.com/s/files/1/0669/0943/8050/files/19ab4f79.jpg?v=1788105686,,,,,,,,
Liga Italiana,Juventus,Camiseta Juventus 2011/2012 Adultos,https://camarindelabuelo.cl/products/camiseta-juventus-2011-2012-adultos,33990,34990,https://cdn.shopify.com/s/files/1/0669/0943/8050/files/75ed18361c5f71968bafd634d04e9e69e4a727384b2f84396e58788f72b99d14.jpg?v=1788358462,https://cdn.shopify.com/s/files/1/0669/0943/8050/files/42a8da88c71c574f533b1da816cd1c07a31d3fcb2f7ae1a4f8cbf388231aa7a3-1024x1024.jpg?v=1788358462,https://cdn.shopify.com/s/files/1/0669/0943/8050/files/a0845884b3ee8170b388ae292403ef31312ae3eb64af52c26786504c93f16fd4-1024x1024.jpg?v=1788358462,https://cdn.shopify.com/s/files/1/0669/0943/8050/files/e5b5c105a34a7f34bab7725e4799a2beefcf8f597ab6fc7a924ea6f24347837c-1024x1024.jpg?v=1788358462,https://cdn.shopify.com/s/files/1/0669/0943/8050/files/3cedeb2d9d0290df629476b9936a17a92ba9f2e9346b008c7ef8f1c61d7315c8-1024x1024.jpg?v=1788358462,https://cdn.shopify.com/s/files/1/0669/0943/8050/files/4dd1344459595b95dc1f361edd3079bd0ae1eb36d1d1766a35e57d0df9499dd0-1024x1024.jpg?v=1788358462,https://cdn.shopify.com/s/files/1/0669/0943/8050/files/7a86c8d79979a94c5d09eba4a51dd6ff8e9c1a124e9758ea1663b5e09f06f549-1024x1024_eb8b8bf7-d036-4c51-ba04-867cf464cb2b.jpg?v=1788358462,https://cdn.shopify.com/s/files/1/0669/0943/8050/files/50c955d226f35262d48949fcbbb875db970dcddb14d1d83fc3af7945c81860a8-1024x1024_0f2fb6f5-351d-40b8-b15c-d04b77331dc2.jpg?v=1788358462,,
Liga Italiana,Juventus,Camiseta Juventus 2018/19 Adultos [PLAYER VERSION],https://camarindelabuelo.cl/products/camiseta-juventus-2018-19-adultos-player-version,33990,34990,https://cdn.shopify.com/s/files/1/0669/0943/8050/files/729e2e5c5fea722cac26f8bc0bc120f513b0113ee50f618e6a9cd13efdb00b6a.jpg?v=1788357794,https://cdn.shopify.com/s/files/1/0669/0943/8050/files/134ae0754016bc2e95236fd8ca79a64d8acb3ecd48c8428347d4a4e76888cb27-1024x1024.jpg?v=1788357784,https://cdn.shopify.com/s/files/1/0669/0943/8050/files/63f823fe59f604026f7bcc046c7f779f5e9d8f8ae3b6dc202ce720289bded5ec-1024x1024.jpg?v=1788357767,https://cdn.shopify.com/s/files/1/0669/0943/8050/files/d89acf5b534174399f01d09fc3ef012ba7d7f02cf68cad1c973a15dda8456dbf-1024x1024.jpg?v=1788357768,https://cdn.shopify.com/s/files/1/0669/0943/8050/files/7fc726e1be564e2b9011ff6e29076164ecad510a7f41bda0fdc8219971a4aab9-1024x1024.jpg?v=1788357770,https://cdn.shopify.com/s/files/1/0669/0943/8050/files/c63b2974da734ca419f64ccfa8fe6bc442fb053a4dc0093f4f7062419bc4b2a0-1024x1024.jpg?v=1788357773,https://cdn.shopify.com/s/files/1/0669/0943/8050/files/be04c18334fac6a6c410227dcf4c6c6d985421450c703d95a9b11d9629e7c4c4-1024x1024.jpg?v=1788357775,https://cdn.shopify.com/s/files/1/0669/0943/8050/files/838af55c6342967625832f5935c814ad8bc33ab4496c999bdcef08cd68174e91-1024x1024.jpg?v=1788357781,,
Liga Italiana,Juventus,Camiseta Juventus 2019/20 Adultos [PLAYER VERSION],https://camarindelabuelo.cl/products/camiseta-juventus-2019-20-adultos,33990,34990,https://cdn.shopify.com/s/files/1/0669/0943/8050/files/669918457ab020232dd2716a759641d309035f87cf7d93cc2993f132cb58a28e.jpg?v=1788357519,https://cdn.shopify.com/s/files/1/0669/0943/8050/files/b755dbc4b9b733ba58df650c22f02293a357a9f196a7cb44c5183e6e75b23c43-1024x1024.jpg?v=1788357519,https://cdn.shopify.com/s/files/1/0669/0943/8050/files/9496d771c88733dbcf79b9b5d9c014b5101636129b5d38618179a3224074beb6-1024x1024.jpg?v=1788357519,https://cdn.shopify.com/s/files/1/0669/0943/8050/files/e5706f22d45a206d8a6c58ebfbb31ad6221585a5fc63ac020af246c37a243460-1024x1024.jpg?v=1788357519,https://cdn.shopify.com/s/files/1/0669/0943/8050/files/ecdcc3ef3a2c75364e85e78857adba9f18016b38b8afc55bd8abf5b9bf2c26bc-1024x1024.jpg?v=1788357519,https://cdn.shopify.com/s/files/1/0669/0943/8050/files/24216700522fb3ad40a89ee2674af6cefc8b56dfe1102d80a5a027dd5e0c9928-1024x1024.jpg?v=1788357519,https://cdn.shopify.com/s/files/1/0669/0943/8050/files/9738bb991fd126c5d386ab57d4eb2a19256543779d015877ce6587b46b861c87-1024x1024.jpg?v=1788357519,,,
Liga Italiana,Juventus,Camiseta Juventus 26/27 Local Adultos,https://camarindelabuelo.cl/products/camiseta-juventus-26-27-adultos,27990,34990,https://cdn.shopify.com/s/files/1/0669/0943/8050/files/7779908d-fd93-4356-98f3-438c28b8f2cb.png?v=1784220259,https://cdn.shopify.com/s/files/1/0669/0943/8050/files/f514f652336c633162fa1fe3.webp?v=1784219916,https://cdn.shopify.com/s/files/1/0669/0943/8050/files/c7bb03182487bd15d1d2275f.webp?v=1784219913,,,,,,,
Liga Italiana,Juventus,Camiseta Juventus 26/27 Visitante Adultos,https://camarindelabuelo.cl/products/camiseta-juventus-26-27-visitante-adultos,27990,34990,https://cdn.shopify.com/s/files/1/0669/0943/8050/files/ed1ce5c8-dfb7-4c6d-859d-6083ec826b4b.png?v=1788105448,https://cdn.shopify.com/s/files/1/0669/0943/8050/files/bb7d6b3e96eea17d70e0d4ff.jpg?v=1788105407,https://cdn.shopify.com/s/files/1/0669/0943/8050/files/b1889658fa90817123e36c33.jpg?v=1788105406,,,,,,,
Liga Italiana,Juventus,Camiseta Juventus Manga Larga 26/27 Adultos,https://camarindelabuelo.cl/products/camiseta-juventus-manga-larga-26-27-adultos,27990,34990,https://cdn.shopify.com/s/files/1/0669/0943/8050/files/0876dbcf-6c66-4599-bc1f-602c26f7bf75.png?v=1788105280,https://cdn.shopify.com/s/files/1/0669/0943/8050/files/d530f148a635edc111b1d3b3.jpg?v=1788105162,https://cdn.shopify.com/s/files/1/0669/0943/8050/files/2b62ed8052696440fa836bfa.jpg?v=1788105164,,,,,,,
Liga Italiana,Lazio,Camiseta Lazio 2014/15 Local Adultos,https://camarindelabuelo.cl/products/camiseta-lazio-2014-15-local-adultos,32990,34990,https://cdn.shopify.com/s/files/1/0669/0943/8050/files/c842b66f.jpg?v=1786202863,https://cdn.shopify.com/s/files/1/0669/0943/8050/files/62110dae.jpg?v=1786202852,https://cdn.shopify.com/s/files/1/0669/0943/8050/files/c345d6dc.jpg?v=1786202860,https://cdn.shopify.com/s/files/1/0669/0943/8050/files/99b6ad92.jpg?v=1786202850,,,,,,
Liga Italiana,Lazio,Camiseta Lazio 2026/27 Local Adultos,https://camarindelabuelo.cl/products/camiseta-lazio-2026-27-local-adultos,27990,34990,https://cdn.shopify.com/s/files/1/0669/0943/8050/files/4cb5a204.jpg?v=1789828379,https://cdn.shopify.com/s/files/1/0669/0943/8050/files/9290ad6a.jpg?v=1789828381,,,,,,,,
Liga Italiana,Lazio,Camiseta Lazio 98/99 Tercera Adultos,https://camarindelabuelo.cl/products/camiseta-lazio-98-99-tercera-adultos,32990,34990,https://cdn.shopify.com/s/files/1/0669/0943/8050/files/bdd3bb67.jpg?v=1785201408,https://cdn.shopify.com/s/files/1/0669/0943/8050/files/660502fe.jpg?v=1785201405,,,,,,,,
Liga Italiana,Lazio,Camiseta Lazio 98/99 Visitante Adultos Manga Larga,https://camarindelabuelo.cl/products/camiseta-lazio-98-99-visitante-adultos-manga-larga,35990,,https://cdn.shopify.com/s/files/1/0669/0943/8050/files/84a72a9d.jpg?v=1786202635,https://cdn.shopify.com/s/files/1/0669/0943/8050/files/e8057f2e.jpg?v=1786202630,,,,,,,,
Liga Italiana,Napoli,Camiseta + Short Napoli 1987/88 Niños,https://camarindelabuelo.cl/products/camiseta-short-napoli-1987-88-ninos,32990,,https://cdn.shopify.com/s/files/1/0669/0943/8050/files/3bd56486.jpg?v=1786200769,https://cdn.shopify.com/s/files/1/0669/0943/8050/files/7f34b396.jpg?v=1786200770,,,,,,,,
Liga Italiana,Napoli,Camiseta Napoli Edición Especial 25/26 Adultos,https://camarindelabuelo.cl/products/camiseta-napoli-edicion-especial-26-27-adultos,27990,32990,https://cdn.shopify.com/s/files/1/0669/0943/8050/files/11c8608c.jpg?v=1788141619,https://cdn.shopify.com/s/files/1/0669/0943/8050/files/d140d0e1.jpg?v=1788141621,,,,,,,,
Liga Italiana,Napoli,Camiseta Napoli Local 1986/87 Adultos,https://camarindelabuelo.cl/products/camiseta-napoli-local-25-26-adultos-copia,32990,,https://cdn.shopify.com/s/files/1/0669/0943/8050/files/f7bb8852.jpg?v=1786200226,https://cdn.shopify.com/s/files/1/0669/0943/8050/files/b85cdaa9.jpg?v=1786200224,,,,,,,,
Liga Italiana,Napoli,Camiseta Napoli Local 1987/88 Adultos,https://camarindelabuelo.cl/products/camiseta-napoli-local-1987-88-adultos,32990,,https://cdn.shopify.com/s/files/1/0669/0943/8050/files/b13e2231.jpg?v=1786200402,https://cdn.shopify.com/s/files/1/0669/0943/8050/files/7dc5a7d6.jpg?v=1786200399,,,,,,,,
Liga Italiana,Napoli,Camiseta Napoli Local 25/26 Adultos,https://camarindelabuelo.cl/products/camiseta-napoli-local-25-26-adultos,27990,32990,https://cdn.shopify.com/s/files/1/0669/0943/8050/files/2791de3b.jpg?v=1782362153,https://cdn.shopify.com/s/files/1/0669/0943/8050/files/c294a8bf.jpg?v=1782362153,,,,,,,,
Liga Italiana,Napoli,Camiseta Napoli Local 26/27 Adultos,https://camarindelabuelo.cl/products/camiseta-napoli-local-26-27-adultos,27990,32990,https://cdn.shopify.com/s/files/1/0669/0943/8050/files/40227306.jpg?v=1788052088,https://cdn.shopify.com/s/files/1/0669/0943/8050/files/cf68c53c.jpg?v=1788052091,,,,,,,,
Liga Italiana,Napoli,Camiseta Napoli Local Manga Larga 1987/88 Adultos,https://camarindelabuelo.cl/products/camiseta-napoli-local-manga-larga-1987-88-adultos,34990,,https://cdn.shopify.com/s/files/1/0669/0943/8050/files/5d086100.jpg?v=1786200489,https://cdn.shopify.com/s/files/1/0669/0943/8050/files/2fe16ae3.jpg?v=1786200469,,,,,,,,
Liga Italiana,Napoli,Camiseta Napoli Tercera 26/27 Adultos,https://camarindelabuelo.cl/products/camiseta-napoli-tercera-26-27-adultos,27990,32990,https://cdn.shopify.com/s/files/1/0669/0943/8050/files/95659984.jpg?v=1788052203,https://cdn.shopify.com/s/files/1/0669/0943/8050/files/877aa54e.jpg?v=1788052205,,,,,,,,
Liga Italiana,Napoli,Camiseta Napoli Visitante 1987/88 Adultos,https://camarindelabuelo.cl/products/camiseta-napoli-visitante-1987-88-adultos,32990,,https://cdn.shopify.com/s/files/1/0669/0943/8050/files/2bfad97e.jpg?v=1786200646,https://cdn.shopify.com/s/files/1/0669/0943/8050/files/36490aae.jpg?v=1786200641,,,,,,,,
Liga Italiana,Napoli,Camiseta Napoli Visitante 26/27 Adultos,https://camarindelabuelo.cl/products/camiseta-napoli-visitante-26-27-adultos,27990,32990,https://cdn.shopify.com/s/files/1/0669/0943/8050/files/1f850f4a.jpg?v=1788052145,https://cdn.shopify.com/s/files/1/0669/0943/8050/files/8cccdc2b.jpg?v=1788052147,,,,,,,,
Liga Italiana,Parma,Camiseta Parma 1999/00 Local Adultos,https://camarindelabuelo.cl/products/camiseta-lazio-1999-00-local-adultos,32990,34990,https://cdn.shopify.com/s/files/1/0669/0943/8050/files/68e2a65d.jpg?v=1786203074,https://cdn.shopify.com/s/files/1/0669/0943/8050/files/32289c3d.jpg?v=1786203072,,,,,,,,
Liga Italiana,Parma,Camiseta Parma 1999/00 Local Manga Larga Adultos,https://camarindelabuelo.cl/products/camiseta-parma-1999-00-local-manga-larga-adultos,32990,34990,https://cdn.shopify.com/s/files/1/0669/0943/8050/files/2e0f7fc8.jpg?v=1786203254,https://cdn.shopify.com/s/files/1/0669/0943/8050/files/2e0aaf41.jpg?v=1786203250,,,,,,,,
Liga Italiana,Parma,Camiseta Parma 1999/00 Tercera Adultos,https://camarindelabuelo.cl/products/camiseta-parma-1999-00-tercera-adultos,32990,34990,https://cdn.shopify.com/s/files/1/0669/0943/8050/files/4462fec4.jpg?v=1786203144,https://cdn.shopify.com/s/files/1/0669/0943/8050/files/2fccb0aa.jpg?v=1786203135,,,,,,,,
Liga Italiana,Parma,Camiseta Parma 26/27 Local Adultos,https://camarindelabuelo.cl/products/camiseta-parma-26-27-local-adultos,27990,34990,https://cdn.shopify.com/s/files/1/0669/0943/8050/files/83f39794.jpg?v=1788187561,https://cdn.shopify.com/s/files/1/0669/0943/8050/files/488a7e7b.jpg?v=1788187560,,,,,,,,
Liga Alemana,Bayern Munich,Camiseta + Short Bayern Munich Local 26/27 Niños,https://camarindelabuelo.cl/products/camiseta-short-bayern-munich-local-26-27-ninos-1,27990,32990,https://cdn.shopify.com/s/files/1/0669/0943/8050/files/e9cbb8f5.jpg?v=1788056780,https://cdn.shopify.com/s/files/1/0669/0943/8050/files/bca07262.jpg?v=1788056783,,,,,,,,
Liga Alemana,Bayern Munich,Camiseta + Short Bayern Munich Visitante 26/27 Niños,https://camarindelabuelo.cl/products/camiseta-short-bayern-munich-local-26-27-ninos,27990,32990,https://cdn.shopify.com/s/files/1/0669/0943/8050/files/a88cc32e.jpg?v=1788056662,https://cdn.shopify.com/s/files/1/0669/0943/8050/files/afa2b27a.jpg?v=1788056665,,,,,,,,
Liga Alemana,Bayern Munich,Camiseta Bayern Munchen Local 125 Aniversario Adultos [PLAYER VESION],https://camarindelabuelo.cl/products/camiseta-bayern-munchen-local-125-aniversario-adultos-player-vesion,32990,35990,https://cdn.shopify.com/s/files/1/0669/0943/8050/files/97a76340.jpg?v=1785856975,https://cdn.shopify.com/s/files/1/0669/0943/8050/files/5d2531ff.jpg?v=1785856972,,,,,,,,
Liga Alemana,Bayern Munich,Camiseta Bayern Munchen Local 26/27 Adultos [PLAYER VESION],https://camarindelabuelo.cl/products/camiseta-bayern-munchen-local-26-27-adultos-player-vesion,32990,35990,https://cdn.shopify.com/s/files/1/0669/0943/8050/files/52eedb70.jpg?v=1785854371,https://cdn.shopify.com/s/files/1/0669/0943/8050/files/2df134f1.jpg?v=1785854369,,,,,,,,
Liga Alemana,Bayern Munich,Camiseta Bayern Munich Local 2017/18 Adultos,https://camarindelabuelo.cl/products/camiseta-bayern-munich-local-2017-18-adultos,32990,,https://cdn.shopify.com/s/files/1/0669/0943/8050/files/39afb27e.jpg?v=1786295753,https://cdn.shopify.com/s/files/1/0669/0943/8050/files/1874ff0c.jpg?v=1786295750,,,,,,,,
Liga Alemana,Bayern Munich,Camiseta Bayern Munich Local 26/27 Adultos,https://camarindelabuelo.cl/products/camiseta-bayern-munich-local-26-27-adultos,27990,32990,https://cdn.shopify.com/s/files/1/0669/0943/8050/files/20a28b93.jpg?v=1782016922,https://cdn.shopify.com/s/files/1/0669/0943/8050/files/657bcd2f.jpg?v=1782016918,,,,,,,,
Liga Alemana,Bayern Munich,Camiseta Bayern Munich Local Manga Larga 26/27 Adultos,https://camarindelabuelo.cl/products/camiseta-bayern-munich-local-manga-larga-26-27-adultos,29990,32990,https://cdn.shopify.com/s/files/1/0669/0943/8050/files/79b512e2-7089-4aed-bf80-f55469bd5759.png?v=1789226409,https://cdn.shopify.com/s/files/1/0669/0943/8050/files/Capturadepantalla2026-09-12alas12.19.11p.m..png?v=1789226359,https://cdn.shopify.com/s/files/1/0669/0943/8050/files/Capturadepantalla2026-09-12alas12.19.26p.m..png?v=1789226373,https://cdn.shopify.com/s/files/1/0669/0943/8050/files/Capturadepantalla2026-09-12alas12.19.47p.m..png?v=1789226394,,,,,,
Liga Alemana,Bayern Munich,Camiseta Bayern Munich Manga Larga Local 26/27 Adultos,https://camarindelabuelo.cl/products/camiseta-bayern-munich-manga-larga-local-26-27-adultos,29990,32990,https://cdn.shopify.com/s/files/1/0669/0943/8050/files/d9f390ae.jpg?v=1784411391,https://cdn.shopify.com/s/files/1/0669/0943/8050/files/9832aeb2.jpg?v=1784411388,,,,,,,,
Liga Alemana,Bayern Munich,Camiseta Bayern Múnich Visitante 26/27 Adultos,https://camarindelabuelo.cl/products/camiseta-bayern-munich-visitante-26-27-adultos,27990,32990,https://cdn.shopify.com/s/files/1/0669/0943/8050/files/ChatGPTImage21ago2026_09_23_33p.m..png?v=1787361930,https://cdn.shopify.com/s/files/1/0669/0943/8050/files/8cb329fc.jpg?v=1787361979,https://cdn.shopify.com/s/files/1/0669/0943/8050/files/4f22aff1.jpg?v=1787361982,https://cdn.shopify.com/s/files/1/0669/0943/8050/files/302ec773.jpg?v=1787361983,https://cdn.shopify.com/s/files/1/0669/0943/8050/files/14d53628.jpg?v=1787361985,,,,,
Liga Alemana,Bayern Munich,Camiseta Bayern Oktoberfest 26/27 Adultos,https://camarindelabuelo.cl/products/camiseta-bayern-oktoberfest-26-27-adultos,27990,32990,https://cdn.shopify.com/s/files/1/0669/0943/8050/files/e41b4640.jpg?v=1789760132,https://cdn.shopify.com/s/files/1/0669/0943/8050/files/696bc10f.jpg?v=1789760130,,,,,,,,
Liga Alemana,Bayern Munich,Camiseta Bayern Tercera 26/27 Adultos,https://camarindelabuelo.cl/products/camiseta-bayern-tercera-26-27-adultos,27990,32990,https://cdn.shopify.com/s/files/1/0669/0943/8050/files/2846e547.jpg?v=1788056848,https://cdn.shopify.com/s/files/1/0669/0943/8050/files/e467b550.jpg?v=1788056850,,,,,,,,
Liga Alemana,Borussia Dortmund,Camiseta + Short Borussia Dortmund Local 26/27 Niños,https://camarindelabuelo.cl/products/camiseta-short-borussia-dortmund-local-26-27-ninos,27990,32990,https://cdn.shopify.com/s/files/1/0669/0943/8050/files/8f3e2c0f.jpg?v=1788056932,https://cdn.shopify.com/s/files/1/0669/0943/8050/files/fa24c01a.jpg?v=1788056936,,,,,,,,
Liga Alemana,Borussia Dortmund,Camiseta Borussia Dortmund Edición 100 Años 26/27 Adultos,https://camarindelabuelo.cl/products/camiseta-borussia-dormunt-visitante-25-26-adultos,27990,32990,https://cdn.shopify.com/s/files/1/0669/0943/8050/files/02ec16ee.jpg?v=1786217404,https://cdn.shopify.com/s/files/1/0669/0943/8050/files/287dd9bb.jpg?v=1786217401,,,,,,,,
Liga Alemana,Borussia Dortmund,Camiseta Borussia Dortmund Local 2012/13 Adultos,https://camarindelabuelo.cl/products/camiseta-borussia-dortmund-local-2012-13-adultos,32990,,https://cdn.shopify.com/s/files/1/0669/0943/8050/files/b7d16d3f.jpg?v=1786217500,https://cdn.shopify.com/s/files/1/0669/0943/8050/files/e742fe71.jpg?v=1786217499,,,,,,,,
Liga Alemana,Borussia Dortmund,Camiseta Borussia Dortmund Local 26/27 Adultos,https://camarindelabuelo.cl/products/camiseta-borussia-dormunt-local-25-26-adultos,27990,32990,https://cdn.shopify.com/s/files/1/0669/0943/8050/files/083918e0.jpg?v=1786217309,https://cdn.shopify.com/s/files/1/0669/0943/8050/files/0bb89bfa.jpg?v=1786217307,,,,,,,,
Liga Alemana,Borussia Dortmund,Camiseta Borussia Dortmund Visitante 26/27 Adultos,https://camarindelabuelo.cl/products/camiseta-borussia-dortmund-visitante-26-27-adultos,27990,32990,https://cdn.shopify.com/s/files/1/0669/0943/8050/files/4204187d.jpg?v=1788057077,https://cdn.shopify.com/s/files/1/0669/0943/8050/files/48fb4670.jpg?v=1788057079,,,,,,,,
Liga Alemana,Eintracht Frankfurt,Camiseta Frankfurt Local 25/26 Adultos,https://camarindelabuelo.cl/products/camiseta-frankfurt-local-25-26-adultos,27990,32990,https://cdn.shopify.com/s/files/1/0669/0943/8050/files/124fb966.jpg?v=1784039093,https://cdn.shopify.com/s/files/1/0669/0943/8050/files/3b38812b.jpg?v=1784039090,,,,,,,,
Liga Alemana,Eintracht Frankfurt,Camiseta Frankfurt Local 26/27 Adultos,https://camarindelabuelo.cl/products/camiseta-frankfurt-local-26-27-adultos,27990,32990,https://cdn.shopify.com/s/files/1/0669/0943/8050/files/7aaa3283.jpg?v=1786217633,https://cdn.shopify.com/s/files/1/0669/0943/8050/files/1639f8a0.jpg?v=1786217629,,,,,,,,
Liga Alemana,Hamburgo SV,Camiseta Hamburgo SV Visitante 1996 Adultos,https://camarindelabuelo.cl/products/camiseta-hamburger-sv-visitante-1996-adultos,31990,32990,https://cdn.shopify.com/s/files/1/0669/0943/8050/files/d2560cd3.jpg?v=1786218355,https://cdn.shopify.com/s/files/1/0669/0943/8050/files/40c7c4a7.jpg?v=1786218353,,,,,,,,
Liga Alemana,Köln,Camiseta Köln Tercera 25/26 Adultos,https://camarindelabuelo.cl/products/camiseta-koln-tercera-25-26-adultos,27990,32990,https://cdn.shopify.com/s/files/1/0669/0943/8050/files/c741f60b.jpg?v=1787019673,https://cdn.shopify.com/s/files/1/0669/0943/8050/files/18aefec5.jpg?v=1787019676,,,,,,,,
Liga Alemana,RB Leipzig,Camiseta RB Leipzig Local 26/27 Adultos,https://camarindelabuelo.cl/products/camiseta-rb-leipzig-local-26-27-adultos,27990,32990,https://cdn.shopify.com/s/files/1/0669/0943/8050/files/97a44a1b.jpg?v=1786217746,https://cdn.shopify.com/s/files/1/0669/0943/8050/files/43440bdc.jpg?v=1786217744,,,,,,,,
Liga Alemana,Schalke 04,Camiseta Schalke 04 Local 1996/1997 Adultos,https://camarindelabuelo.cl/products/camiseta-schalke-04-local-1996-1997-adultos,31990,32990,https://cdn.shopify.com/s/files/1/0669/0943/8050/files/53bd7926.jpg?v=1786218268,https://cdn.shopify.com/s/files/1/0669/0943/8050/files/ad974ec9.jpg?v=1786218266,,,,,,,,
Liga Alemana,Schalke 04,Camiseta Schalke 04 Local 1998/2000 Adultos,https://camarindelabuelo.cl/products/camiseta-schalke-04-local-1998-2000-adultos,31990,32990,https://cdn.shopify.com/s/files/1/0669/0943/8050/files/bcfd6dec_1.jpg?v=1786218202,https://cdn.shopify.com/s/files/1/0669/0943/8050/files/c5ecf7a3_1.jpg?v=1786218200,,,,,,,,
Liga Alemana,Schalke 04,Camiseta Schalke 04 Local 26/27 Adultos,https://camarindelabuelo.cl/products/camiseta-schalke-04-local-26-27-adultos,27990,32990,https://cdn.shopify.com/s/files/1/0669/0943/8050/files/5a2fe69a.jpg?v=1786217972,https://cdn.shopify.com/s/files/1/0669/0943/8050/files/39cc2fa3.jpg?v=1786217970,,,,,,,,
Liga Alemana,St. Pauli,Camiseta St. Pauli Visitante 1997/98 Adultos,https://camarindelabuelo.cl/products/camiseta-st-pauli-visitante-1997-98-adultos,32990,34990,https://cdn.shopify.com/s/files/1/0669/0943/8050/files/0df19f17.jpg?v=1786218808,https://cdn.shopify.com/s/files/1/0669/0943/8050/files/08e38a2b.jpg?v=1786218805,,,,,,,,
Liga Alemana,St. Pauli,Camiseta St. Pauli Visitante 1998 Adultos,https://camarindelabuelo.cl/products/camiseta-st-pauli-visitante-1998-adultos,32990,34990,https://cdn.shopify.com/s/files/1/0669/0943/8050/files/2d2c2b83.jpg?v=1786218665,https://cdn.shopify.com/s/files/1/0669/0943/8050/files/79bd782d.jpg?v=1786218664,https://cdn.shopify.com/s/files/1/0669/0943/8050/files/1dbe2c15.jpg?v=1786218642,https://cdn.shopify.com/s/files/1/0669/0943/8050/files/eed060bf.jpg?v=1786218646,,,,,,
Liga Alemana,St. Pauli,Camiseta St. Pauli Visitante 1999 Adultos,https://camarindelabuelo.cl/products/camiseta-st-pauli-visitante-1999-adultos,32990,34990,https://cdn.shopify.com/s/files/1/0669/0943/8050/files/01D224D8-F0E0-4D89-89B1-14F1CC7C8B5C.jpg?v=1784731667,https://cdn.shopify.com/s/files/1/0669/0943/8050/files/8FBA3A2A-5E2C-406D-921E-AFD409650AC2.jpg?v=1784731667,,,,,,,,
Liga Alemana,St. Pauli,Camiseta St. Pauli Visitante 1999/00 Adultos,https://camarindelabuelo.cl/products/camiseta-st-pauli-visitante-1999-00-adultos,32990,34990,https://cdn.shopify.com/s/files/1/0669/0943/8050/files/a82dd429.jpg?v=1786218928,https://cdn.shopify.com/s/files/1/0669/0943/8050/files/832c171c.jpg?v=1786218927,,,,,,,,
Liga Alemana,St. Pauli,Camiseta St. Pauli Visitante 2026/27 Adultos,https://camarindelabuelo.cl/products/camiseta-st-pauli-visitante-2026-27-adultos,27990,34990,https://cdn.shopify.com/s/files/1/0669/0943/8050/files/58b76441.jpg?v=1788150784,https://cdn.shopify.com/s/files/1/0669/0943/8050/files/d2008b34.jpg?v=1788150786,,,,,,,,
Liga Francesa,PSG,Camiseta + Short PSG 26/27 Niños,https://camarindelabuelo.cl/products/camiseta-short-psg-26-27-ninos,27990,32990,https://cdn.shopify.com/s/files/1/0669/0943/8050/files/eadde665.jpg?v=1786545241,https://cdn.shopify.com/s/files/1/0669/0943/8050/files/45915617.jpg?v=1786545238,,,,,,,,
Liga Francesa,PSG,Camiseta PSG 26/27 Visitante Adultos [PLAYER VERSION],https://camarindelabuelo.cl/products/camiseta-psg-26-27-visitante-adultos-player-version,31990,35990,https://cdn.shopify.com/s/files/1/0669/0943/8050/files/7bd19586.jpg?v=1786545332,https://cdn.shopify.com/s/files/1/0669/0943/8050/files/326c4191.jpg?v=1786545330,,,,,,,,
Liga Francesa,PSG,Camiseta PSG Local 2017/18 Adultos,https://camarindelabuelo.cl/products/camiseta-psg-local-2017-18-adultos,31990,32990,https://cdn.shopify.com/s/files/1/0669/0943/8050/files/7837dd6b.jpg?v=1786297941,https://cdn.shopify.com/s/files/1/0669/0943/8050/files/397fa41b.jpg?v=1786297938,,,,,,,,
Liga Francesa,PSG,Camiseta PSG Local 26/27 Adultos,https://camarindelabuelo.cl/products/camiseta-psg-local-26-27-adultos,27990,32990,https://cdn.shopify.com/s/files/1/0669/0943/8050/files/da76eb1d.jpg?v=1784415101,https://cdn.shopify.com/s/files/1/0669/0943/8050/files/179e4b55.jpg?v=1784415099,,,,,,,,
Liga Francesa,PSG,Camiseta PSG Local 26/27 Adultos Manga Larga [PLAYER VERSION],https://camarindelabuelo.cl/products/camiseta-psg-26-27-adultos-player-version,36990,,https://cdn.shopify.com/s/files/1/0669/0943/8050/files/f93538d5.jpg?v=1785336874,https://cdn.shopify.com/s/files/1/0669/0943/8050/files/fa63dc55.jpg?v=1785336871,,,,,,,,
Liga Francesa,PSG,Camiseta PSG Local Manga Larga 26/27 Adultos,https://camarindelabuelo.cl/products/camiseta-psg-local-manga-larga-26-27-adultos,29990,32990,https://cdn.shopify.com/s/files/1/0669/0943/8050/files/74b825a6.jpg?v=1784415204,https://cdn.shopify.com/s/files/1/0669/0943/8050/files/3cc2fd3f.jpg?v=1784415202,,,,,,,,
Liga Argentina,Boca Juniors,Camiseta Boca 1999 Local Adultos,https://camarindelabuelo.cl/products/camiseta-boca-1999-local-adultos,31990,36990,https://cdn.shopify.com/s/files/1/0669/0943/8050/files/45b9a9cc.jpg?v=1786220722,https://cdn.shopify.com/s/files/1/0669/0943/8050/files/9213fafe.jpg?v=1786220719,,,,,,,,
Liga Argentina,Boca Juniors,Camiseta Boca 1999 Visitante Adultos,https://camarindelabuelo.cl/products/camiseta-boca-1999-visitante-adultos,31990,36990,https://cdn.shopify.com/s/files/1/0669/0943/8050/files/dad7cc21.jpg?v=1786220618,https://cdn.shopify.com/s/files/1/0669/0943/8050/files/cddea0cf.jpg?v=1786220617,,,,,,,,
Liga Argentina,Boca Juniors,Camiseta Boca 2005 Local Adultos,https://camarindelabuelo.cl/products/camiseta-boca-2005-local-adultos,31990,36990,https://cdn.shopify.com/s/files/1/0669/0943/8050/files/7d5c50a0.jpg?v=1786220795,https://cdn.shopify.com/s/files/1/0669/0943/8050/files/98a368b4.jpg?v=1786220792,,,,,,,,
Liga Argentina,Boca Juniors,Camiseta Boca 2014/15 Local Adultos,https://camarindelabuelo.cl/products/camiseta-boca-2014-15-local-adultos,31990,36990,https://cdn.shopify.com/s/files/1/0669/0943/8050/files/60d24592.jpg?v=1786220870,https://cdn.shopify.com/s/files/1/0669/0943/8050/files/95b5e39a.jpg?v=1786220867,,,,,,,,
Liga Argentina,Boca Juniors,Camiseta Boca 97/98 Visitante Adultos,https://camarindelabuelo.cl/products/camiseta-boca-97-98-visitante-adultos,31990,36990,https://cdn.shopify.com/s/files/1/0669/0943/8050/files/57e491c6.jpg?v=1786220530,https://cdn.shopify.com/s/files/1/0669/0943/8050/files/86235121.jpg?v=1786220527,,,,,,,,
Liga Argentina,Boca Juniors,Camiseta Boca Juniors Edición Trueno 25/26 Adultos,https://camarindelabuelo.cl/products/camiseta-boca-juniors-edicion-trueno-25-26-adultos,29990,32990,https://cdn.shopify.com/s/files/1/0669/0943/8050/files/9d89e554-3655-4f3d-85af-ee630c12ae0f.png?v=1787076524,https://cdn.shopify.com/s/files/1/0669/0943/8050/files/83cb1227-f2f3-4189-ab43-776a539bd822.png?v=1787076619,,,,,,,,
Liga Argentina,Boca Juniors,Camiseta Boca Juniors Local 26/27 Adultos,https://camarindelabuelo.cl/products/camiseta-boca-juniors-local-26-27-adultos,27990,32990,https://cdn.shopify.com/s/files/1/0669/0943/8050/files/e62bc543.jpg?v=1788051373,https://cdn.shopify.com/s/files/1/0669/0943/8050/files/9d6458e3.jpg?v=1788051371,,,,,,,,
Liga Argentina,Boca Juniors,Camiseta Boca Juniors Local Manga Larga 25/26 Adultos [PLAYER VERSION],https://camarindelabuelo.cl/products/camiseta-boca-juniors-local-manga-larga-25-26-adultos-player-version,34990,,https://cdn.shopify.com/s/files/1/0669/0943/8050/files/870d9799.jpg?v=1784040133,https://cdn.shopify.com/s/files/1/0669/0943/8050/files/09f6faa1.jpg?v=1784040130,,,,,,,,
Liga Argentina,Boca Juniors,Camiseta Boca Juniors Visitante 26/27 Adultos,https://camarindelabuelo.cl/products/camiseta-boca-juniors-visitante-26-27-adultos,27990,32990,https://cdn.shopify.com/s/files/1/0669/0943/8050/files/c026fd6b.jpg?v=1788051419,https://cdn.shopify.com/s/files/1/0669/0943/8050/files/8033b8fb.jpg?v=1788051417,,,,,,,,
Liga Argentina,Estudiantes,Camiseta Estudiantes Local 26/27 Adultos,https://camarindelabuelo.cl/products/camiseta-estudiantes-local-26-27-adultos,27990,32990,https://cdn.shopify.com/s/files/1/0669/0943/8050/files/d1fe6eb6.jpg?v=1786229319,https://cdn.shopify.com/s/files/1/0669/0943/8050/files/4b6d3323.jpg?v=1786229316,,,,,,,,
Liga Argentina,Newell's Old Boys,Camiseta Newell's Old Boys Local 1993/94 Adultos,https://camarindelabuelo.cl/products/camiseta-newells-old-boys-local-1993-94-adultos,31990,32990,https://cdn.shopify.com/s/files/1/0669/0943/8050/files/61c67626.jpg?v=1785610691,https://cdn.shopify.com/s/files/1/0669/0943/8050/files/9364cf58.jpg?v=1785610688,,,,,,,,
Liga Argentina,Racing,Camiseta Racing Local 26/27 Adultos,https://camarindelabuelo.cl/products/camiseta-racing-local-26-27-adultos,27990,32990,https://cdn.shopify.com/s/files/1/0669/0943/8050/files/54b7898a-5a01-453f-87a8-59dea2e720b1.png?v=1784902505,https://cdn.shopify.com/s/files/1/0669/0943/8050/files/bcaec406.png?v=1784902496,https://cdn.shopify.com/s/files/1/0669/0943/8050/files/0f2a8873.png?v=1784902494,,,,,,,
Liga Argentina,Racing,Camiseta Racing Visitante 26/27 Adultos,https://camarindelabuelo.cl/products/camiseta-racing-visitante-26-27-adultos,27990,32990,https://cdn.shopify.com/s/files/1/0669/0943/8050/files/ChatGPTImage24jul2026_10_16_29a.m..png?v=1784902600,https://cdn.shopify.com/s/files/1/0669/0943/8050/files/42bb4985.png?v=1784902588,https://cdn.shopify.com/s/files/1/0669/0943/8050/files/a6442250.png?v=1784902585,,,,,,,
Liga Argentina,River Plate,Camiseta + Short River Plate 26/27 Niños,https://camarindelabuelo.cl/products/camiseta-short-river-plate-ninos,27990,32990,https://cdn.shopify.com/s/files/1/0669/0943/8050/files/9336b4f1.jpg?v=1784902667,https://cdn.shopify.com/s/files/1/0669/0943/8050/files/cffd3648.jpg?v=1784902665,,,,,,,,
Liga Argentina,River Plate,Camiseta River Plate Baseball 25/26 Adultos,https://camarindelabuelo.cl/products/camiseta-river-plate-baseball-25-26-adultos,27990,32990,https://cdn.shopify.com/s/files/1/0669/0943/8050/files/bef0bec6.jpg?v=1782076766,https://cdn.shopify.com/s/files/1/0669/0943/8050/files/5c455d09.jpg?v=1782076763,,,,,,,,
Liga Argentina,River Plate,Camiseta River Plate Local 2000/01 Adultos,https://camarindelabuelo.cl/products/camiseta-river-plate-local-2000-01-adultos,31990,32990,https://cdn.shopify.com/s/files/1/0669/0943/8050/files/257ab570.jpg?v=1786219925,https://cdn.shopify.com/s/files/1/0669/0943/8050/files/59dcb408.jpg?v=1786219923,,,,,,,,
Liga Argentina,River Plate,Camiseta River Plate Local 2003/04 Adultos,https://camarindelabuelo.cl/products/camiseta-river-plate-local-2003-04-adultos-copia,31990,32990,https://cdn.shopify.com/s/files/1/0669/0943/8050/files/2e32b709.jpg?v=1786219869,https://cdn.shopify.com/s/files/1/0669/0943/8050/files/40b15cfc.jpg?v=1786219867,,,,,,,,
Liga Argentina,River Plate,Camiseta River Plate Local 26/27 Adultos Manga Larga [PLAYER VERSION],https://camarindelabuelo.cl/products/camiseta-river-plate-local-26-27-adultos-manga-larga-player-version,34990,,https://cdn.shopify.com/s/files/1/0669/0943/8050/files/acf7f038-eac9-4f7c-9d69-91cc33d96a59.png?v=1787798530,https://cdn.shopify.com/s/files/1/0669/0943/8050/files/26c0c73c.jpg?v=1787798531,https://cdn.shopify.com/s/files/1/0669/0943/8050/files/db47e188.jpg?v=1787798533,,,,,,,
Liga Argentina,River Plate,Camiseta River Plate Local 26/27 Adultos [PLAYER VERSION],https://camarindelabuelo.cl/products/camiseta-river-plate-local-adultos,32990,,https://cdn.shopify.com/s/files/1/0669/0943/8050/files/5bbe873e.jpg?v=1784902421,https://cdn.shopify.com/s/files/1/0669/0943/8050/files/87fcfd30.jpg?v=1784902417,,,,,,,,
Liga Argentina,River Plate,Camiseta River Plate Local Edición 125 Años Adultos,https://camarindelabuelo.cl/products/camiseta-river-plate-local-edicion-125-anos-adultos,27990,32990,https://cdn.shopify.com/s/files/1/0669/0943/8050/files/b4fcb133.jpg?v=1783135371,https://cdn.shopify.com/s/files/1/0669/0943/8050/files/da455318.jpg?v=1783135368,,,,,,,,
Liga Argentina,River Plate,Camiseta River Plate Tercera 2000/01 Adultos,https://camarindelabuelo.cl/products/camiseta-river-plate-tercera-2000-01-adultos,31990,32990,https://cdn.shopify.com/s/files/1/0669/0943/8050/files/921053c2.jpg?v=1786219985,https://cdn.shopify.com/s/files/1/0669/0943/8050/files/7aa442de.jpg?v=1786219977,,,,,,,,
Liga Argentina,River Plate,Camiseta River Plate Visitante 1992/93 Adultos,https://camarindelabuelo.cl/products/camiseta-river-plate-visitante-1992-93-adultos,31990,32990,https://cdn.shopify.com/s/files/1/0669/0943/8050/files/a3511748.jpg?v=1786219593,https://cdn.shopify.com/s/files/1/0669/0943/8050/files/6ae8cb93.jpg?v=1786219592,,,,,,,,
Liga Argentina,River Plate,Camiseta River Plate Visitante 1995/96 Adultos,https://camarindelabuelo.cl/products/camiseta-river-plate-visitante-1995-96-adultos,31990,32990,https://cdn.shopify.com/s/files/1/0669/0943/8050/files/e5a68f75.jpg?v=1786219683,https://cdn.shopify.com/s/files/1/0669/0943/8050/files/08163822.jpg?v=1786219681,,,,,,,,
Liga Argentina,Rosario Central,Camiseta Rosario Central Local 1995/97 Adultos,https://camarindelabuelo.cl/products/camiseta-rosario-central-local-1995-97-adultos,31990,32990,https://cdn.shopify.com/s/files/1/0669/0943/8050/files/6a6d5c7a.jpg?v=1786595871,https://cdn.shopify.com/s/files/1/0669/0943/8050/files/0b51102d.jpg?v=1786595869,,,,,,,,
Liga Argentina,Rosario Central,Camiseta Rosario Central Local 1998/99 Adultos,https://camarindelabuelo.cl/products/camiseta-rosario-central-local-1998-99-adultos,31990,32990,https://cdn.shopify.com/s/files/1/0669/0943/8050/files/89afd5d2.jpg?v=1786595792,https://cdn.shopify.com/s/files/1/0669/0943/8050/files/2870a2e8.jpg?v=1786595790,,,,,,,,
Liga Argentina,San Lorenzo,Camiseta San Lorenzo Local 1995/96 Adultos,https://camarindelabuelo.cl/products/camiseta-san-lorenzo-local-1995-96-adultos,31990,32990,https://cdn.shopify.com/s/files/1/0669/0943/8050/files/5cf2c011.jpg?v=1788014525,https://cdn.shopify.com/s/files/1/0669/0943/8050/files/afe27d05.jpg?v=1788014528,,,,,,,,
Liga Argentina,San Lorenzo,Camiseta San Lorenzo Local 2013/14 Adultos,https://camarindelabuelo.cl/products/camiseta-san-lorenzo-local-2013-14-adultos,31990,32990,https://cdn.shopify.com/s/files/1/0669/0943/8050/files/214f3217.jpg?v=1788014451,https://cdn.shopify.com/s/files/1/0669/0943/8050/files/a36928e2.jpg?v=1788014449,,,,,,,,
Liga Argentina,San Lorenzo,Camiseta San Lorenzo Local 26/27 Adultos,https://camarindelabuelo.cl/products/camiseta-san-lorenzo-local-26-27-adultos,27990,32990,https://cdn.shopify.com/s/files/1/0669/0943/8050/files/c98c735f-76b1-4a26-9e9c-1f90382fadfb.png?v=1788014377,https://cdn.shopify.com/s/files/1/0669/0943/8050/files/9226ca8f.jpg?v=1788014358,https://cdn.shopify.com/s/files/1/0669/0943/8050/files/c943c47e.jpg?v=1788014356,,,,,,,
Liga Argentina,Vélez,Camiseta Vélez Sarsfield Local 26/27 Adultos,https://camarindelabuelo.cl/products/camiseta-velez-sarsfield-local-26-27-adultos,27990,32990,https://cdn.shopify.com/s/files/1/0669/0943/8050/files/52d38d7f.jpg?v=1789250403,https://cdn.shopify.com/s/files/1/0669/0943/8050/files/c1b32140.jpg?v=1789250407,,,,,,,,
Liga Argentina,Vélez,Camiseta Vélez Sarsfield Visitante 26/27 Adultos,https://camarindelabuelo.cl/products/camiseta-velez-sarsfield-visitante-26-27-adultos,27990,32990,https://cdn.shopify.com/s/files/1/0669/0943/8050/files/0a805c4f.jpg?v=1789250487,https://cdn.shopify.com/s/files/1/0669/0943/8050/files/3bd9c014.jpg?v=1789250488,,,,,,,,
Liga Brasileña,Athletico Paranaense,Camiseta Paranaense Local 26/27 Adultos,https://camarindelabuelo.cl/products/camiseta-paranaense-local-26-27-adultos,27990,32990,https://cdn.shopify.com/s/files/1/0669/0943/8050/files/8dc5d015.jpg?v=1786825348,https://cdn.shopify.com/s/files/1/0669/0943/8050/files/fa697ad9.jpg?v=1786825346,,,,,,,,
Liga Brasileña,Athletico Paranaense,Camiseta Paranaense Visitante 26/27 Adultos,https://camarindelabuelo.cl/products/camiseta-paranaense-visitante-26-27-adultos,27990,32990,https://cdn.shopify.com/s/files/1/0669/0943/8050/files/99c53fc6.jpg?v=1786825416,https://cdn.shopify.com/s/files/1/0669/0943/8050/files/bd825da0.jpg?v=1786825414,,,,,,,,
Liga Brasileña,Atlético Mineiro,Camiseta + Short Atlético Mineiro Local 26/27 Niños,https://camarindelabuelo.cl/products/camiseta-short-atletico-mineiro-local-26-27-ninos,27990,32990,https://cdn.shopify.com/s/files/1/0669/0943/8050/files/7099da50.jpg?v=1786825959,https://cdn.shopify.com/s/files/1/0669/0943/8050/files/151b1538.jpg?v=1786825961,,,,,,,,
Liga Brasileña,Atlético Mineiro,Camiseta + Short Atlético Mineiro Visitante 26/27 Niños,https://camarindelabuelo.cl/products/camiseta-short-atletico-mineiro-visitante-26-27-ninos,27990,32990,https://cdn.shopify.com/s/files/1/0669/0943/8050/files/b926d664.jpg?v=1786825998,https://cdn.shopify.com/s/files/1/0669/0943/8050/files/7a6fada2.jpg?v=1786826000,,,,,,,,
Liga Brasileña,Atlético Mineiro,Camiseta Atlético Mineiro Local 26/27 Adultos,https://camarindelabuelo.cl/products/camiseta-atletico-mineiro-local-26-27-adultos,27990,32990,https://cdn.shopify.com/s/files/1/0669/0943/8050/files/74a64806.jpg?v=1786825756,https://cdn.shopify.com/s/files/1/0669/0943/8050/files/37be5f99.jpg?v=1786825769,https://cdn.shopify.com/s/files/1/0669/0943/8050/files/f63166ed.jpg?v=1786825759,https://cdn.shopify.com/s/files/1/0669/0943/8050/files/3a5908d6.jpg?v=1786825762,https://cdn.shopify.com/s/files/1/0669/0943/8050/files/af3baa03.jpg?v=1786825765,https://cdn.shopify.com/s/files/1/0669/0943/8050/files/13f9077e.jpg?v=1786825766,,,,
Liga Brasileña,Atlético Mineiro,Camiseta Atlético Mineiro Visitante 26/27 Adultos,https://camarindelabuelo.cl/products/camiseta-atletico-mineiro-visitante-26-27-adultos,27990,32990,https://cdn.shopify.com/s/files/1/0669/0943/8050/files/8bb0c3ff.jpg?v=1786825879,https://cdn.shopify.com/s/files/1/0669/0943/8050/files/306eb5ad.jpg?v=1786825881,,,,,,,,
Liga Brasileña,Bahia,Camiseta Bahia Local 26/27 Adultos,https://camarindelabuelo.cl/products/camiseta-bahia-local-26-27-adultos,27990,32990,https://cdn.shopify.com/s/files/1/0669/0943/8050/files/93ab1942.jpg?v=1786730477,https://cdn.shopify.com/s/files/1/0669/0943/8050/files/eb4cf5d7.jpg?v=1786730475,,,,,,,,
Liga Brasileña,Bahia,Camiseta Bahia Visitante 26/27 Adultos,https://camarindelabuelo.cl/products/camiseta-bahia-visitante-26-27-adultos,27990,32990,https://cdn.shopify.com/s/files/1/0669/0943/8050/files/152610b9.jpg?v=1786730527,https://cdn.shopify.com/s/files/1/0669/0943/8050/files/bc479cfc.jpg?v=1786730525,,,,,,,,
Liga Brasileña,Botafogo,Camiseta Botafogo Local 26/27 Adultos,https://camarindelabuelo.cl/products/camiseta-botafogo-local-26-27-adultos,27990,32990,https://cdn.shopify.com/s/files/1/0669/0943/8050/files/0ba5f3d7.jpg?v=1785611306,https://cdn.shopify.com/s/files/1/0669/0943/8050/files/0755eced.jpg?v=1785611247,,,,,,,,
Liga Brasileña,Chapecoense,Camiseta Chapecoense Local 26/27 Adultos,https://camarindelabuelo.cl/products/camiseta-chapecoense-local-26-27-adultos,27990,32990,https://cdn.shopify.com/s/files/1/0669/0943/8050/files/2cca050e.jpg?v=1786730241,https://cdn.shopify.com/s/files/1/0669/0943/8050/files/33e1c461.jpg?v=1786730239,,,,,,,,
Liga Brasileña,Corinthians,Camiseta + Short Corinthians Local 26/27 Niños,https://camarindelabuelo.cl/products/camiseta-short-corinthians-local-26-27-ninos,27990,32990,https://cdn.shopify.com/s/files/1/0669/0943/8050/files/69cc333f.jpg?v=1786388943,https://cdn.shopify.com/s/files/1/0669/0943/8050/files/43d0b114.jpg?v=1786388941,,,,,,,,
Liga Brasileña,Corinthians,Camiseta + Short Corinthians Visitante 26/27 Niños,https://camarindelabuelo.cl/products/camiseta-short-flamengo-local-26-27-ninos-copia,27990,32990,https://cdn.shopify.com/s/files/1/0669/0943/8050/files/116aaf6d.jpg?v=1786388872,https://cdn.shopify.com/s/files/1/0669/0943/8050/files/8bd2aa57.jpg?v=1786388869,,,,,,,,
Liga Brasileña,Corinthians,Camiseta Corinthians Local 26/27 Adultos,https://camarindelabuelo.cl/products/camiseta-corinthians-local-26-27-adultos,27990,32990,https://cdn.shopify.com/s/files/1/0669/0943/8050/files/be84ec98.jpg?v=1786385532,https://cdn.shopify.com/s/files/1/0669/0943/8050/files/50fa6258.jpg?v=1786385528,,,,,,,,
Liga Brasileña,Corinthians,Camiseta Corinthians Tercera 25/26 Adultos,https://camarindelabuelo.cl/products/camiseta-corinthians-tercera-25-26-adultos,27990,32990,https://cdn.shopify.com/s/files/1/0669/0943/8050/files/6e7e0f18.jpg?v=1782931515,https://cdn.shopify.com/s/files/1/0669/0943/8050/files/64e908f5.jpg?v=1782931512,,,,,,,,
Liga Brasileña,Corinthians,Camiseta Corinthians Visita 25/26 Adultos,https://camarindelabuelo.cl/products/camiseta-corinthians-visita-25-26-adultos,27990,32990,https://cdn.shopify.com/s/files/1/0669/0943/8050/files/d6f734e9.jpg?v=1783521895,https://cdn.shopify.com/s/files/1/0669/0943/8050/files/c43c42cb.jpg?v=1783521892,,,,,,,,
Liga Brasileña,Corinthians,Camiseta Corinthians Visitante 26/27 Adultos,https://camarindelabuelo.cl/products/camiseta-corinthians-visitante-26-27-adultos,27990,32990,https://cdn.shopify.com/s/files/1/0669/0943/8050/files/373e1384_1.jpg?v=1786385774,https://cdn.shopify.com/s/files/1/0669/0943/8050/files/0db0ca33_1.jpg?v=1786385772,,,,,,,,
Liga Brasileña,Coritiba,Camiseta Coritiba Local 26/27 Adultos,https://camarindelabuelo.cl/products/camiseta-coritiba-local-26-27-adultos,27990,32990,https://cdn.shopify.com/s/files/1/0669/0943/8050/files/b00475ca.jpg?v=1786730153,https://cdn.shopify.com/s/files/1/0669/0943/8050/files/50ebbc1e.jpg?v=1786730151,,,,,,,,
Liga Brasileña,Cruzeiro,Camiseta + Short Cruzeiro Local 26/27 Niños,https://camarindelabuelo.cl/products/camiseta-short-cruzeiro-local-26-27-ninos,27990,32990,https://cdn.shopify.com/s/files/1/0669/0943/8050/files/1a6deb84.jpg?v=1786731342,https://cdn.shopify.com/s/files/1/0669/0943/8050/files/9230bd4e.jpg?v=1786731340,,,,,,,,
Liga Brasileña,Cruzeiro,Camiseta Cruzeiro Local 26/27 Adultos,https://camarindelabuelo.cl/products/camiseta-cruzeiro-local-26-27-adultos,27990,32990,https://cdn.shopify.com/s/files/1/0669/0943/8050/files/cec38cff.jpg?v=1786731053,https://cdn.shopify.com/s/files/1/0669/0943/8050/files/68513839.jpg?v=1786731065,,,,,,,,
Liga Brasileña,Cruzeiro,Camiseta Cruzeiro Local Manga Larga 26/27 Adultos,https://camarindelabuelo.cl/products/camiseta-cruzeiro-local-manga-larga-26-27-adultos,29990,32990,https://cdn.shopify.com/s/files/1/0669/0943/8050/files/aa53e671.jpg?v=1786731258,https://cdn.shopify.com/s/files/1/0669/0943/8050/files/ed8d04b1.jpg?v=1786731255,,,,,,,,
Liga Brasileña,Flamengo,Camiseta + Short Flamengo Local 26/27 Niños,https://camarindelabuelo.cl/products/camiseta-short-flamengo-local-26-27-ninos,27990,32990,https://cdn.shopify.com/s/files/1/0669/0943/8050/files/f7f0459a.jpg?v=1786323031,https://cdn.shopify.com/s/files/1/0669/0943/8050/files/9722d256.jpg?v=1786323027,,,,,,,,
Liga Brasileña,Flamengo,Camiseta + Short Flamengo Visitante 26/27 Niños,https://camarindelabuelo.cl/products/camiseta-short-flamengo-visitante-26-27-ninos,27990,32990,https://cdn.shopify.com/s/files/1/0669/0943/8050/files/dcfac064.jpg?v=1786322957,https://cdn.shopify.com/s/files/1/0669/0943/8050/files/43c9f9fd.jpg?v=1786322959,,,,,,,,
Liga Brasileña,Flamengo,Camiseta Flamengo Entrenamiento 26/27 Adultos,https://camarindelabuelo.cl/products/camiseta-flamengo-entrenamiento-26-27-adultos,26990,32990,https://cdn.shopify.com/s/files/1/0669/0943/8050/files/6604b8f3.jpg?v=1785462038,https://cdn.shopify.com/s/files/1/0669/0943/8050/files/aaf33383.jpg?v=1785462035,,,,,,,,
Liga Brasileña,Flamengo,Camiseta Flamengo Entrenamiento Sponsors 26/27 Adultos,https://camarindelabuelo.cl/products/camiseta-flamengo-entrenamiento-sponsors-26-27-adultos,26990,32990,https://cdn.shopify.com/s/files/1/0669/0943/8050/files/07c8afe8.jpg?v=1785534890,https://cdn.shopify.com/s/files/1/0669/0943/8050/files/fd324074.jpg?v=1785534888,,,,,,,,
Liga Brasileña,Flamengo,Camiseta Flamengo Local 1995 Adultos,https://camarindelabuelo.cl/products/camiseta-flamengo-local-1995-adultos,31990,32990,https://cdn.shopify.com/s/files/1/0669/0943/8050/files/146f69c6.jpg?v=1786827065,https://cdn.shopify.com/s/files/1/0669/0943/8050/files/c5a60644.jpg?v=1786827063,,,,,,,,
Liga Brasileña,Flamengo,Camiseta Flamengo Local 26/27 Adultos,https://camarindelabuelo.cl/products/camiseta-flamengo-local-adultos,27990,32990,https://cdn.shopify.com/s/files/1/0669/0943/8050/files/d0f67056.jpg?v=1780774326,https://cdn.shopify.com/s/files/1/0669/0943/8050/files/25866caa.jpg?v=1780774324,,,,,,,,
Liga Brasileña,Flamengo,Camiseta Flamengo Local Manga Larga 26/27 Adultos,https://camarindelabuelo.cl/products/camiseta-flamengo-visitante-26-27-adultos,29990,32990,https://cdn.shopify.com/s/files/1/0669/0943/8050/files/e966131b.jpg?v=1782678617,https://cdn.shopify.com/s/files/1/0669/0943/8050/files/72f1f219.jpg?v=1782678615,,,,,,,,
Liga Brasileña,Flamengo,Camiseta Flamengo Visitante 1994/95 Adultos,https://camarindelabuelo.cl/products/camiseta-flamengo-visitante-1994-95-adultos,31990,32990,https://cdn.shopify.com/s/files/1/0669/0943/8050/files/85105b37.jpg?v=1786827367,https://cdn.shopify.com/s/files/1/0669/0943/8050/files/768eecfd.jpg?v=1786827370,,,,,,,,
Liga Brasileña,Flamengo,Camiseta Flamengo Visitante 1995 Adultos,https://camarindelabuelo.cl/products/camiseta-flamengo-visitante-1995-adultos-1,31990,32990,https://cdn.shopify.com/s/files/1/0669/0943/8050/files/5b2e8cdc.jpg?v=1786827211,https://cdn.shopify.com/s/files/1/0669/0943/8050/files/686f6383.jpg?v=1786827213,,,,,,,,
Liga Brasileña,Flamengo,Camiseta Flamengo Visitante 1998/99 Adultos,https://camarindelabuelo.cl/products/camiseta-flamengo-visitante-1995-adultos,31990,32990,https://cdn.shopify.com/s/files/1/0669/0943/8050/files/a059702b.jpg?v=1786827120,https://cdn.shopify.com/s/files/1/0669/0943/8050/files/a9e008d9.jpg?v=1786827122,,,,,,,,
Liga Brasileña,Flamengo,Camiseta Flamengo Visitante 2001 Adultos,https://camarindelabuelo.cl/products/camiseta-flamengo-visitante-2001-adultos,31990,32990,https://cdn.shopify.com/s/files/1/0669/0943/8050/files/ba6c72c8.jpg?v=1786827244,https://cdn.shopify.com/s/files/1/0669/0943/8050/files/8ae8c6a4.jpg?v=1786827246,,,,,,,,
Liga Brasileña,Flamengo,Camiseta Flamengo Visitante 2002/03 Adultos,https://camarindelabuelo.cl/products/camiseta-flamengo-visitante-2002-03-adultos,31990,32990,https://cdn.shopify.com/s/files/1/0669/0943/8050/files/2d96daaa.jpg?v=1786827319,https://cdn.shopify.com/s/files/1/0669/0943/8050/files/719384e2.jpg?v=1786827322,,,,,,,,
Liga Brasileña,Flamengo,Camiseta Flamengo Visitante 26/27 Adultos,https://camarindelabuelo.cl/products/camiseta-flamengo-visitante-26-27-adultos-1,27990,32990,https://cdn.shopify.com/s/files/1/0669/0943/8050/files/9AF5544B-2487-4942-9D03-E227E2EFA326.jpg?v=1785521160,https://cdn.shopify.com/s/files/1/0669/0943/8050/files/FEA5DED1-FF6A-434F-B065-4DB2F636C4E7.jpg?v=1785521160,,,,,,,,
Liga Brasileña,Flamengo,Camiseta Flamengo Visitante Manga Larga 26/27 Adultos,https://camarindelabuelo.cl/products/camiseta-flamengo-visitante-manga-larga-26-27-adultos,27990,32990,https://cdn.shopify.com/s/files/1/0669/0943/8050/files/75f22c4b.jpg?v=1786322719,https://cdn.shopify.com/s/files/1/0669/0943/8050/files/d0f1e76d.jpg?v=1786322717,,,,,,,,
Liga Brasileña,Fluminense,Camiseta + Short Fluminense Local 26/27 Niños,https://camarindelabuelo.cl/products/camiseta-short-fluminense-local-26-27-ninos,27990,32990,https://cdn.shopify.com/s/files/1/0669/0943/8050/files/fa8d65c3.jpg?v=1786825615,https://cdn.shopify.com/s/files/1/0669/0943/8050/files/e4b7d793.jpg?v=1786825617,,,,,,,,
Liga Brasileña,Fluminense,Camiseta Fluminense Local 26/27 Adultos,https://camarindelabuelo.cl/products/camiseta-fluminense-local-26-27-adultos,27990,32990,https://cdn.shopify.com/s/files/1/0669/0943/8050/files/73c26369.jpg?v=1786825496,https://cdn.shopify.com/s/files/1/0669/0943/8050/files/c64a4256.jpg?v=1786825498,,,,,,,,
Liga Brasileña,Fluminense,Camiseta Fluminense Visitante 26/27 Adultos,https://camarindelabuelo.cl/products/camiseta-fluminense-visitante-26-27-adultos,27990,32990,https://cdn.shopify.com/s/files/1/0669/0943/8050/files/87379747.jpg?v=1786825552,https://cdn.shopify.com/s/files/1/0669/0943/8050/files/2b1e753b.jpg?v=1786825554,,,,,,,,
Liga Brasileña,Gremio,Camiseta Gremio Local 26/27 Adultos,https://camarindelabuelo.cl/products/camiseta-gremio-local-26-27-adultos,27990,32990,https://cdn.shopify.com/s/files/1/0669/0943/8050/files/c48298cf.jpg?v=1786826425,https://cdn.shopify.com/s/files/1/0669/0943/8050/files/d55cb544.jpg?v=1786826427,,,,,,,,
Liga Brasileña,Gremio,Camiseta Gremio Visitante 26/27 Adultos,https://camarindelabuelo.cl/products/camiseta-gremio-visitante-26-27-adultos,27990,32990,https://cdn.shopify.com/s/files/1/0669/0943/8050/files/4e281b0a.jpg?v=1786826497,https://cdn.shopify.com/s/files/1/0669/0943/8050/files/c275eee9.jpg?v=1786826495,,,,,,,,
Liga Brasileña,Internacional,Camiseta + Short Internacional Local 26/27 Niños,https://camarindelabuelo.cl/products/camiseta-short-internacional-local-26-27-ninos,27990,32990,https://cdn.shopify.com/s/files/1/0669/0943/8050/files/b0a96d3b.jpg?v=1786825274,https://cdn.shopify.com/s/files/1/0669/0943/8050/files/af38613d.jpg?v=1786825272,,,,,,,,
Liga Brasileña,Internacional,Camiseta Internacional Local 26/27 Adultos,https://camarindelabuelo.cl/products/camiseta-internacional-local-26-27-adultos,27990,32990,https://cdn.shopify.com/s/files/1/0669/0943/8050/files/dff750b1.jpg?v=1786731485,https://cdn.shopify.com/s/files/1/0669/0943/8050/files/d9aca891.jpg?v=1786731483,,,,,,,,
Liga Brasileña,Otros,Camiseta Visitante Local 26/27 Adultos,https://camarindelabuelo.cl/products/camiseta-visitante-local-26-27-adultos,27990,32990,https://cdn.shopify.com/s/files/1/0669/0943/8050/files/71967a1e.jpg?v=1786730368,https://cdn.shopify.com/s/files/1/0669/0943/8050/files/d57f2329.jpg?v=1786730366,,,,,,,,
Liga Brasileña,Palmeiras,Camiseta + Short Palmeiras Local 26/27 Niños,https://camarindelabuelo.cl/products/camiseta-short-palmeiras-local-26-27-ninos,27990,32990,https://cdn.shopify.com/s/files/1/0669/0943/8050/files/f535296e.jpg?v=1786325252,https://cdn.shopify.com/s/files/1/0669/0943/8050/files/c2f25fd3.jpg?v=1786325250,,,,,,,,
Liga Brasileña,Palmeiras,Camiseta + Short Palmeiras Visitante 26/27 Niños,https://camarindelabuelo.cl/products/camiseta-short-palmeiras-visitante-26-27-ninos,27990,32990,https://cdn.shopify.com/s/files/1/0669/0943/8050/files/fbf9e842.jpg?v=1786325376,https://cdn.shopify.com/s/files/1/0669/0943/8050/files/ed81dd3a.jpg?v=1786325373,,,,,,,,
Liga Brasileña,Palmeiras,Camiseta Palmeiras Local 2010/11 Adultos,https://camarindelabuelo.cl/products/camiseta-palmeiras-local-2010-11-adultos,31990,32990,https://cdn.shopify.com/s/files/1/0669/0943/8050/files/d5b3bfa4.jpg?v=1786325727,https://cdn.shopify.com/s/files/1/0669/0943/8050/files/b02f0027.jpg?v=1786325726,,,,,,,,
Liga Brasileña,Palmeiras,Camiseta Palmeiras Local 26/27 Adultos,https://camarindelabuelo.cl/products/camiseta-palmeiras-local-26-27-adultos,27990,32990,https://cdn.shopify.com/s/files/1/0669/0943/8050/files/29171db2.jpg?v=1784216679,https://cdn.shopify.com/s/files/1/0669/0943/8050/files/163fb895.jpg?v=1784216676,,,,,,,,
Liga Brasileña,Palmeiras,Camiseta Palmeiras Visitante 26/27 Adultos,https://camarindelabuelo.cl/products/camiseta-palmeiras-local-26-27-adultos-1,27990,32990,https://cdn.shopify.com/s/files/1/0669/0943/8050/files/14a377ab.jpg?v=1786325112,https://cdn.shopify.com/s/files/1/0669/0943/8050/files/50fa0f28.jpg?v=1786325110,,,,,,,,
Liga Brasileña,Remo,Camiseta Remo Local 26/27 Adultos,https://camarindelabuelo.cl/products/camiseta-remo-local-26-27-adultos,27990,32990,https://cdn.shopify.com/s/files/1/0669/0943/8050/files/017ce3bb.jpg?v=1786730329,https://cdn.shopify.com/s/files/1/0669/0943/8050/files/76b465c4.jpg?v=1786730327,,,,,,,,
Liga Brasileña,Remo,Camiseta Remo Visitante 26/27 Adultos,https://camarindelabuelo.cl/products/camiseta-remo-visitante-26-27-adultos-copia,27990,32990,https://cdn.shopify.com/s/files/1/0669/0943/8050/files/71967a1e_e8e31128-ecdf-4968-8c59-058f3ae38f18.jpg?v=1786730443,https://cdn.shopify.com/s/files/1/0669/0943/8050/files/d57f2329_64d7b628-1888-42b0-8bda-a323a245197b.jpg?v=1786730440,,,,,,,,
Liga Brasileña,Santos,Camiseta + Short Santos Local 2012/13 Niños,https://camarindelabuelo.cl/products/camiseta-short-santos-local-26-27-ninos,31990,32990,https://cdn.shopify.com/s/files/1/0669/0943/8050/files/319e52fa.jpg?v=1786389092,https://cdn.shopify.com/s/files/1/0669/0943/8050/files/57ae57fc.jpg?v=1786389091,,,,,,,,
Liga Brasileña,Santos,Camiseta + Short Santos Local Manga Larga 2012/13 Niños,https://camarindelabuelo.cl/products/camiseta-short-santos-local-manga-larga-2012-13-ninos,34990,,https://cdn.shopify.com/s/files/1/0669/0943/8050/files/890edb5e.jpg?v=1786826657,https://cdn.shopify.com/s/files/1/0669/0943/8050/files/ee9f5222.jpg?v=1786826660,,,,,,,,
Liga Brasileña,Santos,Camiseta + Short Santos Visitante 2012/13 Niños,https://camarindelabuelo.cl/products/camiseta-short-santos-visitante-2012-13-ninos,31990,32990,https://cdn.shopify.com/s/files/1/0669/0943/8050/files/db17180c.jpg?v=1786826601,https://cdn.shopify.com/s/files/1/0669/0943/8050/files/903b19a8.jpg?v=1786826603,,,,,,,,
Liga Brasileña,Santos,Camiseta + Short Santos Visitante Manga Larga 2012/13 Niños,https://camarindelabuelo.cl/products/camiseta-short-santos-visitante-manga-larga-2012-13-ninos,34990,,https://cdn.shopify.com/s/files/1/0669/0943/8050/files/ea0f22e4.jpg?v=1786826710,https://cdn.shopify.com/s/files/1/0669/0943/8050/files/73a2f355.jpg?v=1786826711,,,,,,,,
Liga Brasileña,Santos,Camiseta Santos Local 26/27 Adultos,https://camarindelabuelo.cl/products/camiseta-santos-local-26-27-adultos,27990,32990,https://cdn.shopify.com/s/files/1/0669/0943/8050/files/4ad6fbb1.jpg?v=1785611557,https://cdn.shopify.com/s/files/1/0669/0943/8050/files/2d65c49a.jpg?v=1785611555,,,,,,,,
Liga Brasileña,Santos,Camiseta Santos Visitante 2012/13 Adultos,https://camarindelabuelo.cl/products/camiseta-santos-visitante-2012-13-adultos,32990,34990,https://cdn.shopify.com/s/files/1/0669/0943/8050/files/03f61e72.jpg?v=1786826876,https://cdn.shopify.com/s/files/1/0669/0943/8050/files/57c3c258.jpg?v=1786826878,,,,,,,,
Liga Brasileña,Santos,Camiseta Santos Visitante 26/27 Adultos,https://camarindelabuelo.cl/products/camiseta-santos-visitante-26-27-adultos,27990,32990,https://cdn.shopify.com/s/files/1/0669/0943/8050/files/9bc14505.jpg?v=1785611614,https://cdn.shopify.com/s/files/1/0669/0943/8050/files/ddfaf016.jpg?v=1785611612,,,,,,,,
Liga Brasileña,Sao Paulo,Camiseta + Short Sao Paulo Local 26/27 Niños,https://camarindelabuelo.cl/products/camiseta-short-sao-paulo-local-26-27-ninos,27990,32990,https://cdn.shopify.com/s/files/1/0669/0943/8050/files/28df68a1.jpg?v=1786385149,https://cdn.shopify.com/s/files/1/0669/0943/8050/files/08d8ff50.jpg?v=1786385147,,,,,,,,
Liga Brasileña,Sao Paulo,Camiseta + Short Sao Paulo Visitante 26/27 Niños,https://camarindelabuelo.cl/products/camiseta-short-sao-paulo-visitante-26-27-ninos,27990,32990,https://cdn.shopify.com/s/files/1/0669/0943/8050/files/24288444.jpg?v=1786385248,https://cdn.shopify.com/s/files/1/0669/0943/8050/files/8f78c944.jpg?v=1786385246,,,,,,,,
Liga Brasileña,Sao Paulo,Camiseta Sao Paulo Local 26/27 Adultos,https://camarindelabuelo.cl/products/camiseta-sao-paulo-local-26-27-adultos,27990,32990,https://cdn.shopify.com/s/files/1/0669/0943/8050/files/97a9ffbb.jpg?v=1785611877,https://cdn.shopify.com/s/files/1/0669/0943/8050/files/105d5b4e.jpg?v=1785611875,,,,,,,,
Liga Brasileña,Sao Paulo,Camiseta Sao Paulo Visitante 26/27 Adultos,https://camarindelabuelo.cl/products/camiseta-sao-paolo-local-26-27-adultos,27990,32990,https://cdn.shopify.com/s/files/1/0669/0943/8050/files/0fa22106.jpg?v=1785611772,https://cdn.shopify.com/s/files/1/0669/0943/8050/files/f262c6c3.jpg?v=1785611770,,,,,,,,
Liga Brasileña,Vasco da Gama,Camiseta + Short Vasco da Gama Local 26/27 Niños,https://camarindelabuelo.cl/products/camiseta-short-vasco-da-gama-local-26-27-ninos,27990,32990,https://cdn.shopify.com/s/files/1/0669/0943/8050/files/16be176f.jpg?v=1786730846,https://cdn.shopify.com/s/files/1/0669/0943/8050/files/0a7060d0.jpg?v=1786730843,,,,,,,,
Liga Brasileña,Vasco da Gama,Camiseta + Short Vasco da Gama Visitante 26/27 Niños,https://camarindelabuelo.cl/products/camiseta-short-vasco-da-gama-visitante-26-27-ninos,27990,32990,https://cdn.shopify.com/s/files/1/0669/0943/8050/files/a42e41e3.jpg?v=1786730924,https://cdn.shopify.com/s/files/1/0669/0943/8050/files/13733781.jpg?v=1786730921,,,,,,,,
Liga Brasileña,Vasco da Gama,Camiseta Vasco da Gama Local 26/27 Adultos,https://camarindelabuelo.cl/products/camiseta-vasco-da-gama-local-26-27-adultos,27990,32990,https://cdn.shopify.com/s/files/1/0669/0943/8050/files/26b9b4cc.jpg?v=1786730619,https://cdn.shopify.com/s/files/1/0669/0943/8050/files/7ff2147c.jpg?v=1786730617,,,,,,,,
Liga Brasileña,Vasco da Gama,Camiseta Vasco da Gama Visitante 26/27 Adultos,https://camarindelabuelo.cl/products/camiseta-vasco-da-gama-visitante-26-27-adultos,27990,32990,https://cdn.shopify.com/s/files/1/0669/0943/8050/files/e604d841.jpg?v=1786730663,https://cdn.shopify.com/s/files/1/0669/0943/8050/files/3df94f26.jpg?v=1786730661,,,,,,,,
Liga Portuguesa,Benfica,Camiseta + Short Benfica Local 26/27 Niños,https://camarindelabuelo.cl/products/camiseta-short-benfica-26-27-ninos,27990,32990,https://cdn.shopify.com/s/files/1/0669/0943/8050/files/cd031930.jpg?v=1787367068,https://cdn.shopify.com/s/files/1/0669/0943/8050/files/6db1b5c9.jpg?v=1787367066,,,,,,,,
Liga Portuguesa,Benfica,Camiseta Benfica Edición Especial Eagle 26/27 Adultos,https://camarindelabuelo.cl/products/camiseta-benfica-edicion-especial-eagle-26-27-adultos,27990,32990,https://cdn.shopify.com/s/files/1/0669/0943/8050/files/3af8d532.jpg?v=1787366906,https://cdn.shopify.com/s/files/1/0669/0943/8050/files/a51a34c1.jpg?v=1787366905,,,,,,,,
Liga Portuguesa,Benfica,Camiseta Benfica Entrenamiento 26/27 Adultos,https://camarindelabuelo.cl/products/camiseta-benfica-entrenamiento-26-27-adultos,27990,32990,https://cdn.shopify.com/s/files/1/0669/0943/8050/files/a5739802.jpg?v=1787366658,https://cdn.shopify.com/s/files/1/0669/0943/8050/files/46676cb4.jpg?v=1787366660,,,,,,,,
Liga Portuguesa,Benfica,Camiseta Benfica Local 26/27 Adultos,https://camarindelabuelo.cl/products/camiseta-benfica-local-26-27-adultos,27990,32990,https://cdn.shopify.com/s/files/1/0669/0943/8050/files/f93ad1e2.jpg?v=1787365382,https://cdn.shopify.com/s/files/1/0669/0943/8050/files/ca959c08.jpg?v=1787365383,,,,,,,,
Liga Portuguesa,Benfica,Camiseta Benfica Local Manga Larga 26/27 Adultos,https://camarindelabuelo.cl/products/camiseta-benfica-local-manga-larga-26-27-adultos,29990,32990,https://cdn.shopify.com/s/files/1/0669/0943/8050/files/b14b8d32.jpg?v=1787366459,https://cdn.shopify.com/s/files/1/0669/0943/8050/files/7dc19815.jpg?v=1787366461,,,,,,,,
Liga Portuguesa,Benfica,Camiseta Benfica Portero 26/27 Adultos,https://camarindelabuelo.cl/products/camiseta-benfica-portero-26-27-adultos,27990,32990,https://cdn.shopify.com/s/files/1/0669/0943/8050/files/92c1ef70_1.jpg?v=1787366838,https://cdn.shopify.com/s/files/1/0669/0943/8050/files/4d3cd630.jpg?v=1787366837,,,,,,,,
Liga Portuguesa,Benfica,Camiseta Benfica Visitante 26/27 Adultos,https://camarindelabuelo.cl/products/camiseta-benfica-visitante-26-27-adultos,27990,32990,https://cdn.shopify.com/s/files/1/0669/0943/8050/files/396817d3.jpg?v=1787366550,https://cdn.shopify.com/s/files/1/0669/0943/8050/files/db7a9728.jpg?v=1787366552,,,,,,,,
Liga Portuguesa,Porto,Camiseta Porto Local 26/27 Adultos,https://camarindelabuelo.cl/products/camiseta-porto-local-26-27-adultos,27990,32990,https://cdn.shopify.com/s/files/1/0669/0943/8050/files/81809f2f.jpg?v=1787367203,https://cdn.shopify.com/s/files/1/0669/0943/8050/files/1f17282b.jpg?v=1787367205,,,,,,,,
Liga Portuguesa,Porto,Camiseta Porto Tercera 26/27 Adultos,https://camarindelabuelo.cl/products/camiseta-porto-tercera-26-27-adultos,27990,32990,https://cdn.shopify.com/s/files/1/0669/0943/8050/files/fc5c4795.jpg?v=1787367323,https://cdn.shopify.com/s/files/1/0669/0943/8050/files/ead316df.jpg?v=1787367325,,,,,,,,
Liga Portuguesa,Porto,Camiseta Porto Visitante 26/27 Adultos,https://camarindelabuelo.cl/products/camiseta-porto-visitante-26-27-adultos,27990,32990,https://cdn.shopify.com/s/files/1/0669/0943/8050/files/c5cca011.jpg?v=1787367281,https://cdn.shopify.com/s/files/1/0669/0943/8050/files/f53300ac.jpg?v=1787367283,,,,,,,,
Liga Portuguesa,Sporting Lisboa,Camiseta + Short Sporting de Lisboa Local Manga Larga 2001/03 Niños,https://camarindelabuelo.cl/products/camiseta-short-sporting-de-lisboa-local-manga-larga-2001-03-ninos,35990,,https://cdn.shopify.com/s/files/1/0669/0943/8050/files/bf06e3fb.jpg?v=1787441543,https://cdn.shopify.com/s/files/1/0669/0943/8050/files/8ac27fa2.jpg?v=1787441544,,,,,,,,
Liga Portuguesa,Sporting Lisboa,Camiseta Lisboa Local 01/03 Adultos,https://camarindelabuelo.cl/products/camiseta-lisboa-local-01-03-adultos,32990,,https://cdn.shopify.com/s/files/1/0669/0943/8050/files/69453a5e.jpg?v=1783290135,https://cdn.shopify.com/s/files/1/0669/0943/8050/files/d624b100.jpg?v=1783290132,,,,,,,,
Liga Mexicana,Chivas,Camiseta Chivas Local 26/27 Adultos,https://camarindelabuelo.cl/products/camiseta-chivas-visitante-26-27-adultos-copia,27990,32990,https://cdn.shopify.com/s/files/1/0669/0943/8050/files/a4bb5b86.jpg?v=1786322278,https://cdn.shopify.com/s/files/1/0669/0943/8050/files/7f6f828c.jpg?v=1786322278,,,,,,,,
Liga Mexicana,Club América,Camiseta América Local 26/27 Adultos,https://camarindelabuelo.cl/products/camiseta-america-26-27-adultos,27990,32990,https://cdn.shopify.com/s/files/1/0669/0943/8050/files/57d8c9f0.jpg?v=1786322045,https://cdn.shopify.com/s/files/1/0669/0943/8050/files/6e2be63a.jpg?v=1786322043,,,,,,,,
Liga Mexicana,Club América,Camiseta América Visitante 26/27 Adultos,https://camarindelabuelo.cl/products/camiseta-america-visitante-26-27-adultos,27990,32990,https://cdn.shopify.com/s/files/1/0669/0943/8050/files/8893df13.jpg?v=1786322164,https://cdn.shopify.com/s/files/1/0669/0943/8050/files/c64428b6.jpg?v=1786322162,,,,,,,,
MLS,Inter Miami,Camiseta Inter Miami Tercera 26/27 Adultos,https://camarindelabuelo.cl/products/camiseta-inter-miami-tercera-26-27-adultos,27990,32990,https://cdn.shopify.com/s/files/1/0669/0943/8050/files/29e132677f98eba6ba3aa10e48848e1954f3cd0563b77319806ac0675090f524.jpg?v=1788358569,https://cdn.shopify.com/s/files/1/0669/0943/8050/files/8d03e1f16691f8167c97d9bae3751b10e41eca395c955c6e10d0ba60870c5d68-1024x1024.jpg?v=1788358565,,,,,,,,
MLS,Inter Miami,Camiseta Inter Miami Visitante 26/27 Adultos,https://camarindelabuelo.cl/products/camiseta-inter-miami-visitante-adultos,27990,32990,https://cdn.shopify.com/s/files/1/0669/0943/8050/files/e5549d71.jpg?v=1786294156,https://cdn.shopify.com/s/files/1/0669/0943/8050/files/ddd5f8b8.jpg?v=1786294155,,,,,,,,
Otras Ligas,AFC Richmond,Camiseta AFC Richmond Local 23/24 Adultos,https://camarindelabuelo.cl/products/camiseta-afc-richmond-local-25-26-adultos,27990,32990,https://cdn.shopify.com/s/files/1/0669/0943/8050/files/5764fb55-30b5-426c-8a6e-9cb8ed9d2798_1.png?v=1787671345,,,,,,,,,
Otras Ligas,AFC Richmond,Camiseta AFC Richmond Local 25/26 Adultos,https://camarindelabuelo.cl/products/camiseta-afc-richmond-local-25-26-adultos-1,27990,32990,https://cdn.shopify.com/s/files/1/0669/0943/8050/files/81076656-8cb8-40cb-9669-e19ba79d35e3_a545fb77-126f-49af-a5b2-1364bc6787eb.png?v=1787671441,,,,,,,,,
Otras Ligas,AFC Richmond,Camiseta AFC Richmond Local 26/27 Adultos,https://camarindelabuelo.cl/products/camiseta-afc-richmond-local-26-27-adultos,27990,32990,https://cdn.shopify.com/s/files/1/0669/0943/8050/files/bb253336-fcf2-4ac7-906c-56683f9bffd6.png?v=1787661152,https://cdn.shopify.com/s/files/1/0669/0943/8050/files/668e93de.jpg?v=1787661160,https://cdn.shopify.com/s/files/1/0669/0943/8050/files/620cb66d.jpg?v=1787661172,https://cdn.shopify.com/s/files/1/0669/0943/8050/files/1fc04c98.jpg?v=1787661187,,,,,,
Otras Ligas,Ajax,Camiseta Ajax Terrace Icons Adultos,https://camarindelabuelo.cl/products/camiseta-ajax-terrace-icons-adultos,28990,36990,https://cdn.shopify.com/s/files/1/0669/0943/8050/files/976c8b4a.jpg?v=1786662772,https://cdn.shopify.com/s/files/1/0669/0943/8050/files/846e6845.jpg?v=1786662770,,,,,,,,
Otras Ligas,Al Nassr,Camiseta Al Nassr Local 26/27 Adultos,https://camarindelabuelo.cl/products/camiseta-al-nassr-local-adultos,27990,32990,https://cdn.shopify.com/s/files/1/0669/0943/8050/files/5d32d960.jpg?v=1786291684,https://cdn.shopify.com/s/files/1/0669/0943/8050/files/05446671.jpg?v=1786291682,,,,,,,,
Otras Ligas,Al Nassr,Camiseta Al-Nassr 2026/27 Adultos [PLAYER VERSION],https://camarindelabuelo.cl/products/camiseta-al-nassr-2026-27-adultos-player-version,32990,34990,https://cdn.shopify.com/s/files/1/0669/0943/8050/files/848f01fa.jpg?v=1789250254,https://cdn.shopify.com/s/files/1/0669/0943/8050/files/9da7ef68.jpg?v=1789250257,,,,,,,,
Otras Ligas,Atlético Nacional,Camiseta Atlético Nacional 2026/27 Adultos,https://camarindelabuelo.cl/products/camiseta-atletico-nacional-2026-27-adultos-copia,27990,32990,https://cdn.shopify.com/s/files/1/0669/0943/8050/files/c30508fa.jpg?v=1786292112,https://cdn.shopify.com/s/files/1/0669/0943/8050/files/b1875b03.jpg?v=1786292109,,,,,,,,
Otras Ligas,Celtic,Camiseta + Short Celtic Local 26/27 Niños,https://camarindelabuelo.cl/products/camiseta-short-celtic-local-26-27-ninos,27990,32990,https://cdn.shopify.com/s/files/1/0669/0943/8050/files/816a791a.jpg?v=1786663334,https://cdn.shopify.com/s/files/1/0669/0943/8050/files/1afa75c8.jpg?v=1786663333,,,,,,,,
Otras Ligas,Celtic,Camiseta Celtic Local 1989/91 Adultos,https://camarindelabuelo.cl/products/camiseta-celtic-local-1989-91-adultos,31990,32990,https://cdn.shopify.com/s/files/1/0669/0943/8050/files/d418af82_efcd4671-42c8-4e18-b990-ef632905177b.jpg?v=1786663722,https://cdn.shopify.com/s/files/1/0669/0943/8050/files/2ffb6fe0.jpg?v=1786663617,,,,,,,,
Otras Ligas,Celtic,Camiseta Celtic Local 1998/99 Adultos,https://camarindelabuelo.cl/products/camiseta-celtic-local-1998-99-adultos,31990,32990,https://cdn.shopify.com/s/files/1/0669/0943/8050/files/5275007c.jpg?v=1786663449,https://cdn.shopify.com/s/files/1/0669/0943/8050/files/81cd2a25.jpg?v=1786663446,,,,,,,,
Otras Ligas,Celtic,Camiseta Celtic Local 2006/07 Adultos,https://camarindelabuelo.cl/products/camiseta-celtic-local-2006-07-adultos,31990,32990,https://cdn.shopify.com/s/files/1/0669/0943/8050/files/b6d79fd3.jpg?v=1786663564,https://cdn.shopify.com/s/files/1/0669/0943/8050/files/65d4e010.jpg?v=1786663561,,,,,,,,
Otras Ligas,Celtic,Camiseta Celtic Local 26/27 Adultos,https://camarindelabuelo.cl/products/camiseta-celtic-local-26-27-adultos,27990,32990,https://cdn.shopify.com/s/files/1/0669/0943/8050/files/229729d1.jpg?v=1786663207,https://cdn.shopify.com/s/files/1/0669/0943/8050/files/0526b2ed.jpg?v=1786663209,,,,,,,,
Otras Ligas,Celtic,Camiseta Celtic Local 26/27 Adultos [PLAYER VERSION],https://camarindelabuelo.cl/products/camiseta-celtic-local-26-27-adultos-player-version,34990,35990,https://cdn.shopify.com/s/files/1/0669/0943/8050/files/ee3a2420.jpg?v=1786663283,https://cdn.shopify.com/s/files/1/0669/0943/8050/files/e3c1034a.jpg?v=1786663281,,,,,,,,
Otras Ligas,Celtic,Camiseta Celtic Terrace Icons Adultos,https://camarindelabuelo.cl/products/camiseta-celtic-terrace-icons-adultos,28990,36990,https://cdn.shopify.com/s/files/1/0669/0943/8050/files/f4c1e708.jpg?v=1786662864,https://cdn.shopify.com/s/files/1/0669/0943/8050/files/abe92b58.jpg?v=1786662862,,,,,,,,
Otras Ligas,Cerezo Osaka,Camiseta Cerezo Osaka Local 26/27 Adultos,https://camarindelabuelo.cl/products/camiseta-cerezo-osaka-local-26-27-adultos,27990,32990,https://cdn.shopify.com/s/files/1/0669/0943/8050/files/9d84130f-310d-4935-9c39-9e02f5561141.png?v=1787107358,https://cdn.shopify.com/s/files/1/0669/0943/8050/files/427994d7.png?v=1787107370,https://cdn.shopify.com/s/files/1/0669/0943/8050/files/284fa7c8.png?v=1787107373,,,,,,,
Otras Ligas,Galatasaray,Camiseta Galatasaray Tercera 25/26 Adultos,https://camarindelabuelo.cl/products/camiseta-galatasaray-tercera-25-26-adultos,27990,32990,https://cdn.shopify.com/s/files/1/0669/0943/8050/files/0073b7a7.jpg?v=1782254448,https://cdn.shopify.com/s/files/1/0669/0943/8050/files/ff71ca0c.jpg?v=1782254445,,,,,,,,
Otras Ligas,Millonarios,Camiseta Millonarios Local 26/27 Adultos,https://camarindelabuelo.cl/products/camiseta-millonarios-local-26-27-adultos,27990,32990,https://cdn.shopify.com/s/files/1/0669/0943/8050/files/69289a47-3451-45bb-9a79-87a713f9e8ce.png?v=1789223844,https://cdn.shopify.com/s/files/1/0669/0943/8050/files/450d3961.png?v=1789223864,https://cdn.shopify.com/s/files/1/0669/0943/8050/files/08b8b6f3.png?v=1789223881,https://cdn.shopify.com/s/files/1/0669/0943/8050/files/b9ffb240.png?v=1789223891,,,,,,
Otras Ligas,Nacional,Camiseta Nacional Local 2026/27 Adultos,https://camarindelabuelo.cl/products/camiseta-nacional-local-2026-27-adultos,27990,32990,https://cdn.shopify.com/s/files/1/0669/0943/8050/files/d1551615.jpg?v=1786291878,https://cdn.shopify.com/s/files/1/0669/0943/8050/files/bd3cd5d2.jpg?v=1786291875,,,,,,,,
Otras Ligas,Nacional,Camiseta Nacional Portero 2026/27 Adultos,https://camarindelabuelo.cl/products/camiseta-nacional-portero-2026-27-adultos,27990,32990,https://cdn.shopify.com/s/files/1/0669/0943/8050/files/d973d3cf.jpg?v=1786291928,https://cdn.shopify.com/s/files/1/0669/0943/8050/files/ecd6a81e.jpg?v=1786291926,,,,,,,,
Otras Ligas,Olimpia,Camiseta Olimpia 2026/27 Adultos,https://camarindelabuelo.cl/products/camiseta-olimpia-2026-27-adultos,27990,32990,https://cdn.shopify.com/s/files/1/0669/0943/8050/files/6f8ce831.jpg?v=1786292052,https://cdn.shopify.com/s/files/1/0669/0943/8050/files/a18c4c41.jpg?v=1786292050,,,,,,,,
Otras Ligas,Originals,Camiseta Originals Classic Three Stripes Black Adultos,https://camarindelabuelo.cl/products/camiseta-originals-classic-three-stripes-black-adultos,31990,34990,https://cdn.shopify.com/s/files/1/0669/0943/8050/files/a147bc60.jpg?v=1786662161,https://cdn.shopify.com/s/files/1/0669/0943/8050/files/09233cd3.jpg?v=1786662159,,,,,,,,
Otras Ligas,Originals,Camiseta Originals Classic Three Stripes Blue Adultos,https://camarindelabuelo.cl/products/camiseta-originals-classic-three-stripes-adultos,31990,34990,https://cdn.shopify.com/s/files/1/0669/0943/8050/files/8ca2296a.jpg?v=1786662031,https://cdn.shopify.com/s/files/1/0669/0943/8050/files/d5cff7a8.jpg?v=1786662029,,,,,,,,
Otras Ligas,Originals,Camiseta Originals Classic Three Stripes Blue Navy Adultos,https://camarindelabuelo.cl/products/camiseta-originals-classic-three-stripes-blue-navy-adultos,31990,34990,https://cdn.shopify.com/s/files/1/0669/0943/8050/files/ca03abd4.jpg?v=1786662247,https://cdn.shopify.com/s/files/1/0669/0943/8050/files/c92d3f3d.jpg?v=1786662245,,,,,,,,
Otras Ligas,Originals,Camiseta Originals Classic Three Stripes Green Adultos,https://camarindelabuelo.cl/products/camiseta-originals-classic-three-stripes-green-adultos,31990,34990,https://cdn.shopify.com/s/files/1/0669/0943/8050/files/711b7902.jpg?v=1786662115,https://cdn.shopify.com/s/files/1/0669/0943/8050/files/19a64faa.jpg?v=1786662114,,,,,,,,
Otras Ligas,Originals,Camiseta Originals Classic Three Stripes Light Blue Adultos,https://camarindelabuelo.cl/products/camiseta-originals-classic-three-stripes-light-blue-adultos,31990,34990,https://cdn.shopify.com/s/files/1/0669/0943/8050/files/34098447.jpg?v=1786662299,https://cdn.shopify.com/s/files/1/0669/0943/8050/files/9e1b8d51.jpg?v=1786662298,,,,,,,,
Otras Ligas,Originals,Camiseta Originals Classic Three Stripes White Adultos,https://camarindelabuelo.cl/products/camiseta-originals-classic-three-stripes-white-adultos,31990,34990,https://cdn.shopify.com/s/files/1/0669/0943/8050/files/2020cd39.jpg?v=1786662200,https://cdn.shopify.com/s/files/1/0669/0943/8050/files/ce389707.jpg?v=1786662197,,,,,,,,
Otras Ligas,Peñarol,Camiseta Peñarol Local 2026/27 Adultos,https://camarindelabuelo.cl/products/camiseta-penarol-local-2025-26-adultos,27990,32990,https://cdn.shopify.com/s/files/1/0669/0943/8050/files/32fc9d33.jpg?v=1786291791,https://cdn.shopify.com/s/files/1/0669/0943/8050/files/14f0de2b.jpg?v=1786291787,,,,,,,,
Selecciones,Alemania,Buzo Chaqueta Alemania 26/27,https://camarindelabuelo.cl/products/buzo-chaqueta-alemania-26-27,44990,,https://cdn.shopify.com/s/files/1/0669/0943/8050/files/67997bd3-5442-4d0d-83be-df3f612e48f5.png?v=1781795034,https://cdn.shopify.com/s/files/1/0669/0943/8050/files/2d6196e5.jpg?v=1781795076,https://cdn.shopify.com/s/files/1/0669/0943/8050/files/9413aff8.jpg?v=1781795078,https://cdn.shopify.com/s/files/1/0669/0943/8050/files/aef0fc0a.jpg?v=1781795082,https://cdn.shopify.com/s/files/1/0669/0943/8050/files/0687e0c2.jpg?v=1781795084,https://cdn.shopify.com/s/files/1/0669/0943/8050/files/fdb1c07b.jpg?v=1781795088,,,,
Selecciones,Alemania,Camiseta + Short Alemania Local 2014 Niños,https://camarindelabuelo.cl/products/camiseta-short-alemania-local-2014-ninos-1,32990,35990,https://cdn.shopify.com/s/files/1/0669/0943/8050/files/00BA2F23-90DD-4A98-9F31-F8D1AE9C93D9.jpg?v=1785630639,https://cdn.shopify.com/s/files/1/0669/0943/8050/files/404BFF03-B894-4529-B419-4BBDE473326C.jpg?v=1785630639,,,,,,,,
Selecciones,Alemania,Camiseta + Short Alemania Local 2014 Niños,https://camarindelabuelo.cl/products/camiseta-short-alemania-local-2014-ninos,32990,34990,https://cdn.shopify.com/s/files/1/0669/0943/8050/files/00BA2F23-90DD-4A98-9F31-F8D1AE9C93D9.jpg?v=1785630639,https://cdn.shopify.com/s/files/1/0669/0943/8050/files/404BFF03-B894-4529-B419-4BBDE473326C.jpg?v=1785630639,,,,,,,,
Selecciones,Alemania,Camiseta + Short Alemania Portero 26/27 Niños,https://camarindelabuelo.cl/products/camiseta-short-alemania-portero-26-27-ninos,28990,32990,https://cdn.shopify.com/s/files/1/0669/0943/8050/files/90c61638.jpg?v=1781529735,https://cdn.shopify.com/s/files/1/0669/0943/8050/files/6dbe1a47.jpg?v=1781529732,,,,,,,,
Selecciones,Alemania,Camiseta Alemania 1988 Adultos,https://camarindelabuelo.cl/products/camiseta-alemania-1988-adultos,32990,34990,,,,,,,,,,
Selecciones,Alemania,Camiseta Alemania 1994 Adultos,https://camarindelabuelo.cl/products/camiseta-alemania-1994-adultos,32990,34990,https://cdn.shopify.com/s/files/1/0669/0943/8050/files/4d8353ba.jpg?v=1783131480,https://cdn.shopify.com/s/files/1/0669/0943/8050/files/b171a232.jpg?v=1783131478,,,,,,,,
Selecciones,Alemania,Camiseta Alemania Edición Especial 125 Años Adultos,https://camarindelabuelo.cl/products/camiseta-alemania-edicion-especial-125-anos-adultos,27990,32990,https://cdn.shopify.com/s/files/1/0669/0943/8050/files/a5503939.jpg?v=1780767689,https://cdn.shopify.com/s/files/1/0669/0943/8050/files/f8f5206c.jpg?v=1780767686,,,,,,,,
Selecciones,Alemania,Camiseta Alemania Local 2014 Adultos Manga Larga [PLAYER VERSION],https://camarindelabuelo.cl/products/camiseta-alemania-local-2014-adultos-manga-larga-player-version,35990,,https://cdn.shopify.com/s/files/1/0669/0943/8050/files/f6e78cfe.jpg?v=1783115744,https://cdn.shopify.com/s/files/1/0669/0943/8050/files/6a4f69b6.jpg?v=1783115741,,,,,,,,
Selecciones,Alemania,Camiseta Alemania Local 26/27 Adultos Manga Larga [PLAYER VESION],https://camarindelabuelo.cl/products/camiseta-alemania-local-26-27-adultos-manga-larga-player-vesion,34990,35990,https://cdn.shopify.com/s/files/1/0669/0943/8050/files/f7895b00.jpg?v=1780695253,https://cdn.shopify.com/s/files/1/0669/0943/8050/files/f80ff9c7.jpg?v=1780695245,,,,,,,,
Selecciones,Alemania,Camiseta Alemania Pre-Match 26/27 Adultos,https://camarindelabuelo.cl/products/camiseta-alemania-pre-match-26-27-adultos,27990,32990,https://cdn.shopify.com/s/files/1/0669/0943/8050/files/997d83c0.jpg?v=1781976228,https://cdn.shopify.com/s/files/1/0669/0943/8050/files/ca99f0b7.jpg?v=1781976226,,,,,,,,
Selecciones,Alemania,Camiseta Alemania Terrace Icons Adultos,https://camarindelabuelo.cl/products/camiseta-alemania-terrace-icons-adultos,28990,36990,https://cdn.shopify.com/s/files/1/0669/0943/8050/files/fa9b3b82.jpg?v=1784727972,https://cdn.shopify.com/s/files/1/0669/0943/8050/files/348724b6.jpg?v=1784727970,,,,,,,,
Selecciones,Alemania,Short Alemania Local 26/27,https://camarindelabuelo.cl/products/short-alemania-local-26-28,23990,,https://cdn.shopify.com/s/files/1/0669/0943/8050/files/6af5cbea.jpg?v=1781474932,https://cdn.shopify.com/s/files/1/0669/0943/8050/files/3db0baab.jpg?v=1781474929,,,,,,,,
Selecciones,Alemania,Short Alemania Visitante 26/27,https://camarindelabuelo.cl/products/short-alemania-local-26-27,23990,,https://cdn.shopify.com/s/files/1/0669/0943/8050/files/a370c1d3_1.jpg?v=1781474394,https://cdn.shopify.com/s/files/1/0669/0943/8050/files/74b8cc9b_1.jpg?v=1781474392,,,,,,,,
Selecciones,Arabia Saudita,Camiseta Arabia Saudita Local 26/27 Adultos,https://camarindelabuelo.cl/products/camiseta-arabia-saudita-local-26-27-adultos,27990,32990,https://cdn.shopify.com/s/files/1/0669/0943/8050/files/02d42220.jpg?v=1781563777,https://cdn.shopify.com/s/files/1/0669/0943/8050/files/4a6c6342.jpg?v=1781563773,,,,,,,,
Selecciones,Arabia Saudita,Camiseta Arabia Saudita Local 26/27 Adultos [PLAYER VERSION],https://camarindelabuelo.cl/products/camiseta-arabia-saudita-local-26-27-adultos-player-version,32990,35990,https://cdn.shopify.com/s/files/1/0669/0943/8050/files/d1c97e5e.jpg?v=1781564063,https://cdn.shopify.com/s/files/1/0669/0943/8050/files/49b1f811.jpg?v=1781564050,,,,,,,,
Selecciones,Arabia Saudita,Camiseta Arabia Saudita Visitante 26/27 Adultos,https://camarindelabuelo.cl/products/camiseta-arabia-saudita-visitante-26-27-adultos,27990,32990,https://cdn.shopify.com/s/files/1/0669/0943/8050/files/13ede932.jpg?v=1781563916,https://cdn.shopify.com/s/files/1/0669/0943/8050/files/d1156126.jpg?v=1781563913,,,,,,,,
Selecciones,Argelia,Camiseta Argelia Local 26/27 Adultos,https://camarindelabuelo.cl/products/camiseta-argelia-local-26-27-adultos,27990,32990,https://cdn.shopify.com/s/files/1/0669/0943/8050/files/081b15b4.jpg?v=1780761589,https://cdn.shopify.com/s/files/1/0669/0943/8050/files/307d786f.jpg?v=1780761586,,,,,,,,
Selecciones,Argelia,Camiseta Argelia Local 26/27 Adultos [PLAYER VESION],https://camarindelabuelo.cl/products/camiseta-argelia-local-26-27-adultos-player-vesion,32990,35990,https://cdn.shopify.com/s/files/1/0669/0943/8050/files/5378fe2e.jpg?v=1780708188,https://cdn.shopify.com/s/files/1/0669/0943/8050/files/452061f2.jpg?v=1780708187,,,,,,,,
Selecciones,Argelia,Camiseta Argelia Visitante 26/27 Adultos,https://camarindelabuelo.cl/products/camiseta-argelia-visitante-26-27-adultos,27990,32990,https://cdn.shopify.com/s/files/1/0669/0943/8050/files/81b9a98a.jpg?v=1780761647,https://cdn.shopify.com/s/files/1/0669/0943/8050/files/1331822a.jpg?v=1780761644,,,,,,,,
Selecciones,Argentina,Cactus Jack Travis Scott x NK Argentina Total 90 Adultos,https://camarindelabuelo.cl/products/cactus-jack-travis-scott-x-nk-argentina-total-90-adultos,32990,36990,https://cdn.shopify.com/s/files/1/0669/0943/8050/files/f334322b.jpg?v=1789334872,https://cdn.shopify.com/s/files/1/0669/0943/8050/files/52d88e07.jpg?v=1789334874,,,,,,,,
Selecciones,Argentina,Camiseta + Short Argentina 1986 Manga Larga Niños,https://camarindelabuelo.cl/products/camiseta-short-argentina-1986-manga-larga-ninos,33990,,https://cdn.shopify.com/s/files/1/0669/0943/8050/files/M47A0643.jpg?v=1781931508,https://cdn.shopify.com/s/files/1/0669/0943/8050/files/M47A0636.jpg?v=1781931509,,,,,,,,
Selecciones,Argentina,Camiseta + Short Argentina 1986 Niños,https://camarindelabuelo.cl/products/camiseta-short-argentina-1986-ninos,31990,32990,https://cdn.shopify.com/s/files/1/0669/0943/8050/files/M47A0538.jpg?v=1781931296,https://cdn.shopify.com/s/files/1/0669/0943/8050/files/M47A0531.jpg?v=1781931296,,,,,,,,
Selecciones,Argentina,Camiseta + Short Argentina 1994 Visitante Niños,https://camarindelabuelo.cl/products/camiseta-short-argentina-1994-visitante-ninos,31990,32990,https://cdn.shopify.com/s/files/1/0669/0943/8050/files/012d859b.jpg?v=1788639851,https://cdn.shopify.com/s/files/1/0669/0943/8050/files/b6b3fea6.jpg?v=1788639854,,,,,,,,
Selecciones,Argentina,Camiseta + Short Argentina 1998 Niños,https://camarindelabuelo.cl/products/camiseta-short-argentina-1998-ninos,31990,32990,https://cdn.shopify.com/s/files/1/0669/0943/8050/files/M47A9928.jpg?v=1781931180,https://cdn.shopify.com/s/files/1/0669/0943/8050/files/M47A9921.jpg?v=1781931180,,,,,,,,
Selecciones,Argentina,Camiseta + Short Argentina Local 26/27 Bebé,https://camarindelabuelo.cl/products/camiseta-short-argentina-26-27-bebe,19990,32990,https://cdn.shopify.com/s/files/1/0669/0943/8050/files/6911183f-7422-4737-9c05-7e41c3180888.png?v=1787434315,,,,,,,,,
Selecciones,Argentina,Camiseta + Short Argentina Portero 26/27 Niños,https://camarindelabuelo.cl/products/camiseta-short-argentina-portero-26-27-ninos,28990,32990,https://cdn.shopify.com/s/files/1/0669/0943/8050/files/1093fda6-91ae-46cb-a418-0a78e3a1d907.png?v=1780858607,https://cdn.shopify.com/s/files/1/0669/0943/8050/files/be00e073.jpg?v=1780858570,https://cdn.shopify.com/s/files/1/0669/0943/8050/files/6a625a08.jpg?v=1780858569,https://cdn.shopify.com/s/files/1/0669/0943/8050/files/071455cd.jpg?v=1780858570,https://cdn.shopify.com/s/files/1/0669/0943/8050/files/94141287.jpg?v=1780858570,,,,,
Selecciones,Argentina,Camiseta Argentina 1998 Local Adultos,https://camarindelabuelo.cl/products/camiseta-argentina-1998-local-adultos,31990,36990,https://cdn.shopify.com/s/files/1/0669/0943/8050/files/72d94019.jpg?v=1784227881,https://cdn.shopify.com/s/files/1/0669/0943/8050/files/4ff55e26.jpg?v=1784227879,,,,,,,,
Selecciones,Argentina,Camiseta Argentina 2006 Local Adultos,https://camarindelabuelo.cl/products/camiseta-argentina-2006-local-adultos,31990,36990,https://cdn.shopify.com/s/files/1/0669/0943/8050/files/a517854d.jpg?v=1783384011,https://cdn.shopify.com/s/files/1/0669/0943/8050/files/4d01f998.jpg?v=1783384009,,,,,,,,
Selecciones,Argentina,Camiseta Argentina 2006 Visitante Adultos,https://camarindelabuelo.cl/products/camiseta-argentina-2006-visitante-adultos,31990,36990,https://cdn.shopify.com/s/files/1/0669/0943/8050/files/4e3e3d11.jpg?v=1784216396,https://cdn.shopify.com/s/files/1/0669/0943/8050/files/902d2436.jpg?v=1784216393,,,,,,,,
Selecciones,Argentina,Camiseta Argentina 2011 Visitante Adultos,https://camarindelabuelo.cl/products/camiseta-argentina-2011-local-adultos,31990,36990,https://cdn.shopify.com/s/files/1/0669/0943/8050/files/M47A1611.jpg?v=1781930586,https://cdn.shopify.com/s/files/1/0669/0943/8050/files/M47A1604.jpg?v=1781930586,,,,,,,,
Selecciones,Argentina,Camiseta Argentina Barcelona Edición Especial MESSI [PLAYER VERSION],https://camarindelabuelo.cl/products/camiseta-argentina-barcelona-edicion-especial-messi-player-version,35990,,https://cdn.shopify.com/s/files/1/0669/0943/8050/files/26efeebf-ab3c-4c25-aa6a-86c0d5c591b2.png?v=1784218270,https://cdn.shopify.com/s/files/1/0669/0943/8050/files/06572547d8ea9228.jpg?v=1784218338,https://cdn.shopify.com/s/files/1/0669/0943/8050/files/fafc38910d1062d9.jpg?v=1784218341,https://cdn.shopify.com/s/files/1/0669/0943/8050/files/505921407a2a7f66.jpg?v=1784218336,,,,,,
Selecciones,Argentina,Camiseta Argentina Edición 50 Años Adultos,https://camarindelabuelo.cl/products/camiseta-argentina-edicion-100-anos-adultos,27990,32990,https://cdn.shopify.com/s/files/1/0669/0943/8050/files/7e81bc20-673c-4364-90d3-428fd0037305.png?v=1784217508,https://cdn.shopify.com/s/files/1/0669/0943/8050/files/50313393.jpg?v=1784217497,https://cdn.shopify.com/s/files/1/0669/0943/8050/files/53fb4a9a.jpg?v=1784217494,https://cdn.shopify.com/s/files/1/0669/0943/8050/files/44860b51.jpg?v=1784217492,,,,,,
Selecciones,Argentina,Camiseta Argentina Edición Especial 26/27 Adultos [PLAYER VERSION],https://camarindelabuelo.cl/products/camiseta-argentina-edicion-especial-26-27-adultos-player-version,31990,32990,https://cdn.shopify.com/s/files/1/0669/0943/8050/files/M47A0936.jpg?v=1781930473,https://cdn.shopify.com/s/files/1/0669/0943/8050/files/M47A0929.jpg?v=1781930473,,,,,,,,
Selecciones,Argentina,Camiseta Argentina Edición Maradona 26/27 Adultos [PLAYER VERSION],https://camarindelabuelo.cl/products/camiseta-argentina-edicion-maradona-26-27-adultos-player-version-copia,37990,,https://cdn.shopify.com/s/files/1/0669/0943/8050/files/M47A9468.jpg?v=1781930939,https://cdn.shopify.com/s/files/1/0669/0943/8050/files/M47A9460.jpg?v=1781930939,,,,,,,,
Selecciones,Argentina,Camiseta Argentina Entrenamiento 26/27 Adultos,https://camarindelabuelo.cl/products/camiseta-argentina-entrenamiento-26-27-adultos-1,26990,32990,https://cdn.shopify.com/s/files/1/0669/0943/8050/files/M47A8802.jpg?v=1781930351,https://cdn.shopify.com/s/files/1/0669/0943/8050/files/M47A8809.jpg?v=1781930351,,,,,,,,
Selecciones,Argentina,Camiseta Argentina Entrenamiento 26/27 Adultos,https://camarindelabuelo.cl/products/camiseta-argentina-entrenamiento-26-27-adultos,27990,32990,https://cdn.shopify.com/s/files/1/0669/0943/8050/files/M47A8049.jpg?v=1781930284,https://cdn.shopify.com/s/files/1/0669/0943/8050/files/M47A8056.jpg?v=1781930285,,,,,,,,
Selecciones,Argentina,Camiseta Argentina Entrenamiento World Cup 26/27 Adultos,https://camarindelabuelo.cl/products/camiseta-argentina-entrenamiento-world-cup-26-27-adultos,27990,32990,https://cdn.shopify.com/s/files/1/0669/0943/8050/files/e6c0084b.jpg?v=1784216472,https://cdn.shopify.com/s/files/1/0669/0943/8050/files/b83c0b99.jpg?v=1784216468,,,,,,,,
Selecciones,Argentina,Camiseta Argentina Remixed Local Adultos,https://camarindelabuelo.cl/products/camiseta-argentina-remixed-local-adultos,31990,36990,https://cdn.shopify.com/s/files/1/0669/0943/8050/files/M47A8787.jpg?v=1781931072,https://cdn.shopify.com/s/files/1/0669/0943/8050/files/M47A8782.jpg?v=1781931071,,,,,,,,
Selecciones,Argentina,Camiseta Argentina Terrace Icons Adultos,https://camarindelabuelo.cl/products/camiseta-argentina-terrace-icons-adultos,28990,36990,https://cdn.shopify.com/s/files/1/0669/0943/8050/files/cf98da29.jpg?v=1786662993,https://cdn.shopify.com/s/files/1/0669/0943/8050/files/fe64b484.jpg?v=1786662991,,,,,,,,
Selecciones,Argentina,Camiseta Argentina x Thrasher Adultos,https://camarindelabuelo.cl/products/camiseta-argentina-x-thrasher-adultos,31990,34990,https://cdn.shopify.com/s/files/1/0669/0943/8050/files/d14453c7-6028-49e8-a0ce-3d3a5e4ffbec.png?v=1782917100,https://cdn.shopify.com/s/files/1/0669/0943/8050/files/Capturadepantalla2026-07-01alas10.45.11.png?v=1782917119,https://cdn.shopify.com/s/files/1/0669/0943/8050/files/Capturadepantalla2026-07-01alas10.45.27.png?v=1782917135,,,,,,,
Selecciones,Argentina,Camiseta Icons Argentina 26/27 Adultos,https://camarindelabuelo.cl/products/camiseta-icons-argentina-26-27-adultos,27990,32990,https://cdn.shopify.com/s/files/1/0669/0943/8050/files/M47A1620.jpg?v=1781930747,https://cdn.shopify.com/s/files/1/0669/0943/8050/files/M47A1626.jpg?v=1781930746,,,,,,,,
Selecciones,Argentina,Polo Azul Argentina 26/27 Adultos,https://camarindelabuelo.cl/products/polo-azul-argentina-26-27-adultos-1,27990,32990,https://cdn.shopify.com/s/files/1/0669/0943/8050/files/M47A7951.jpg?v=1781930226,https://cdn.shopify.com/s/files/1/0669/0943/8050/files/M47A7957.jpg?v=1781930227,,,,,,,,
Selecciones,Argentina,Polo Negro Argentina 26/27 Adultos,https://camarindelabuelo.cl/products/polo-argentina-26-27-adultos,27990,32990,https://cdn.shopify.com/s/files/1/0669/0943/8050/files/M47A7393.jpg?v=1781930130,https://cdn.shopify.com/s/files/1/0669/0943/8050/files/M47A7398.jpg?v=1781930130,,,,,,,,
Selecciones,Argentina,Short Argentina Local 26/27,https://camarindelabuelo.cl/products/short-argentina-local-26-27,23990,,https://cdn.shopify.com/s/files/1/0669/0943/8050/files/4c524175.jpg?v=1781475068,https://cdn.shopify.com/s/files/1/0669/0943/8050/files/994c06c4.jpg?v=1781475067,,,,,,,,
Selecciones,Argentina,Short Argentina Local Blanco Player Version 26/27,https://camarindelabuelo.cl/products/short-argentina-local-blanco-player-version-26-27,25990,,https://cdn.shopify.com/s/files/1/0669/0943/8050/files/ad4ee326.jpg?v=1783693586,https://cdn.shopify.com/s/files/1/0669/0943/8050/files/04f792d6.jpg?v=1783693585,,,,,,,,
Selecciones,Argentina,Short Argentina Visitante 26/27,https://camarindelabuelo.cl/products/short-argentina-visitante-26-27,23990,,https://cdn.shopify.com/s/files/1/0669/0943/8050/files/034271cf.jpg?v=1781475210,https://cdn.shopify.com/s/files/1/0669/0943/8050/files/a995d9b0.jpg?v=1781475207,,,,,,,,
Selecciones,Australia,Camiseta Australia Local 26/27 Adultos,https://camarindelabuelo.cl/products/camiseta-australia-local-26-27-adultos,27990,32990,https://cdn.shopify.com/s/files/1/0669/0943/8050/files/4b2be7f3.jpg?v=1781373763,https://cdn.shopify.com/s/files/1/0669/0943/8050/files/1c1b83c1.jpg?v=1781373761,,,,,,,,
Selecciones,Australia,Camiseta Australia Visitante 26/27 Adultos,https://camarindelabuelo.cl/products/camiseta-australia-visitante-26-27-adultos,27990,32990,https://cdn.shopify.com/s/files/1/0669/0943/8050/files/11acfbd8.jpg?v=1781373925,https://cdn.shopify.com/s/files/1/0669/0943/8050/files/092af2cd.jpg?v=1781373923,,,,,,,,
Selecciones,Austria,Camiseta Austria Visitante 26/27 Adultos,https://camarindelabuelo.cl/products/camiseta-austria-visitante-26-27-adultos,27990,32990,https://cdn.shopify.com/s/files/1/0669/0943/8050/files/d672e5ce.jpg?v=1783199576,https://cdn.shopify.com/s/files/1/0669/0943/8050/files/002fb488.jpg?v=1783199572,,,,,,,,
Selecciones,Bosnia,Camiseta Bosnia Local 26/27 Adultos,https://camarindelabuelo.cl/products/camiseta-bosnia-local-26-27-adultos,27990,32990,https://cdn.shopify.com/s/files/1/0669/0943/8050/files/79d425c3.jpg?v=1781275313,https://cdn.shopify.com/s/files/1/0669/0943/8050/files/42d762fd.jpg?v=1781275310,,,,,,,,
Selecciones,Bosnia,Camiseta Bosnia Visitante 26/27 Adultos,https://camarindelabuelo.cl/products/camiseta-bosnia-visitante-26-27-adultos-copia,27990,32990,https://cdn.shopify.com/s/files/1/0669/0943/8050/files/12495be5.jpg?v=1781275373,https://cdn.shopify.com/s/files/1/0669/0943/8050/files/9c662b0c.jpg?v=1781275371,,,,,,,,
Selecciones,Brasil,Cactus Jack Travis Scott x NK Brasil Total 90 Adultos,https://camarindelabuelo.cl/products/cactus-jack-travis-scott-x-nk-brasil-total-90-adultos,32990,36990,https://cdn.shopify.com/s/files/1/0669/0943/8050/files/d3d7ede7.jpg?v=1789334745,https://cdn.shopify.com/s/files/1/0669/0943/8050/files/e04dccc6.jpg?v=1789334742,https://cdn.shopify.com/s/files/1/0669/0943/8050/files/0d3dd03e.jpg?v=1789334737,https://cdn.shopify.com/s/files/1/0669/0943/8050/files/607f3c43.jpg?v=1789334739,,,,,,
Selecciones,Brasil,Camiseta + Short Brasil 26/27 Portero Niños,https://camarindelabuelo.cl/products/camiseta-short-brasil-26-27-portero-ninos,27990,32990,https://cdn.shopify.com/s/files/1/0669/0943/8050/files/b5a596ef-e516-4a18-967e-f84c6914e3bf.png?v=1785961805,https://cdn.shopify.com/s/files/1/0669/0943/8050/files/Capturadepantalla2026-08-05alas4.30.10p.m..png?v=1785961818,https://cdn.shopify.com/s/files/1/0669/0943/8050/files/Capturadepantalla2026-08-05alas4.30.22p.m..png?v=1785961829,,,,,,,
Selecciones,Brasil,Camiseta + Short Brasil Local 2002 Niños,https://camarindelabuelo.cl/products/camiseta-short-brasil-local-2002-ninos,27990,32990,https://cdn.shopify.com/s/files/1/0669/0943/8050/files/4fe16d99.jpg?v=1784388813,https://cdn.shopify.com/s/files/1/0669/0943/8050/files/44998a51.jpg?v=1784388811,,,,,,,,
Selecciones,Brasil,Camiseta Brasil 1971 Adultos,https://camarindelabuelo.cl/products/camiseta-brasil-1971-adultos,32990,34990,https://cdn.shopify.com/s/files/1/0669/0943/8050/files/fc117e15.jpg?v=1788303199,https://cdn.shopify.com/s/files/1/0669/0943/8050/files/69c13eb9.jpg?v=1788303201,,,,,,,,
Selecciones,Brasil,Camiseta Brasil 1994 Adultos,https://camarindelabuelo.cl/products/camiseta-brasil-1994-adultos,32990,34990,https://cdn.shopify.com/s/files/1/0669/0943/8050/files/0ce2ce1d.jpg?v=1784582716,https://cdn.shopify.com/s/files/1/0669/0943/8050/files/358b041e.jpg?v=1784582714,,,,,,,,
Selecciones,Brasil,Camiseta Brasil 2004 Manga Larga Adultos,https://camarindelabuelo.cl/products/camiseta-brasil-2002-adultos,35990,,https://cdn.shopify.com/s/files/1/0669/0943/8050/files/2220eefb.jpg?v=1783529360,https://cdn.shopify.com/s/files/1/0669/0943/8050/files/cf680ac5.jpg?v=1783529358,,,,,,,,
Selecciones,Brasil,Camiseta Brasil Edición Amazonas 2026 Adultos,https://camarindelabuelo.cl/products/camiseta-brasil-edicion-amazonas-2026-adultos,27990,32990,https://cdn.shopify.com/s/files/1/0669/0943/8050/files/4f093abc.jpg?v=1786738083,https://cdn.shopify.com/s/files/1/0669/0943/8050/files/7587129e.jpg?v=1786738081,,,,,,,,
Selecciones,Brasil,Camiseta Brasil Edición Especial 2026 Adultos,https://camarindelabuelo.cl/products/camiseta-brasil-edicion-especial-2026-adultos,27990,32990,https://cdn.shopify.com/s/files/1/0669/0943/8050/files/2af03aa9.jpg?v=1786737967,https://cdn.shopify.com/s/files/1/0669/0943/8050/files/869ea406.jpg?v=1786737970,,,,,,,,
Selecciones,Brasil,Camiseta Brasil Edición Especial Amazonas 2026 Adultos,https://camarindelabuelo.cl/products/camiseta-brasil-edicion-especial-amazonas-2026-adultos,27990,32990,https://cdn.shopify.com/s/files/1/0669/0943/8050/files/ca067717.jpg?v=1786738123,https://cdn.shopify.com/s/files/1/0669/0943/8050/files/71ea1a42.jpg?v=1786738120,,,,,,,,
Selecciones,Brasil,Camiseta Brasil Edición Especial Jordan 2026 Adultos,https://camarindelabuelo.cl/products/camiseta-brasil-edicion-especial-jordan-2026-adultos,27990,32990,https://cdn.shopify.com/s/files/1/0669/0943/8050/files/1d2b8334.jpg?v=1786738165,https://cdn.shopify.com/s/files/1/0669/0943/8050/files/cf274fc0.jpg?v=1786738162,,,,,,,,
Selecciones,Brasil,Camiseta Brasil Edición Jesús 2026 Adultos,https://camarindelabuelo.cl/products/camiseta-brasil-edicion-jesus-2026-adultos,27990,32990,https://cdn.shopify.com/s/files/1/0669/0943/8050/files/ead44b9a.jpg?v=1786738032,https://cdn.shopify.com/s/files/1/0669/0943/8050/files/6cde1fdc.jpg?v=1786738029,,,,,,,,
Selecciones,Brasil,Camiseta Brasil Local 1998 Adultos,https://camarindelabuelo.cl/products/camiseta-brasil-local-1998-adultos,32990,34990,https://cdn.shopify.com/s/files/1/0669/0943/8050/files/1a5aa7e6.jpg?v=1789590643,https://cdn.shopify.com/s/files/1/0669/0943/8050/files/2f9cddc8.jpg?v=1789590646,,,,,,,,
Selecciones,Brasil,Camiseta Brasil Local 26/27 Mujer,https://camarindelabuelo.cl/products/camiseta-brasil-local-26-27-mujer,27990,32990,https://cdn.shopify.com/s/files/1/0669/0943/8050/files/b48fdf4a.jpg?v=1780759567,https://cdn.shopify.com/s/files/1/0669/0943/8050/files/dcbe2df5.jpg?v=1780759565,,,,,,,,
Selecciones,Brasil,Camiseta Brasil Portero 26/27 Adultos,https://camarindelabuelo.cl/products/camiseta-brasil-portero-26-27-adultos,27990,31990,https://cdn.shopify.com/s/files/1/0669/0943/8050/files/48aac94b_8092f141-c8df-45d7-96e1-783abe35e714.jpg?v=1781372745,https://cdn.shopify.com/s/files/1/0669/0943/8050/files/0e3e9c76_17bbf8b5-aa9f-4281-b9bb-b7f9115a5c4e.jpg?v=1781372743,,,,,,,,
Selecciones,Brasil,Camiseta Brasil Portero Manga Larga 26/27 Adultos,https://camarindelabuelo.cl/products/camiseta-brasil-portero-manga-larga-26-27-adultos,29990,31990,https://cdn.shopify.com/s/files/1/0669/0943/8050/files/75503c07.jpg?v=1780762088,https://cdn.shopify.com/s/files/1/0669/0943/8050/files/393d2de9.jpg?v=1780762088,,,,,,,,
Selecciones,Brasil,Camiseta Brasil Visitante 2002 Adultos,https://camarindelabuelo.cl/products/camiseta-brasil-visitante-2002-adultos,32990,34990,https://cdn.shopify.com/s/files/1/0669/0943/8050/files/1800ac9b.jpg?v=1784388291,https://cdn.shopify.com/s/files/1/0669/0943/8050/files/5248f56c.jpg?v=1784388288,,,,,,,,
Selecciones,Brasil,Camiseta Brasil Visitante 2002 Manga Larga Adultos,https://camarindelabuelo.cl/products/camiseta-brasil-visitante-2002-manga-larga-adultos,35990,,https://cdn.shopify.com/s/files/1/0669/0943/8050/files/9f8e7f0b.jpg?v=1784387347,https://cdn.shopify.com/s/files/1/0669/0943/8050/files/9031dd09.jpg?v=1784387343,,,,,,,,
Selecciones,Brasil,Camiseta Brasil Visitante 26/27 Mujer,https://camarindelabuelo.cl/products/camiseta-brasil-visitante-26-27-mujer,27990,32990,https://cdn.shopify.com/s/files/1/0669/0943/8050/files/7aa12a97.jpg?v=1780759632,https://cdn.shopify.com/s/files/1/0669/0943/8050/files/7809dc78.jpg?v=1780759630,,,,,,,,
Selecciones,Brasil,Camiseta Brazil Terrace Icons Adultos,https://camarindelabuelo.cl/products/camiseta-brazil-terrace-icons-adultos,28990,36990,https://cdn.shopify.com/s/files/1/0669/0943/8050/files/924c58ea.jpg?v=1786662467,https://cdn.shopify.com/s/files/1/0669/0943/8050/files/c1736c69.jpg?v=1786662464,,,,,,,,
Selecciones,Brasil,Short Brasil Local 26/27,https://camarindelabuelo.cl/products/short-brasil-local-26-27,23990,,https://cdn.shopify.com/s/files/1/0669/0943/8050/files/b8981c2e.jpg?v=1781473360,https://cdn.shopify.com/s/files/1/0669/0943/8050/files/65a47839.jpg?v=1781473357,,,,,,,,
Selecciones,Bélgica,Camiseta Bélgica Local 26/27 Adultos,https://camarindelabuelo.cl/products/camiseta-belgica-local-26-27-adultos,27990,31990,https://cdn.shopify.com/s/files/1/0669/0943/8050/files/58327ffd_1.jpg?v=1780760766,https://cdn.shopify.com/s/files/1/0669/0943/8050/files/09a83eeb_1.jpg?v=1780760764,,,,,,,,
Selecciones,Bélgica,Camiseta Bélgica Local 26/27 Adultos [PLAYER VESION],https://camarindelabuelo.cl/products/camiseta-belgica-local-26-27-adultos-player-vesion,32990,35990,https://cdn.shopify.com/s/files/1/0669/0943/8050/files/8c0a9e3e.jpg?v=1780706866,https://cdn.shopify.com/s/files/1/0669/0943/8050/files/8c11202d.jpg?v=1780706864,,,,,,,,
Selecciones,Bélgica,Camiseta Bélgica Visitante 26/27 Adultos,https://camarindelabuelo.cl/products/camiseta-belgica-visitante-26-27-adultos-copia,27990,31990,https://cdn.shopify.com/s/files/1/0669/0943/8050/files/f33e2209.jpg?v=1780760832,https://cdn.shopify.com/s/files/1/0669/0943/8050/files/50ac772c.jpg?v=1780760830,,,,,,,,
Selecciones,Cabo Verde,Camiseta Cabo Verde Portero 26/27 Adultos VOZINHA 1,https://camarindelabuelo.cl/products/camiseta-cabo-verde-portero-26-27-adultos-vozinha-1,29990,32990,https://cdn.shopify.com/s/files/1/0669/0943/8050/files/d333e698-b41b-4249-8b6e-3cc2c4ad88e6.png?v=1783187207,https://cdn.shopify.com/s/files/1/0669/0943/8050/files/9175903c-4752-4cb8-bc9a-3c74f19af9c4.png?v=1783187203,,,,,,,,
Selecciones,Canadá,Camiseta + Short Canadá Local 26/27 Niños,https://camarindelabuelo.cl/products/camiseta-short-canada-local-26-27-ninos,27990,32990,https://cdn.shopify.com/s/files/1/0669/0943/8050/files/7575d990.jpg?v=1781275232,https://cdn.shopify.com/s/files/1/0669/0943/8050/files/90c98106.jpg?v=1781275229,,,,,,,,
Selecciones,Canadá,Camiseta + Short Canadá Visitante 26/27 Niños,https://camarindelabuelo.cl/products/camiseta-short-canada-visitante-26-27-ninos,27990,32990,https://cdn.shopify.com/s/files/1/0669/0943/8050/files/f0f4bea1-56ea-492e-b810-73abeba9dd76.png?v=1781831977,https://cdn.shopify.com/s/files/1/0669/0943/8050/files/353_950eb1a5-0abd-44d1-8d32-7017a1e826d4.webp?v=1781832000,,,,,,,,
Selecciones,Canadá,Camiseta Canadá Local 26/27 Adultos [PLAYER VESION],https://camarindelabuelo.cl/products/camiseta-canada-local-26-27-adultos-player-vesion,32990,35990,https://cdn.shopify.com/s/files/1/0669/0943/8050/files/f4e66a8d.jpg?v=1780708257,https://cdn.shopify.com/s/files/1/0669/0943/8050/files/580c9fa2.jpg?v=1780708255,,,,,,,,
Selecciones,Canadá,Camiseta Canadá Portero Manga Larga 26/27 Adultos,https://camarindelabuelo.cl/products/camiseta-canada-portero-manga-larga-26-27-adultos,29990,31990,https://cdn.shopify.com/s/files/1/0669/0943/8050/files/c9f1ba44.jpg?v=1780762163,https://cdn.shopify.com/s/files/1/0669/0943/8050/files/c48f9273.jpg?v=1780762161,,,,,,,,
Selecciones,Chile,Camiseta Chile Local 2014/15 Adultos,https://camarindelabuelo.cl/products/camiseta-chile-local-2014-15-adultos,31990,36990,https://cdn.shopify.com/s/files/1/0669/0943/8050/files/991d7029-9a19-47ea-aa57-798f8c8ee5b3.png?v=1783705486,https://cdn.shopify.com/s/files/1/0669/0943/8050/files/078995fb.jpg?v=1783705538,https://cdn.shopify.com/s/files/1/0669/0943/8050/files/bdff02b5.jpg?v=1783705543,https://cdn.shopify.com/s/files/1/0669/0943/8050/files/a8c6bdfe.jpg?v=1783705540,,,,,,
Selecciones,Colombia,Camiseta Colombia Edición 100 Años Adultos,https://camarindelabuelo.cl/products/camiseta-colombia-edicion-100-anos-adultos,27990,31990,https://cdn.shopify.com/s/files/1/0669/0943/8050/files/20e3fe5a.jpg?v=1782932378,https://cdn.shopify.com/s/files/1/0669/0943/8050/files/26d14cfe.jpg?v=1782932375,,,,,,,,
Selecciones,Colombia,Camiseta Colombia Local 25/26 Adultos Manga Larga [PLAYER VESION],https://camarindelabuelo.cl/products/camiseta-colombia-local-25-26-adultos-manga-larga-player-vesion,34990,,https://cdn.shopify.com/s/files/1/0669/0943/8050/files/b4cf3c8a.jpg?v=1780706714,https://cdn.shopify.com/s/files/1/0669/0943/8050/files/ceb123b6.jpg?v=1780706711,,,,,,,,
Selecciones,Congo,Camiseta Congo Local 26/27 Adultos,https://camarindelabuelo.cl/products/camiseta-congo-local-26-27-adultos,27990,32990,https://cdn.shopify.com/s/files/1/0669/0943/8050/files/dd929d04.jpg?v=1782690103,https://cdn.shopify.com/s/files/1/0669/0943/8050/files/410f9f08.jpg?v=1782690100,,,,,,,,
Selecciones,Congo,Camiseta Congo Visitante 26/27 Adultos,https://camarindelabuelo.cl/products/camiseta-congo-visitante-26-27-adulto,27990,32990,https://cdn.shopify.com/s/files/1/0669/0943/8050/files/3fb1c347.jpg?v=1782690157,https://cdn.shopify.com/s/files/1/0669/0943/8050/files/a4c83bb9.jpg?v=1782690159,,,,,,,,
Selecciones,Corea del Sur,Camiseta + Short Corea del Sur Visita 26/27 Niños,https://camarindelabuelo.cl/products/camiseta-short-corea-del-sur-visita-26-27-ninos,27990,32990,https://cdn.shopify.com/s/files/1/0669/0943/8050/files/f6599b2e_1aa32580-9f46-40e1-bcae-5a0ab8e28388.jpg?v=1780692489,https://cdn.shopify.com/s/files/1/0669/0943/8050/files/80ed091a_0b66e88c-80dc-4d62-ac00-ac4c75949e38.jpg?v=1780692489,,,,,,,,
Selecciones,Costa de Marfil,Camiseta + Short Costa de Marfil Local 26/27 Niños,https://camarindelabuelo.cl/products/camiseta-short-costa-de-marfil-local-26-27-ninos,27990,32990,https://cdn.shopify.com/s/files/1/0669/0943/8050/files/1d2b19aa-212d-4623-a4ca-335aa4cd6be3.png?v=1787752102,https://cdn.shopify.com/s/files/1/0669/0943/8050/files/World-Cup-2026-Ivory-Coast-Home-Kids-Soccer-Jersey-0.webp?v=1787752103,https://cdn.shopify.com/s/files/1/0669/0943/8050/files/World-Cup-2026-Ivory-Coast-Home-Kids-Soccer-Jersey-1.webp?v=1787752105,,,,,,,
Selecciones,Croacia,Camiseta + Short Croacia Visitante 26/27 Niños,https://camarindelabuelo.cl/products/camiseta-short-croacia-visitante-26-27-ninos,27990,32990,https://cdn.shopify.com/s/files/1/0669/0943/8050/files/3fbcdce3.jpg?v=1781373600,https://cdn.shopify.com/s/files/1/0669/0943/8050/files/49b819d8.jpg?v=1781373596,,,,,,,,
Selecciones,Croacia,Camiseta Croacia Local 26/27 Adultos [PLAYER VESION],https://camarindelabuelo.cl/products/camiseta-croacia-local-26-27-adultos-player-vesion,32990,35990,https://cdn.shopify.com/s/files/1/0669/0943/8050/files/da0a0fcf.jpg?v=1780708346,https://cdn.shopify.com/s/files/1/0669/0943/8050/files/2d1443bf.jpg?v=1780708343,,,,,,,,
Selecciones,Croacia,Camiseta Croacia Visitante 26/27 Adultos [PLAYER VESION],https://camarindelabuelo.cl/products/camiseta-croacia-visitante-26-27-adultos-player-vesion,32990,35990,https://cdn.shopify.com/s/files/1/0669/0943/8050/files/63172acf.jpg?v=1780708400,https://cdn.shopify.com/s/files/1/0669/0943/8050/files/0338c8ff.jpg?v=1780708398,,,,,,,,
Selecciones,Curazao,Camiseta Curazao Local 26/27 Adultos,https://camarindelabuelo.cl/products/camiseta-curazao-local-26-27-adultos,27990,32990,https://cdn.shopify.com/s/files/1/0669/0943/8050/files/c2201c30.jpg?v=1780934210,https://cdn.shopify.com/s/files/1/0669/0943/8050/files/d33b9472.jpg?v=1780934206,,,,,,,,
Selecciones,Curazao,Camiseta Curazao Visitante 26/27 Adultos,https://camarindelabuelo.cl/products/camiseta-curazao-visitante-26-27-adultos-1,27990,32990,https://cdn.shopify.com/s/files/1/0669/0943/8050/files/8e98e454.jpg?v=1780934379,https://cdn.shopify.com/s/files/1/0669/0943/8050/files/a0e4acba.jpg?v=1780934376,,,,,,,,
Selecciones,Ecuador,Camiseta + Short Ecuador Local 26/27 Niños,https://camarindelabuelo.cl/products/camiseta-short-ecuador-local-26-27-ninos,27990,32990,https://cdn.shopify.com/s/files/1/0669/0943/8050/files/9f53b563.jpg?v=1780762647,https://cdn.shopify.com/s/files/1/0669/0943/8050/files/4246dec4.jpg?v=1780762646,,,,,,,,
Selecciones,Ecuador,Camiseta + Short Ecuador Visitante 26/27 Niños,https://camarindelabuelo.cl/products/camiseta-short-ecuador-visitante-26-27-ninos,27990,32990,https://cdn.shopify.com/s/files/1/0669/0943/8050/files/fec4502d.jpg?v=1780762733,https://cdn.shopify.com/s/files/1/0669/0943/8050/files/da30f5e5.jpg?v=1780762731,,,,,,,,
Selecciones,Ecuador,Camiseta Ecuador Local 26/27 Adultos,https://camarindelabuelo.cl/products/camiseta-ecuador-local-26-27-adultos,27990,32990,https://cdn.shopify.com/s/files/1/0669/0943/8050/files/0d64682c.jpg?v=1780762508,https://cdn.shopify.com/s/files/1/0669/0943/8050/files/f07615d6.jpg?v=1780762505,,,,,,,,
Selecciones,Ecuador,Camiseta Ecuador Visitante 26/27 Adultos,https://camarindelabuelo.cl/products/camiseta-ecuador-visitante-26-27-adultos,27990,32990,https://cdn.shopify.com/s/files/1/0669/0943/8050/files/6f4e274e.jpg?v=1780762588,https://cdn.shopify.com/s/files/1/0669/0943/8050/files/0f54c860.jpg?v=1780762585,,,,,,,,
Selecciones,Egipto,Camiseta + Short Egipto Local 26/27 Niños,https://camarindelabuelo.cl/products/camiseta-short-egipto-local-26-27-ninos,27990,32990,https://cdn.shopify.com/s/files/1/0669/0943/8050/files/2b0b121b-99cc-415a-b7df-8c6e1e10dd11.png?v=1787406942,https://cdn.shopify.com/s/files/1/0669/0943/8050/files/World-Cup-2026-Egypt-Home-Kids-Soccer-Jersey-0.webp?v=1787406966,https://cdn.shopify.com/s/files/1/0669/0943/8050/files/World-Cup-2026-Egypt-Home-Kids-Soccer-Jersey-1.webp?v=1787406963,https://cdn.shopify.com/s/files/1/0669/0943/8050/files/World-Cup-2026-Egypt-Home-Kids-Soccer-Jersey-3.webp?v=1787406961,,,,,,
Selecciones,Egipto,Camiseta Egipto Local 26/27 Adultos,https://camarindelabuelo.cl/products/camiseta-egipto-local-26-27-adultos,27990,32990,https://cdn.shopify.com/s/files/1/0669/0943/8050/files/45bc5a2a-540d-443d-977a-f89fb03351f6.png?v=1783448277,https://cdn.shopify.com/s/files/1/0669/0943/8050/files/28718662-173e-4dfa-84a0-0a6c6fa6399f.png?v=1783448275,,,,,,,,
Selecciones,Egipto,Camiseta Egipto Visitante 26/27 Adultos,https://camarindelabuelo.cl/products/camiseta-egipto-visitante-26-27-adultos,27990,32990,https://cdn.shopify.com/s/files/1/0669/0943/8050/files/020bad5c.jpg?v=1789825550,https://cdn.shopify.com/s/files/1/0669/0943/8050/files/d4e46b1c.jpg?v=1789825553,,,,,,,,
Selecciones,Escocia,Camiseta + Short Escocia Local 26/27 Niños,https://camarindelabuelo.cl/products/camiseta-short-escocia-local-26-27-ninos,27990,32990,https://cdn.shopify.com/s/files/1/0669/0943/8050/files/11889d0c.jpg?v=1780761280,https://cdn.shopify.com/s/files/1/0669/0943/8050/files/5f67e0ad.jpg?v=1780761278,,,,,,,,
Selecciones,España,Cactus Jack Travis Scott x NK España Total 90 Adultos,https://camarindelabuelo.cl/products/cactus-jack-travis-scott-x-nk-espana-total-90-adultos,32990,36990,https://cdn.shopify.com/s/files/1/0669/0943/8050/files/34caf389.jpg?v=1789335057,https://cdn.shopify.com/s/files/1/0669/0943/8050/files/633c5f33.jpg?v=1789335059,,,,,,,,
Selecciones,España,Camiseta + Short España 2024 Niños,https://camarindelabuelo.cl/products/camiseta-short-espana-2024-ninos,27990,32990,https://cdn.shopify.com/s/files/1/0669/0943/8050/files/2cf6e507_9512d5df-efb3-49de-a2d8-5e20f2742e61.jpg?v=1788312089,https://cdn.shopify.com/s/files/1/0669/0943/8050/files/51a01378.jpg?v=1788312091,,,,,,,,
Selecciones,España,Camiseta + Short España Manga Larga 26/27 Niños,https://camarindelabuelo.cl/products/camiseta-short-espana-manga-larga-26-27-ninos,29990,32990,https://cdn.shopify.com/s/files/1/0669/0943/8050/files/9652b20f-88e2-49a4-95ef-b89c597f4171.png?v=1785870240,,,,,,,,,
Selecciones,España,Camiseta + Short España Portero 26/27 Niños,https://camarindelabuelo.cl/products/camiseta-short-espana-portero-26-27-ninos,27990,32990,https://cdn.shopify.com/s/files/1/0669/0943/8050/files/ca65651f-1aef-422a-8f45-5345eca25482.png?v=1783354455,https://cdn.shopify.com/s/files/1/0669/0943/8050/files/3aa3d35d1785feeb5760a450.jpg?v=1783354467,,,,,,,,
Selecciones,España,Camiseta España 2010 Portero Adultos,https://camarindelabuelo.cl/products/camiseta-espana-2010-portero-adultos,31990,36990,https://cdn.shopify.com/s/files/1/0669/0943/8050/files/f04c2449.jpg?v=1786142198,https://cdn.shopify.com/s/files/1/0669/0943/8050/files/24ff419a.jpg?v=1786142196,,,,,,,,
Selecciones,España,Camiseta España Local 24/25 Adultos,https://camarindelabuelo.cl/products/camiseta-espana-local-24-25-adultos,27990,32990,https://cdn.shopify.com/s/files/1/0669/0943/8050/files/d52e6f19-11b2-4ad5-a764-138ba30a2e33.png?v=1787679117,https://cdn.shopify.com/s/files/1/0669/0943/8050/files/6538ecf0.jpg?v=1787679128,https://cdn.shopify.com/s/files/1/0669/0943/8050/files/7b684131.jpg?v=1787679130,https://cdn.shopify.com/s/files/1/0669/0943/8050/files/b2d3e553.jpg?v=1787679126,,,,,,
Selecciones,España,Camiseta España Local 26/27 Adultos Manga Larga [PLAYER VESION],https://camarindelabuelo.cl/products/camiseta-espana-local-26-27-adultos-manga-larga-player-vesion,34990,35990,https://cdn.shopify.com/s/files/1/0669/0943/8050/files/d286f42a.jpg?v=1780694743,https://cdn.shopify.com/s/files/1/0669/0943/8050/files/26953dbb.jpg?v=1780694740,,,,,,,,
Selecciones,España,Camiseta España Terrace Icons Adultos,https://camarindelabuelo.cl/products/camiseta-espana-terrace-icons-adultos,28990,36990,https://cdn.shopify.com/s/files/1/0669/0943/8050/files/ee72a731.jpg?v=1784727877,https://cdn.shopify.com/s/files/1/0669/0943/8050/files/d65ad85f.jpg?v=1784727874,,,,,,,,
Selecciones,España,Camiseta España Visitante 26/27 Adultos Manga Larga [PLAYER VESION],https://camarindelabuelo.cl/products/camiseta-espana-visitante-26-27-adultos-manga-larga-player-vesion,32990,35990,https://cdn.shopify.com/s/files/1/0669/0943/8050/files/6dd8cddf.jpg?v=1780694651,https://cdn.shopify.com/s/files/1/0669/0943/8050/files/fab2a981.jpg?v=1780694646,,,,,,,,
Selecciones,España,Camiseta España Visitante 26/27 Adultos [PLAYER VESION],https://camarindelabuelo.cl/products/camiseta-espana-visitante-26-27-adultos-player-vesion,32990,35990,https://cdn.shopify.com/s/files/1/0669/0943/8050/files/cc4081cc.jpg?v=1784520291,https://cdn.shopify.com/s/files/1/0669/0943/8050/files/48a0f20a.jpg?v=1780694575,,,,,,,,
Selecciones,España,Camiseta España Visitante 26/27 Top Mujer,https://camarindelabuelo.cl/products/camiseta-espana-visitante-26-27-top-mujer,26990,32990,https://cdn.shopify.com/s/files/1/0669/0943/8050/files/bbeebfab.png?v=1786055855,https://cdn.shopify.com/s/files/1/0669/0943/8050/files/f2d5ccef.jpg?v=1786055851,,,,,,,,
Selecciones,España,Camiseta España Visitante Edición Especial Aitana 26/27 Mujer,https://camarindelabuelo.cl/products/camiseta-espana-visitante-edicion-especial-aitana-26-27-mujer,31990,32990,https://cdn.shopify.com/s/files/1/0669/0943/8050/files/345b067d-9aca-4845-87c2-eac8c7604736.png?v=1785476992,https://cdn.shopify.com/s/files/1/0669/0943/8050/files/23eb8577-b7d1-42c7-bee3-a28ec572ab47.png?v=1785476822,,,,,,,,
Selecciones,España,Short España Local 26/27,https://camarindelabuelo.cl/products/short-espana-26-27,23990,,https://cdn.shopify.com/s/files/1/0669/0943/8050/files/a4c457ac.jpg?v=1781473112,https://cdn.shopify.com/s/files/1/0669/0943/8050/files/d2690dfd.jpg?v=1781473110,,,,,,,,
Selecciones,España,Short España Visitante 26/27,https://camarindelabuelo.cl/products/short-espana-visitante-26-27,23990,,https://cdn.shopify.com/s/files/1/0669/0943/8050/files/05c214a7.jpg?v=1781473288,https://cdn.shopify.com/s/files/1/0669/0943/8050/files/aa0009a0.jpg?v=1781473285,,,,,,,,
Selecciones,Estados Unidos,Camiseta + Short Estados Unidos Local 26/27 Niños,https://camarindelabuelo.cl/products/camiseta-short-estados-unidos-local-26-27-ninos-1,27990,32990,https://cdn.shopify.com/s/files/1/0669/0943/8050/files/e3a3390a-7035-46b3-84f6-89703fce0e40.png?v=1782880095,,,,,,,,,
Selecciones,Estados Unidos,Camiseta + Short Estados Unidos Visitante 26/27 Niños,https://camarindelabuelo.cl/products/camiseta-short-estados-unidos-local-26-27-ninos,27990,32990,https://cdn.shopify.com/s/files/1/0669/0943/8050/files/00dc09ce.jpg?v=1781277037,https://cdn.shopify.com/s/files/1/0669/0943/8050/files/b06c8cde.jpg?v=1781277029,,,,,,,,
Selecciones,Estados Unidos,Camiseta Estados Unidos Local 26/27 Adultos,https://camarindelabuelo.cl/products/camiseta-estados-unidos-local-26-27-adultos,27990,32990,https://cdn.shopify.com/s/files/1/0669/0943/8050/files/71f0259e.jpg?v=1781276178,https://cdn.shopify.com/s/files/1/0669/0943/8050/files/7919f166.jpg?v=1781276175,,,,,,,,
Selecciones,Estados Unidos,Camiseta Estados Unidos Local 26/27 Adultos [PLAYER VERSION],https://camarindelabuelo.cl/products/camiseta-estados-unidos-local-26-27-adultos-player-vesion,32990,35990,https://cdn.shopify.com/s/files/1/0669/0943/8050/files/50802f25.jpg?v=1781278040,https://cdn.shopify.com/s/files/1/0669/0943/8050/files/11e808fc.jpg?v=1781278039,,,,,,,,
Selecciones,Estados Unidos,Camiseta Estados Unidos Local 26/27 Mujer,https://camarindelabuelo.cl/products/camiseta-estados-unidos-local-26-27-mujer,27990,32990,https://cdn.shopify.com/s/files/1/0669/0943/8050/files/b2748967_1.jpg?v=1781278024,https://cdn.shopify.com/s/files/1/0669/0943/8050/files/e51c8631.jpg?v=1781278022,,,,,,,,
Selecciones,Estados Unidos,Camiseta Estados Unidos Portero Manga Larga 26/27 Adultos,https://camarindelabuelo.cl/products/camiseta-estados-unidos-portero-manga-larga-26-27-adultos,29990,31990,https://cdn.shopify.com/s/files/1/0669/0943/8050/files/d75ded97.jpg?v=1780762207,https://cdn.shopify.com/s/files/1/0669/0943/8050/files/f6fda7a1.jpg?v=1780762204,,,,,,,,
Selecciones,Estados Unidos,Camiseta Estados Unidos Visitante 26/27 Adultos,https://camarindelabuelo.cl/products/camiseta-estados-unidos-visitante-26-27-adultos,27990,32990,https://cdn.shopify.com/s/files/1/0669/0943/8050/files/e05f54e5.jpg?v=1781276971,https://cdn.shopify.com/s/files/1/0669/0943/8050/files/6e7e6136.jpg?v=1781276975,,,,,,,,
Selecciones,Estados Unidos,Camiseta Estados Unidos Visitante 26/27 Adultos [PLAYER VESION],https://camarindelabuelo.cl/products/camiseta-estados-unidos-visitante-26-27-adultos-player-vesion,32990,35990,https://cdn.shopify.com/s/files/1/0669/0943/8050/files/71ca916b.jpg?v=1781278041,https://cdn.shopify.com/s/files/1/0669/0943/8050/files/b051cac1.jpg?v=1781278042,,,,,,,,
Selecciones,Francia,Camiseta + Short Francia Local 1998 Niños,https://camarindelabuelo.cl/products/camiseta-short-francia-local-1998-ninos,29990,32990,https://cdn.shopify.com/s/files/1/0669/0943/8050/files/ffa3cd1a.jpg?v=1787751719,https://cdn.shopify.com/s/files/1/0669/0943/8050/files/80d1e8d8.jpg?v=1787751722,,,,,,,,
Selecciones,Francia,Camiseta Francia 1998 Visitante Adultos,https://camarindelabuelo.cl/products/camiseta-francia-1998-visitante-adultos,31990,36990,https://cdn.shopify.com/s/files/1/0669/0943/8050/files/5141980e.jpg?v=1783870833,https://cdn.shopify.com/s/files/1/0669/0943/8050/files/cfe9ad46.jpg?v=1783870830,,,,,,,,
Selecciones,Francia,Camiseta Francia 2018 Local Adultos,https://camarindelabuelo.cl/products/camiseta-francia-2018-local-adultos,31990,36990,https://cdn.shopify.com/s/files/1/0669/0943/8050/files/bc01cfa8.jpg?v=1784901261,https://cdn.shopify.com/s/files/1/0669/0943/8050/files/a74cb02e.jpg?v=1784901259,,,,,,,,
Selecciones,Francia,Camiseta Francia Local 26/27 Mujer,https://camarindelabuelo.cl/products/camiseta-francia-local-26-27-mujer,27990,32990,https://cdn.shopify.com/s/files/1/0669/0943/8050/files/6b5eb172.jpg?v=1780759882,https://cdn.shopify.com/s/files/1/0669/0943/8050/files/c6e91411.jpg?v=1780759880,,,,,,,,
Selecciones,Francia,Camiseta Francia Portero Manga Larga 26/27 Adultos,https://camarindelabuelo.cl/products/camiseta-francia-portero-manga-larga-26-27-adultos,29990,31990,https://cdn.shopify.com/s/files/1/0669/0943/8050/files/b417cb7a.jpg?v=1780762296,https://cdn.shopify.com/s/files/1/0669/0943/8050/files/e84e4aae.jpg?v=1780762293,,,,,,,,
Selecciones,Francia,Camiseta Francia Visitante 26/27 Adultos [PLAYER VESION],https://camarindelabuelo.cl/products/camiseta-francia-visitante-26-27-adultos-player-vesion,32990,35990,https://cdn.shopify.com/s/files/1/0669/0943/8050/files/4c2643f7.jpg?v=1780693992,https://cdn.shopify.com/s/files/1/0669/0943/8050/files/18a0c553.jpg?v=1780693989,,,,,,,,
Selecciones,Francia,Camiseta Francia Visitante Manga Larga 26/27 Adultos,https://camarindelabuelo.cl/products/camiseta-francia-visitante-manga-larga-26-27-adultos,29990,32990,https://cdn.shopify.com/s/files/1/0669/0943/8050/files/5b60d8a7.jpg?v=1784428626,https://cdn.shopify.com/s/files/1/0669/0943/8050/files/dc5f68a2.jpg?v=1784428622,,,,,,,,
Selecciones,Francia,Short Francia Local 26/27,https://camarindelabuelo.cl/products/short-argentina-local-26-28,23990,,https://cdn.shopify.com/s/files/1/0669/0943/8050/files/6668b08f.jpg?v=1781475317,https://cdn.shopify.com/s/files/1/0669/0943/8050/files/a26f1b8f.jpg?v=1781475313,,,,,,,,
Selecciones,Francia,Short Francia Visitante 26/27,https://camarindelabuelo.cl/products/short-francia-visitante-26-27,23990,,https://cdn.shopify.com/s/files/1/0669/0943/8050/files/05dd003d.jpg?v=1781475571,https://cdn.shopify.com/s/files/1/0669/0943/8050/files/3ac09e7c.jpg?v=1781475569,,,,,,,,
Selecciones,Haití,Camiseta Haití Local 26/27 Adultos,https://camarindelabuelo.cl/products/camiseta-haiti-local-26-27-adultos,27990,32990,https://cdn.shopify.com/s/files/1/0669/0943/8050/files/e95890e5.jpg?v=1780950351,https://cdn.shopify.com/s/files/1/0669/0943/8050/files/5249341a.jpg?v=1780950349,,,,,,,,
Selecciones,Haití,Camiseta Haití Visitante 26/27 Adultos,https://camarindelabuelo.cl/products/camiseta-haiti-visitante-26-27-adultos,27990,32990,https://cdn.shopify.com/s/files/1/0669/0943/8050/files/a84d15f5.jpg?v=1781452429,https://cdn.shopify.com/s/files/1/0669/0943/8050/files/3a796245.jpg?v=1781452427,,,,,,,,
Selecciones,Inglaterra,Cactus Jack Travis Scott x NK Inglaterra Total 90 Adultos,https://camarindelabuelo.cl/products/cactus-jack-travis-scott-x-nk-inglaterra-total-90-adultos,32990,36990,https://cdn.shopify.com/s/files/1/0669/0943/8050/files/95e07fe0.jpg?v=1789334946,https://cdn.shopify.com/s/files/1/0669/0943/8050/files/a84bd96e.jpg?v=1789334948,,,,,,,,
Selecciones,Inglaterra,Camiseta + Short Inglaterra Portero 26/27 Niños,https://camarindelabuelo.cl/products/camiseta-short-inglaterra-portero-26-27-ninos,28990,32990,https://cdn.shopify.com/s/files/1/0669/0943/8050/files/bf6a4eb3.jpg?v=1781529939,https://cdn.shopify.com/s/files/1/0669/0943/8050/files/0a6c1aee.jpg?v=1781529937,,,,,,,,
Selecciones,Inglaterra,Camiseta + Short Inglaterra Portero Amarillo 26/27 Niños,https://camarindelabuelo.cl/products/camiseta-short-inglaterra-portero-amarillo-26-27-ninos,28990,32990,https://cdn.shopify.com/s/files/1/0669/0943/8050/files/fec4b274.jpg?v=1781529996,https://cdn.shopify.com/s/files/1/0669/0943/8050/files/ddaed35e.jpg?v=1781529994,,,,,,,,
Selecciones,Inglaterra,Camiseta + Short Inglaterra Visitante 26/27 Niños,https://camarindelabuelo.cl/products/camiseta-short-inglaterra-visitante-26-27-ninos,27990,32990,https://cdn.shopify.com/s/files/1/0669/0943/8050/files/ac38dbcb.jpg?v=1788103455,https://cdn.shopify.com/s/files/1/0669/0943/8050/files/cd287129.jpg?v=1788103459,,,,,,,,
Selecciones,Inglaterra,Camiseta Inglaterra 1996 Adultos,https://camarindelabuelo.cl/products/camiseta-inglaterra-1996-adultos,31990,36990,https://cdn.shopify.com/s/files/1/0669/0943/8050/files/1b3bc801.jpg?v=1786663894,https://cdn.shopify.com/s/files/1/0669/0943/8050/files/b0f3018f.jpg?v=1786663891,,,,,,,,
Selecciones,Inglaterra,Camiseta Inglaterra 1998 Adultos,https://camarindelabuelo.cl/products/camiseta-inglaterra-1998-adultos,31990,36990,https://cdn.shopify.com/s/files/1/0669/0943/8050/files/44b0bfd8.jpg?v=1784671176,https://cdn.shopify.com/s/files/1/0669/0943/8050/files/a97c3966.jpg?v=1784671174,,,,,,,,
Selecciones,Inglaterra,Camiseta Inglaterra Local 1990 Adultos,https://camarindelabuelo.cl/products/camiseta-inglaterra-local-1990-adultos,31990,36990,https://cdn.shopify.com/s/files/1/0669/0943/8050/files/882a9a4f.jpg?v=1786663837,https://cdn.shopify.com/s/files/1/0669/0943/8050/files/d4972be2.jpg?v=1786663834,,,,,,,,
Selecciones,Inglaterra,Camiseta Inglaterra Local 26/27 Adultos Manga Larga,https://camarindelabuelo.cl/products/camiseta-inglaterra-local-26-27-adultos-manga-larga,29990,32990,https://cdn.shopify.com/s/files/1/0669/0943/8050/files/e59c2ea2.jpg?v=1780692815,https://cdn.shopify.com/s/files/1/0669/0943/8050/files/c7228664.jpg?v=1780692813,,,,,,,,
Selecciones,Inglaterra,Camiseta Inglaterra Local 26/27 Mujer,https://camarindelabuelo.cl/products/camiseta-inglaterra-local-26-27-mujer,27990,32990,https://cdn.shopify.com/s/files/1/0669/0943/8050/files/d4ed6f64.jpg?v=1780760521,https://cdn.shopify.com/s/files/1/0669/0943/8050/files/2884c8b6.jpg?v=1780760518,,,,,,,,
Selecciones,Inglaterra,Camiseta Inglaterra Local Manga Larga 1998 Adultos,https://camarindelabuelo.cl/products/camiseta-inglaterra-local-manga-larga-1998-adultos,34990,36990,https://cdn.shopify.com/s/files/1/0669/0943/8050/files/31b8929b.jpg?v=1786663949,https://cdn.shopify.com/s/files/1/0669/0943/8050/files/b9aaad26.jpg?v=1786663947,,,,,,,,
Selecciones,Inglaterra,Camiseta Inglaterra Portero Manga Larga 26/27 Adultos,https://camarindelabuelo.cl/products/camiseta-inglaterra-portero-manga-larga-26-27-adultos,29990,31990,https://cdn.shopify.com/s/files/1/0669/0943/8050/files/64ff0689.jpg?v=1780762349,https://cdn.shopify.com/s/files/1/0669/0943/8050/files/7f7e471b.jpg?v=1780762347,,,,,,,,
Selecciones,Inglaterra,Camiseta Inglaterra Versión Pato Donald 26/27 Adultos,https://camarindelabuelo.cl/products/camiseta-inglaterra-version-pato-donald-26-27-adultos,27990,32990,https://cdn.shopify.com/s/files/1/0669/0943/8050/files/5413c7a3.jpg?v=1786664121,https://cdn.shopify.com/s/files/1/0669/0943/8050/files/075cf58d.jpg?v=1786664118,,,,,,,,
Selecciones,Inglaterra,Camiseta Inglaterra Visita 26/27 Adultos Manga Larga,https://camarindelabuelo.cl/products/camiseta-inglaterra-visita-26-27-adultos-manga-larga,29990,32990,https://cdn.shopify.com/s/files/1/0669/0943/8050/files/995f26e6.jpg?v=1780692753,https://cdn.shopify.com/s/files/1/0669/0943/8050/files/233683e4.jpg?v=1780692752,,,,,,,,
Selecciones,Inglaterra,Camiseta Inglaterra Visitante 26/27 Adultos [PLAYER VESION],https://camarindelabuelo.cl/products/camiseta-inglaterra-visitante-26-27-adultos-player-vesion,32990,35990,https://cdn.shopify.com/s/files/1/0669/0943/8050/files/6e7ee8ed.jpg?v=1780695451,https://cdn.shopify.com/s/files/1/0669/0943/8050/files/721b3ad6.jpg?v=1780695447,,,,,,,,
Selecciones,Inglaterra,Short Inglaterra Local 26/27,https://camarindelabuelo.cl/products/short-inglaterra-local-26-27-copia,23990,,https://cdn.shopify.com/s/files/1/0669/0943/8050/files/6406cca7.jpg?v=1783390864,https://cdn.shopify.com/s/files/1/0669/0943/8050/files/e0e7c6e5.jpg?v=1783390861,,,,,,,,
Selecciones,Irán,Camiseta Irán Local 26/27 Adultos,https://camarindelabuelo.cl/products/camiseta-iran-local-26-27-adultos,27990,32990,https://cdn.shopify.com/s/files/1/0669/0943/8050/files/6a9c14a8.jpg?v=1783607691,https://cdn.shopify.com/s/files/1/0669/0943/8050/files/d7ebd850.jpg?v=1783607687,,,,,,,,
Selecciones,Italia,Camiseta + Short Italia Local 1996 Niños,https://camarindelabuelo.cl/products/camiseta-short-italia-local-1996-ninos,31990,32990,https://cdn.shopify.com/s/files/1/0669/0943/8050/files/M47A0465.jpg?v=1781929999,https://cdn.shopify.com/s/files/1/0669/0943/8050/files/M47A0458.jpg?v=1781929999,,,,,,,,
Selecciones,Italia,Camiseta Italia 1994 Local Manga Larga Adultos,https://camarindelabuelo.cl/products/camiseta-italia-1994-local-manga-larga-adultos,34990,36990,https://cdn.shopify.com/s/files/1/0669/0943/8050/files/M47A5697.jpg?v=1781983808,https://cdn.shopify.com/s/files/1/0669/0943/8050/files/M47A5694.jpg?v=1781983808,,,,,,,,
Selecciones,Italia,Camiseta Italia 1994 Visitante Adultos,https://camarindelabuelo.cl/products/camiseta-italia-1994-visitante-adultos,31990,36990,https://cdn.shopify.com/s/files/1/0669/0943/8050/files/b52b5e69.jpg?v=1785679764,https://cdn.shopify.com/s/files/1/0669/0943/8050/files/739fca8c.jpg?v=1785679761,,,,,,,,
Selecciones,Italia,Camiseta Italia 1998 Local Adultos,https://camarindelabuelo.cl/products/camiseta-italia-1998-local-adultos,31990,36990,https://cdn.shopify.com/s/files/1/0669/0943/8050/files/901e7836.jpg?v=1782523875,https://cdn.shopify.com/s/files/1/0669/0943/8050/files/ae8ce0c5.jpg?v=1782523873,,,,,,,,
Selecciones,Italia,Camiseta Italia 2000 Local Adultos,https://camarindelabuelo.cl/products/camiseta-italia-2000-local-adultos,31990,36990,https://cdn.shopify.com/s/files/1/0669/0943/8050/files/M47A3976.jpg?v=1781983627,https://cdn.shopify.com/s/files/1/0669/0943/8050/files/M47A3971.jpg?v=1781983627,,,,,,,,
Selecciones,Italia,Camiseta Italia 2012 Local Adultos,https://camarindelabuelo.cl/products/camiseta-italia-2012-local-adultos,31990,36990,https://cdn.shopify.com/s/files/1/0669/0943/8050/files/M47A6851.jpg?v=1781983551,https://cdn.shopify.com/s/files/1/0669/0943/8050/files/M47A6847.jpg?v=1781983551,,,,,,,,
Selecciones,Jamaica,Camiseta Jamaica Local 26/27 Adultos [PLAYER VESION],https://camarindelabuelo.cl/products/camiseta-jamaica-local-26-27-adultos-player-vesion,32990,35990,https://cdn.shopify.com/s/files/1/0669/0943/8050/files/88b9a6af.jpg?v=1780709313,https://cdn.shopify.com/s/files/1/0669/0943/8050/files/73433a8b.jpg?v=1780709307,,,,,,,,
Selecciones,Jamaica,Camiseta Jamaica Visitante 26/27 Adultos [PLAYER VESION],https://camarindelabuelo.cl/products/camiseta-jamaica-local-26-27-adultos-player-vesion-copia,32990,35990,https://cdn.shopify.com/s/files/1/0669/0943/8050/files/97c58cd7.jpg?v=1780708969,https://cdn.shopify.com/s/files/1/0669/0943/8050/files/b6321cd6.jpg?v=1780708966,,,,,,,,
Selecciones,Japón,Camiseta + Short Japón Visitante 26/27 Niños,https://camarindelabuelo.cl/products/camiseta-short-japon-visitante-26-27-ninos,27990,32990,https://cdn.shopify.com/s/files/1/0669/0943/8050/files/efa7169c-eaf1-41bd-b6fd-ad1ad2bd53c6.png?v=1780934984,https://cdn.shopify.com/s/files/1/0669/0943/8050/files/1a8e9603.jpg?v=1780934964,https://cdn.shopify.com/s/files/1/0669/0943/8050/files/b497b5e5.jpg?v=1780934963,,,,,,,
Selecciones,Japón,Camiseta Japón 94/95 Adultos,https://camarindelabuelo.cl/products/camiseta-japon-94-95-adultos,32990,34990,https://cdn.shopify.com/s/files/1/0669/0943/8050/files/737f540a.jpg?v=1783177364,https://cdn.shopify.com/s/files/1/0669/0943/8050/files/0f4381cb.jpg?v=1783177362,,,,,,,,
Selecciones,Japón,Camiseta Japón Edición Dragón Adultos,https://camarindelabuelo.cl/products/camiseta-japon-edicion-dragon-adultos,27990,32990,https://cdn.shopify.com/s/files/1/0669/0943/8050/files/08b7d9ef.jpg?v=1781374169,https://cdn.shopify.com/s/files/1/0669/0943/8050/files/b1d56a6d.jpg?v=1781374165,,,,,,,,
Selecciones,Japón,Camiseta Japón Edición Especial Anime Itachi Uchiha Adultos,https://camarindelabuelo.cl/products/camiseta-japon-ed-112-adultos,28990,32990,https://cdn.shopify.com/s/files/1/0669/0943/8050/files/2673ceb6-aa49-41cd-9444-93cbb771b748.png?v=1787273884,https://cdn.shopify.com/s/files/1/0669/0943/8050/files/5088aaaf.jpg?v=1787273911,,,,,,,,
Selecciones,Japón,Camiseta Japón Edición Especial Anime Legends Manga Azul Adultos,https://camarindelabuelo.cl/products/camiseta-japon-edicion-especial-anime-legends-manga-azul-adultos,28990,32990,https://cdn.shopify.com/s/files/1/0669/0943/8050/files/07658957-352b-419d-9f7b-7c38caf38a48_1.png?v=1787325121,https://cdn.shopify.com/s/files/1/0669/0943/8050/files/833ad991.jpg?v=1787325106,https://cdn.shopify.com/s/files/1/0669/0943/8050/files/4a902b4d.jpg?v=1787325108,https://cdn.shopify.com/s/files/1/0669/0943/8050/files/eccf0860.jpg?v=1787325110,,,,,,
Selecciones,Japón,Camiseta Japón Edición Especial Dragon Ball Gokú Evoluciones Adultos,https://camarindelabuelo.cl/products/camiseta-japon-edicion-especial-dragon-ball-goku-evoluciones-adultos,28990,32990,https://cdn.shopify.com/s/files/1/0669/0943/8050/files/a1c7c9b2-8630-46c4-83dc-d9699b834497.png?v=1787323743,https://cdn.shopify.com/s/files/1/0669/0943/8050/files/ba25dcc6.jpg?v=1787323653,https://cdn.shopify.com/s/files/1/0669/0943/8050/files/001d1740.jpg?v=1787323655,,,,,,,
Selecciones,Japón,Camiseta Japón Edición Especial Dragon Ball Gokú Saiyajin Adultos,https://camarindelabuelo.cl/products/camiseta-japon-ed-102-adultos,28990,32990,https://cdn.shopify.com/s/files/1/0669/0943/8050/files/75ebd4a8-b554-460b-9d14-6316facde8a3.png?v=1787272150,https://cdn.shopify.com/s/files/1/0669/0943/8050/files/21a3f8f7.jpg?v=1787272164,https://cdn.shopify.com/s/files/1/0669/0943/8050/files/f7ebbd8f.jpg?v=1787272166,,,,,,,
Selecciones,Japón,Camiseta Japón Edición Especial Dragon Ball Gokú Sakura Adultos,https://camarindelabuelo.cl/products/camiseta-japon-edicion-especial-dragon-ball-goku-sakura-adultos,28990,32990,https://cdn.shopify.com/s/files/1/0669/0943/8050/files/3aaeaa49-8ef8-425e-bf16-2cd1ad171e4f.png?v=1787323390,https://cdn.shopify.com/s/files/1/0669/0943/8050/files/f27de263.jpg?v=1787323307,https://cdn.shopify.com/s/files/1/0669/0943/8050/files/f5c10a48.jpg?v=1787323305,,,,,,,
Selecciones,Japón,Camiseta Japón Edición Especial Dragon Ball Gokú Super Saiyajin Blue Adultos,https://camarindelabuelo.cl/products/camiseta-japon-edicion-especial-dragon-ball-goku-super-saiyajin-blue-adultos,28990,32990,https://cdn.shopify.com/s/files/1/0669/0943/8050/files/5ea51144-c6c3-432e-89cf-677019f62252.png?v=1787324200,https://cdn.shopify.com/s/files/1/0669/0943/8050/files/8bc18a0b.jpg?v=1787324188,https://cdn.shopify.com/s/files/1/0669/0943/8050/files/ed24e4c8.jpg?v=1787324187,,,,,,,
Selecciones,Japón,Camiseta Japón Edición Especial Dragon Ball Gokú Ultra Instinto Adultos,https://camarindelabuelo.cl/products/camiseta-japon-edicion-especial-dragon-ball-goku-ultra-instinto-adultos,28990,32990,https://cdn.shopify.com/s/files/1/0669/0943/8050/files/67b4146f-3e1f-44b4-a292-28f62ef5b57a.png?v=1787324444,https://cdn.shopify.com/s/files/1/0669/0943/8050/files/9d9270f6.jpg?v=1787324446,https://cdn.shopify.com/s/files/1/0669/0943/8050/files/a398de4a.jpg?v=1787324449,,,,,,,
Selecciones,Japón,Camiseta Japón Edición Especial Dragon Ball Gokú Ultra Instinto Manga Adultos,https://camarindelabuelo.cl/products/camiseta-japon-edicion-especial-dragon-ball-goku-ultra-instinto-manga-adultos,28990,32990,https://cdn.shopify.com/s/files/1/0669/0943/8050/files/74834fed-194d-4fbc-af4e-28d592768043.png?v=1787324608,https://cdn.shopify.com/s/files/1/0669/0943/8050/files/32fa06d1.jpg?v=1787324569,https://cdn.shopify.com/s/files/1/0669/0943/8050/files/c8f191b6.jpg?v=1787324570,,,,,,,
Selecciones,Japón,Camiseta Japón Edición Especial El Viaje de Chihiro Anime Adultos,https://camarindelabuelo.cl/products/camiseta-japon-ed-107-adultos,28990,32990,https://cdn.shopify.com/s/files/1/0669/0943/8050/files/ce690000-51f3-4976-b4be-4e669a457b41.png?v=1787272883,https://cdn.shopify.com/s/files/1/0669/0943/8050/files/1f32ea7b.jpg?v=1787272896,https://cdn.shopify.com/s/files/1/0669/0943/8050/files/3b45ecfb.jpg?v=1787272894,,,,,,,
Selecciones,Japón,Camiseta Japón Edición Especial Kitsune Sakura Adultos,https://camarindelabuelo.cl/products/camiseta-japon-ed-106-adultos,28990,32990,https://cdn.shopify.com/s/files/1/0669/0943/8050/files/90f8ab0d-c5ed-4c34-a934-32ff327f287e.png?v=1787272534,https://cdn.shopify.com/s/files/1/0669/0943/8050/files/714e5ca3.jpg?v=1787272516,https://cdn.shopify.com/s/files/1/0669/0943/8050/files/c81f5575.jpg?v=1787272518,,,,,,,
Selecciones,Japón,Camiseta Japón Edición Especial Naruto Obito Uchiha Adultos,https://camarindelabuelo.cl/products/camiseta-japon-ed-104-adultos,28990,32990,https://cdn.shopify.com/s/files/1/0669/0943/8050/files/f61f2725-10e5-4e59-b346-ed94db188951_1.png?v=1787272373,https://cdn.shopify.com/s/files/1/0669/0943/8050/files/18fb314e.jpg?v=1787272356,https://cdn.shopify.com/s/files/1/0669/0943/8050/files/2d0dcaf2.jpg?v=1787272356,,,,,,,
Selecciones,Japón,Camiseta Japón Edición Especial Naruto Uzumaki Modo Sabio Adultos,https://camarindelabuelo.cl/products/camiseta-japon-edicion-especial-naruto-uzumaki-modo-sabio-adultos,28990,32990,https://cdn.shopify.com/s/files/1/0669/0943/8050/files/91ffde36-0e5c-4484-b207-a02d017b5eca.png?v=1787324325,https://cdn.shopify.com/s/files/1/0669/0943/8050/files/8c952b72.jpg?v=1787324268,https://cdn.shopify.com/s/files/1/0669/0943/8050/files/11774a7d.jpg?v=1787324270,,,,,,,
Selecciones,Japón,Camiseta Japón Edición Especial One Piece Luffy Adultos,https://camarindelabuelo.cl/products/camiseta-japon-ed-110-adultos,28990,32990,https://cdn.shopify.com/s/files/1/0669/0943/8050/files/3ac21def-ddcc-46bd-9e64-f5f001de8ebe.png?v=1787273169,https://cdn.shopify.com/s/files/1/0669/0943/8050/files/6ef7f5cf.jpg?v=1787273156,https://cdn.shopify.com/s/files/1/0669/0943/8050/files/f9dd7126.jpg?v=1787273160,,,,,,,
Selecciones,Japón,Camiseta Japón Edición Especial One Piece Luffy Adultos,https://camarindelabuelo.cl/products/camiseta-japon-ed-105-adultos,28990,32990,https://cdn.shopify.com/s/files/1/0669/0943/8050/files/bbac0624-7c23-47ad-8024-85cf08b7a63f.png?v=1787272409,https://cdn.shopify.com/s/files/1/0669/0943/8050/files/7da66fd7.jpg?v=1787272426,https://cdn.shopify.com/s/files/1/0669/0943/8050/files/99973d11.jpg?v=1787272429,,,,,,,
Selecciones,Japón,Camiseta Japón Edición Especial One Piece Luffy Fuego Adultos,https://camarindelabuelo.cl/products/camiseta-japon-ed-108-adultos,28990,32990,https://cdn.shopify.com/s/files/1/0669/0943/8050/files/1fc75538-53e7-423d-96e8-6b872442932b.png?v=1787273022,https://cdn.shopify.com/s/files/1/0669/0943/8050/files/65193d8a.jpg?v=1787272969,https://cdn.shopify.com/s/files/1/0669/0943/8050/files/5a6fb4a2.jpg?v=1787272967,,,,,,,
Selecciones,Japón,Camiseta Japón Edición Especial One Piece Luffy Gran Tripulación Adultos,https://camarindelabuelo.cl/products/camiseta-japon-edicion-especial-one-piece-luffy-gran-tripulacion-adultos,28990,32990,https://cdn.shopify.com/s/files/1/0669/0943/8050/files/cbf85c13-ef0d-4f47-ba50-c2e1a3fd734f.png?v=1787323569,https://cdn.shopify.com/s/files/1/0669/0943/8050/files/d17a51f5.jpg?v=1787323586,https://cdn.shopify.com/s/files/1/0669/0943/8050/files/cd808170.jpg?v=1787323584,,,,,,,
Selecciones,Japón,Camiseta Japón Edición Especial One Piece Luffy Sol Naciente Adultos,https://camarindelabuelo.cl/products/camiseta-japon-ed-103-adultos,28990,32990,https://cdn.shopify.com/s/files/1/0669/0943/8050/files/e05fb6c9-140f-4f29-9b6e-95a3dd0c6089.png?v=1787272222,https://cdn.shopify.com/s/files/1/0669/0943/8050/files/479e61bf.jpg?v=1787272221,https://cdn.shopify.com/s/files/1/0669/0943/8050/files/7c3703ea.jpg?v=1787272224,,,,,,,
Selecciones,Japón,Camiseta Japón Edición Especial One Piece Roronoa Zoro Dragón Adultos,https://camarindelabuelo.cl/products/camiseta-japon-edicion-especial-dragon-ball-goku-evoluciones-adultos-1,28990,32990,https://cdn.shopify.com/s/files/1/0669/0943/8050/files/c81e9b41-423d-438d-856f-f1c53c4ccad1.png?v=1787323874,https://cdn.shopify.com/s/files/1/0669/0943/8050/files/93909c57.jpg?v=1787323885,https://cdn.shopify.com/s/files/1/0669/0943/8050/files/6791aaf0.jpg?v=1787323887,,,,,,,
Selecciones,Japón,Camiseta Japón Edición Especial One Piece Roronoa Zoro Samurai Adultos,https://camarindelabuelo.cl/products/camiseta-japon-ed-101-adultos,28990,32990,https://cdn.shopify.com/s/files/1/0669/0943/8050/files/29f327f8-788b-4108-b2c5-8245df743e2c.png?v=1787271963,https://cdn.shopify.com/s/files/1/0669/0943/8050/files/b174ac80_1.jpg?v=1787272098,,,,,,,,
Selecciones,Japón,Camiseta Japón Edición Especial Retro Celeste Adultos,https://camarindelabuelo.cl/products/camiseta-japon-edicion-especial-retro-celeste-adultos,28990,32990,https://cdn.shopify.com/s/files/1/0669/0943/8050/files/44094e35-761c-468d-93fe-921543f87f17.png?v=1787325380,https://cdn.shopify.com/s/files/1/0669/0943/8050/files/a0453f4b.jpg?v=1787325369,https://cdn.shopify.com/s/files/1/0669/0943/8050/files/5e279f90.jpg?v=1787325371,,,,,,,
Selecciones,Japón,Camiseta Japón Edición Especial Samurai Imperial Adultos,https://camarindelabuelo.cl/products/camiseta-japon-ed-106-adultos-1,28990,32990,https://cdn.shopify.com/s/files/1/0669/0943/8050/files/60cac02c-1ec1-4f0d-a95a-9bfd1e7d59b7.png?v=1787272676,https://cdn.shopify.com/s/files/1/0669/0943/8050/files/b49648b4.jpg?v=1787272678,https://cdn.shopify.com/s/files/1/0669/0943/8050/files/11d97c7b.jpg?v=1787272680,,,,,,,
Selecciones,Japón,Camiseta Japón Edición Especial Samurai Japonés Adultos,https://camarindelabuelo.cl/products/camiseta-japon-ed-109-adultos,28990,32990,https://cdn.shopify.com/s/files/1/0669/0943/8050/files/5296dbdf-dbec-4520-be9f-dca3eb0a7858.png?v=1787273077,https://cdn.shopify.com/s/files/1/0669/0943/8050/files/1ddbfc78.jpg?v=1787273072,https://cdn.shopify.com/s/files/1/0669/0943/8050/files/af476b79.jpg?v=1787273072,,,,,,,
Selecciones,Japón,Camiseta Japón Edición Especial Samurai Sol Naciente Adultos,https://camarindelabuelo.cl/products/camiseta-japon-edicion-especial-samurai-sol-naciente-adultos,28990,32990,https://cdn.shopify.com/s/files/1/0669/0943/8050/files/193cf61a-0ae2-4357-908c-f3541f89dc42.png?v=1787324767,https://cdn.shopify.com/s/files/1/0669/0943/8050/files/dfd310fa.jpg?v=1787324650,https://cdn.shopify.com/s/files/1/0669/0943/8050/files/1c6a1259.jpg?v=1787324652,,,,,,,
Selecciones,Japón,Camiseta Japón Edición Especial Super Campeones Manga Azul Adultos,https://camarindelabuelo.cl/products/camiseta-japon-edicion-especial-super-campeones-manga-azul-adultos,28990,32990,https://cdn.shopify.com/s/files/1/0669/0943/8050/files/076621c0-389d-4ded-8ccd-20107e30113e.png?v=1787324008,https://cdn.shopify.com/s/files/1/0669/0943/8050/files/d5f84237.jpg?v=1787323982,https://cdn.shopify.com/s/files/1/0669/0943/8050/files/f167f277.jpg?v=1787323981,,,,,,,
Selecciones,Japón,Camiseta Japón Edición Especial Super Campeones Oliver Atom Adultos,https://camarindelabuelo.cl/products/camiseta-japon-ed-111-adultos,28990,32990,https://cdn.shopify.com/s/files/1/0669/0943/8050/files/aedaf816-f6de-4a94-86c8-9fb510ad205d.png?v=1787273560,https://cdn.shopify.com/s/files/1/0669/0943/8050/files/45f109b8.jpg?v=1787273520,https://cdn.shopify.com/s/files/1/0669/0943/8050/files/cf13bfbb.jpg?v=1787273522,,,,,,,
Selecciones,Japón,Camiseta Japón Edición Especial Águila Imperial Adultos,https://camarindelabuelo.cl/products/camiseta-japon-edicion-especial-aguila-imperial-adultos,28990,32990,https://cdn.shopify.com/s/files/1/0669/0943/8050/files/6c17eccd-bcc1-4203-8ef2-ad99528b1269.png?v=1787324116,https://cdn.shopify.com/s/files/1/0669/0943/8050/files/7fdea23e.jpg?v=1787324083,https://cdn.shopify.com/s/files/1/0669/0943/8050/files/ed0b50b3.jpg?v=1787324081,,,,,,,
Selecciones,Japón,Camiseta Japón Edición Gokú Adultos,https://camarindelabuelo.cl/products/camiseta-japon-local-26-27-adultos-copia,27990,32990,https://cdn.shopify.com/s/files/1/0669/0943/8050/files/99508d56.jpg?v=1781374111,https://cdn.shopify.com/s/files/1/0669/0943/8050/files/20a9e776.jpg?v=1781374108,,,,,,,,
Selecciones,Japón,Camiseta Japón Local 26/27 Adultos Manga Larga [PLAYER VESION],https://camarindelabuelo.cl/products/camiseta-japon-local-26-27-adultos-manga-larga-player-vesion,34990,35990,https://cdn.shopify.com/s/files/1/0669/0943/8050/files/f6e96c71.jpg?v=1780707060,https://cdn.shopify.com/s/files/1/0669/0943/8050/files/ff0dbe07.jpg?v=1780707045,https://cdn.shopify.com/s/files/1/0669/0943/8050/files/ed75a0ed.jpg?v=1780707043,,,,,,,
Selecciones,Japón,Camiseta Japón Local 26/27 Mujer,https://camarindelabuelo.cl/products/camiseta-japon-local-26-27-mujer,27990,32990,https://cdn.shopify.com/s/files/1/0669/0943/8050/files/f0a730d7-7cec-476d-9ec2-e25fffd4a754.png?v=1781835736,,,,,,,,,
Selecciones,Japón,Camiseta Japón Local 26/27 Versión Ado Adultos,https://camarindelabuelo.cl/products/camiseta-japon-local-26-27-version-ado-adultos,32990,,https://cdn.shopify.com/s/files/1/0669/0943/8050/files/f4cd0460-df21-4e3c-8dc1-ffe0ad02f391.png?v=1782677762,https://cdn.shopify.com/s/files/1/0669/0943/8050/files/f5c58a34-8417-4a6a-9a05-6856633d5e86.png?v=1782677763,https://cdn.shopify.com/s/files/1/0669/0943/8050/files/0d45eec2.jpg?v=1782677766,https://cdn.shopify.com/s/files/1/0669/0943/8050/files/cae8cdf0.jpg?v=1782677768,https://cdn.shopify.com/s/files/1/0669/0943/8050/files/7665eb8d.jpg?v=1782677771,https://cdn.shopify.com/s/files/1/0669/0943/8050/files/ecd44ab6.jpg?v=1782677773,,,,
Selecciones,Japón,Camiseta Japón Visitante 2022 Adultos,https://camarindelabuelo.cl/products/camiseta-japon-visitante-2022-adultos,27990,32990,https://cdn.shopify.com/s/files/1/0669/0943/8050/files/7c3a436b-cacb-4928-bc2e-037c03e438fe.png?v=1787798000,https://cdn.shopify.com/s/files/1/0669/0943/8050/files/2022-World-Cup-Japan-Soccer-Jersey-Away-3-1.jpg?v=1787798006,https://cdn.shopify.com/s/files/1/0669/0943/8050/files/2022-World-Cup-Japan-Soccer-Jersey-Away-6.jpg?v=1787798001,https://cdn.shopify.com/s/files/1/0669/0943/8050/files/2022-World-Cup-Japan-Soccer-Jersey-Away-1-1.jpg?v=1787798003,,,,,,
Selecciones,Japón,Camiseta Japón Visitante 26/27 Adultos [PLAYER VESION],https://camarindelabuelo.cl/products/camiseta-japon-visitante-26-27-adultos-player-vesion,32990,35990,https://cdn.shopify.com/s/files/1/0669/0943/8050/files/7fa681ff.jpg?v=1780707126,https://cdn.shopify.com/s/files/1/0669/0943/8050/files/a91476e2.jpg?v=1780707124,,,,,,,,
Selecciones,Japón,Short Japón Local Adultos 26/27,https://camarindelabuelo.cl/products/short-japon-local-adultos-26-27,23990,,https://cdn.shopify.com/s/files/1/0669/0943/8050/files/a30812ac.jpg?v=1787852851,https://cdn.shopify.com/s/files/1/0669/0943/8050/files/947ab807.jpg?v=1787852845,,,,,,,,
Selecciones,Marruecos,Camiseta + Short Marruecos Local 26/27 Niños,https://camarindelabuelo.cl/products/camiseta-short-marruecos-local-26-27-ninos,27990,32990,https://cdn.shopify.com/s/files/1/0669/0943/8050/files/4e61a134.jpg?v=1785080255,https://cdn.shopify.com/s/files/1/0669/0943/8050/files/d309c18d.jpg?v=1785080252,,,,,,,,
Selecciones,Marruecos,Camiseta Marruecos Local 26/27 Adultos,https://camarindelabuelo.cl/products/camiseta-marruecos-local-26-27-adultos,27990,32990,https://cdn.shopify.com/s/files/1/0669/0943/8050/files/8c04fa2f.jpg?v=1781385885,https://cdn.shopify.com/s/files/1/0669/0943/8050/files/42163a09.jpg?v=1781385883,,,,,,,,
Selecciones,Marruecos,Camiseta Marruecos Visitante 26/27 Adultos [PLAYER VERSION],https://camarindelabuelo.cl/products/camiseta-marruecos-visitante-26-27-adultos-player-version,32990,35990,https://cdn.shopify.com/s/files/1/0669/0943/8050/files/2baa65f4.jpg?v=1782791715,https://cdn.shopify.com/s/files/1/0669/0943/8050/files/04696fba.jpg?v=1782791712,,,,,,,,
Selecciones,México,Camiseta + Short México Tercera 26/27 Niños,https://camarindelabuelo.cl/products/camiseta-short-mexico-tercera-26-27-ninos,27990,32990,https://cdn.shopify.com/s/files/1/0669/0943/8050/files/48861ac6.jpg?v=1780693745,https://cdn.shopify.com/s/files/1/0669/0943/8050/files/f8389085.jpg?v=1780693743,,,,,,,,
Selecciones,México,Camiseta + Short México Visitante 26/27 Niños,https://camarindelabuelo.cl/products/camiseta-short-mexico-visitante-26-27-ninos,27990,32990,https://cdn.shopify.com/s/files/1/0669/0943/8050/files/79aec46f.jpg?v=1780693686,https://cdn.shopify.com/s/files/1/0669/0943/8050/files/f34aeced.jpg?v=1780693684,,,,,,,,
Selecciones,México,Camiseta México Local 2010 Adultos,https://camarindelabuelo.cl/products/camiseta-mexico-local-2010-adultos,32990,,https://cdn.shopify.com/s/files/1/0669/0943/8050/files/ae235b1c.jpg?v=1786321287,https://cdn.shopify.com/s/files/1/0669/0943/8050/files/518b8f68.jpg?v=1786321284,https://cdn.shopify.com/s/files/1/0669/0943/8050/files/5304b890.jpg?v=1786321276,https://cdn.shopify.com/s/files/1/0669/0943/8050/files/c4b9abff.jpg?v=1786321279,,,,,,
Selecciones,México,Camiseta México Local 26/27 Adultos Manga Larga,https://camarindelabuelo.cl/products/camiseta-mexico-local-26-27-adultos-manga-larga,29990,32990,https://cdn.shopify.com/s/files/1/0669/0943/8050/files/63e398b8.jpg?v=1780693212,https://cdn.shopify.com/s/files/1/0669/0943/8050/files/de55550a.jpg?v=1780693210,,,,,,,,
Selecciones,México,Camiseta México Local 26/27 Adultos [PLAYER VERSION],https://camarindelabuelo.cl/products/camiseta-mexico-local-26-27-adultos-player-version,32990,69990,https://cdn.shopify.com/s/files/1/0669/0943/8050/files/0b4230e0.jpg?v=1782938197,https://cdn.shopify.com/s/files/1/0669/0943/8050/files/6cad8486.jpg?v=1782938201,,,,,,,,
Selecciones,México,Camiseta México Remixed Adultos,https://camarindelabuelo.cl/products/camiseta-mexico-remixed-adultos,34990,,https://cdn.shopify.com/s/files/1/0669/0943/8050/files/075d6de3.jpg?v=1787751567,https://cdn.shopify.com/s/files/1/0669/0943/8050/files/3b583699.jpg?v=1787751569,,,,,,,,
Selecciones,México,Camiseta México Tercera 26/27 Adultos,https://camarindelabuelo.cl/products/camiseta-mexico-tercera-26-27-adultos,27990,32990,https://cdn.shopify.com/s/files/1/0669/0943/8050/files/0b49cf8f.jpg?v=1780693048,https://cdn.shopify.com/s/files/1/0669/0943/8050/files/77a68737.jpg?v=1780693046,,,,,,,,
Selecciones,México,Camiseta México Tercera 26/27 Adultos Manga Larga,https://camarindelabuelo.cl/products/camiseta-mexico-tercera-26-27-adultos-manga-larga,29990,32990,https://cdn.shopify.com/s/files/1/0669/0943/8050/files/29afa218.jpg?v=1781380215,https://cdn.shopify.com/s/files/1/0669/0943/8050/files/862464ed.jpg?v=1781380212,,,,,,,,
Selecciones,México,Camiseta México Tercera 26/27 Mujer,https://camarindelabuelo.cl/products/camiseta-mexico-tercera-26-27-mujer,27990,32990,https://cdn.shopify.com/s/files/1/0669/0943/8050/files/b2d6a2c0.jpg?v=1780760355,https://cdn.shopify.com/s/files/1/0669/0943/8050/files/9b0caf0b.jpg?v=1780760351,,,,,,,,
Selecciones,México,Short México Local 26/27,https://camarindelabuelo.cl/products/short-mexico-local-26-27,23990,,https://cdn.shopify.com/s/files/1/0669/0943/8050/files/c3be1c53.jpg?v=1781475683,https://cdn.shopify.com/s/files/1/0669/0943/8050/files/16c1f1b1.jpg?v=1781475680,,,,,,,,
Selecciones,Noruega,Camiseta Noruega Local 26/27 Adultos [PLAYER VERSION],https://camarindelabuelo.cl/products/camiseta-noruega-local-26-27-adultos-player-version,32990,35990,https://cdn.shopify.com/s/files/1/0669/0943/8050/files/a5794121-fd03-4a17-a810-cab82537e14b.png?v=1783290945,https://cdn.shopify.com/s/files/1/0669/0943/8050/files/bf3e8634-0ac3-4f69-ae5d-385262a3c1c0.png?v=1783291063,,,,,,,,
Selecciones,Noruega,Short Noruega Local Adultos 26/27,https://camarindelabuelo.cl/products/short-noruega-local-adultos-26-27,23990,,https://cdn.shopify.com/s/files/1/0669/0943/8050/files/ab0afb8f-0ef8-45b5-8093-6e153dc6e476_29644fba-4078-4342-a32e-66f8031e037b.png?v=1787854889,,,,,,,,,
Selecciones,Nueva Zelanda,Camiseta + Short Nueva Zelanda Local 26/27 Niños,https://camarindelabuelo.cl/products/camiseta-short-nueva-zelanda-local-26-27-ninos,27990,32990,https://cdn.shopify.com/s/files/1/0669/0943/8050/files/ChatGPTImage10jul2026_12_47_33p.m..png?v=1783702543,https://cdn.shopify.com/s/files/1/0669/0943/8050/files/e8786df4.jpg?v=1783702585,https://cdn.shopify.com/s/files/1/0669/0943/8050/files/92a37c7c.jpg?v=1783702575,,,,,,,
Selecciones,Paraguay,Camiseta + Short Paraguay Local 26/27 Niños,https://camarindelabuelo.cl/products/camiseta-short-paraguay-local-26-27-ninos,27990,32990,https://cdn.shopify.com/s/files/1/0669/0943/8050/files/f9aa4729.jpg?v=1780794923,https://cdn.shopify.com/s/files/1/0669/0943/8050/files/25cd1cb2.jpg?v=1780794921,,,,,,,,
Selecciones,Paraguay,Camiseta Paraguay Visitante 26/27 Adultos,https://camarindelabuelo.cl/products/camiseta-paraguay-visitante-26-27-adultos,27990,32990,https://cdn.shopify.com/s/files/1/0669/0943/8050/files/07f8ca6c_1.jpg?v=1781278052,https://cdn.shopify.com/s/files/1/0669/0943/8050/files/103d9bd3_1.jpg?v=1781278053,,,,,,,,
Selecciones,Países Bajos,Camiseta Paises Bajos 1997/98 Adultos,https://camarindelabuelo.cl/products/camiseta-paises-bajos-1997-98-adultos,31990,34990,https://cdn.shopify.com/s/files/1/0669/0943/8050/files/3be9c532.jpg?v=1785789217,https://cdn.shopify.com/s/files/1/0669/0943/8050/files/3ea9734f.jpg?v=1785789216,,,,,,,,
Selecciones,Países Bajos,Camiseta Países Bajos 1998 Manga Larga Adultos,https://camarindelabuelo.cl/products/camiseta-paises-bajos-1998-manga-largaadultos,34990,,https://cdn.shopify.com/s/files/1/0669/0943/8050/files/9c535bef.jpg?v=1783218965,https://cdn.shopify.com/s/files/1/0669/0943/8050/files/39d32532.jpg?v=1783218962,,,,,,,,
Selecciones,Países Bajos,Camiseta Países Bajos 2014 Adultos,https://camarindelabuelo.cl/products/camiseta-paises-bajos-2014-adultos,31990,34990,https://cdn.shopify.com/s/files/1/0669/0943/8050/files/ca6d1a8d.jpg?v=1783116158,https://cdn.shopify.com/s/files/1/0669/0943/8050/files/432b8a65.jpg?v=1783116158,,,,,,,,
Selecciones,Países Bajos,Camiseta Países Bajos Entrenamiento 26/27 Adultos,https://camarindelabuelo.cl/products/camiseta-paises-bajos-entrenamiento-26-27-adultos,27990,31990,https://cdn.shopify.com/s/files/1/0669/0943/8050/files/5d07649b.jpg?v=1782577232,https://cdn.shopify.com/s/files/1/0669/0943/8050/files/3f2618dc.jpg?v=1782577230,,,,,,,,
Selecciones,Países Bajos,Camiseta Países Bajos Local 26/27 Adultos [PLAYER VESION],https://camarindelabuelo.cl/products/camiseta-paises-bajos-local-26-27-adultos-player-vesion,32990,35990,https://cdn.shopify.com/s/files/1/0669/0943/8050/files/e9570180.jpg?v=1780707813,https://cdn.shopify.com/s/files/1/0669/0943/8050/files/e7666a4f.jpg?v=1780707814,,,,,,,,
Selecciones,Países Bajos,Camiseta Países Bajos Portero Manga Larga 26/27 Adultos,https://camarindelabuelo.cl/products/camiseta-paises-bajos-portero-manga-larga-26-27-adultos,29990,31990,https://cdn.shopify.com/s/files/1/0669/0943/8050/files/3253fdc2_1.jpg?v=1780761931,https://cdn.shopify.com/s/files/1/0669/0943/8050/files/41598663_1.jpg?v=1780761928,,,,,,,,
Selecciones,Países Bajos,Camiseta Países Bajos Visitante 26/27 Adultos [PLAYER VESION],https://camarindelabuelo.cl/products/camiseta-paises-bajos-visitante-26-27-adultos-player-vesion,32990,35990,https://cdn.shopify.com/s/files/1/0669/0943/8050/files/2a3fe523.jpg?v=1780707892,https://cdn.shopify.com/s/files/1/0669/0943/8050/files/d8dfff56.jpg?v=1780707889,,,,,,,,
Selecciones,Perú,Camiseta + Short Perú Local 26/27 Niños,https://camarindelabuelo.cl/products/camiseta-short-peru-local-26-27-ninos,27990,32990,https://cdn.shopify.com/s/files/1/0669/0943/8050/files/49f7a8f7.jpg?v=1785611029,https://cdn.shopify.com/s/files/1/0669/0943/8050/files/7645d640.jpg?v=1785611026,,,,,,,,
Selecciones,Portugal,Cactus Jack Travis Scott x NK Portugal Total 90 Adultos,https://camarindelabuelo.cl/products/cactus-jack-travis-scott-x-nk-portugal-total-90-adultos,32990,36990,https://cdn.shopify.com/s/files/1/0669/0943/8050/files/b411fcc9.jpg?v=1789334997,https://cdn.shopify.com/s/files/1/0669/0943/8050/files/c752dd4d.jpg?v=1789334998,,,,,,,,
Selecciones,Portugal,Camiseta + Short Portugal 2004 Niños,https://camarindelabuelo.cl/products/camiseta-short-portugal-2004-ninos,31990,32990,https://cdn.shopify.com/s/files/1/0669/0943/8050/files/e80afc5a.jpg?v=1787364490,https://cdn.shopify.com/s/files/1/0669/0943/8050/files/8008eaec.jpg?v=1787364480,,,,,,,,
Selecciones,Portugal,Camiseta + Short Portugal 2016/17 Niños,https://camarindelabuelo.cl/products/camiseta-short-portugal-2016-17-ninos,31990,32990,https://cdn.shopify.com/s/files/1/0669/0943/8050/files/452108cb.jpg?v=1787364398,https://cdn.shopify.com/s/files/1/0669/0943/8050/files/89d93a2a.jpg?v=1787364400,,,,,,,,
Selecciones,Portugal,Camiseta + Short Portugal 25/26 Niños CRISTIANO RONALDO 7,https://camarindelabuelo.cl/products/camiseta-short-portugal-25-26-ninos-cristiano-ronaldo-7,29990,32990,https://cdn.shopify.com/s/files/1/0669/0943/8050/files/12.png?v=1782248115,https://cdn.shopify.com/s/files/1/0669/0943/8050/files/11.png?v=1782248115,,,,,,,,
Selecciones,Portugal,Camiseta + Short Portugal Manga Larga 2004 Niños,https://camarindelabuelo.cl/products/camiseta-short-portugal-manga-larga-2004-ninos,34990,,https://cdn.shopify.com/s/files/1/0669/0943/8050/files/fd80d8ff.jpg?v=1787364535,https://cdn.shopify.com/s/files/1/0669/0943/8050/files/3cef67a6.jpg?v=1787364533,,,,,,,,
Selecciones,Portugal,Camiseta Portugal 2014 Adultos,https://camarindelabuelo.cl/products/camiseta-portugal-2014-adultos,31990,34990,https://cdn.shopify.com/s/files/1/0669/0943/8050/files/1cd9b5e4_1.jpg?v=1783115452,https://cdn.shopify.com/s/files/1/0669/0943/8050/files/7589683d.jpg?v=1783115451,,,,,,,,
Selecciones,Portugal,Camiseta Portugal Edición Conmemorativa 26/27 Adultos,https://camarindelabuelo.cl/products/camiseta-portugal-edicion-conmemorativa-26-27-adultos,27990,59990,https://cdn.shopify.com/s/files/1/0669/0943/8050/files/8f7331f1.jpg?v=1782752188,https://cdn.shopify.com/s/files/1/0669/0943/8050/files/6e05fb50.jpg?v=1782752186,,,,,,,,
Selecciones,Portugal,Camiseta Portugal Local 2006 Adultos,https://camarindelabuelo.cl/products/camiseta-portugal-local-2006-adultos,31990,34990,https://cdn.shopify.com/s/files/1/0669/0943/8050/files/045ac596.jpg?v=1787363625,https://cdn.shopify.com/s/files/1/0669/0943/8050/files/7363443a.jpg?v=1787363621,,,,,,,,
Selecciones,Portugal,Camiseta Portugal Local 2014 Adultos [PLAYER VESION],https://camarindelabuelo.cl/products/camiseta-portugal-local-2014-adultos-player-vesion,32990,35990,https://cdn.shopify.com/s/files/1/0669/0943/8050/files/3d897da7.jpg?v=1787364008,https://cdn.shopify.com/s/files/1/0669/0943/8050/files/8594749f.jpg?v=1787364011,,,,,,,,
Selecciones,Portugal,Camiseta Portugal Local 2018 Adultos,https://camarindelabuelo.cl/products/camiseta-portugal-local-2018-adultos,31990,34990,https://cdn.shopify.com/s/files/1/0669/0943/8050/files/a1c20e5e.jpg?v=1787364103,https://cdn.shopify.com/s/files/1/0669/0943/8050/files/f8abf91a.jpg?v=1787364105,,,,,,,,
Selecciones,Portugal,Camiseta Portugal Local 2022 Adultos [PLAYER VESION],https://camarindelabuelo.cl/products/camiseta-portugal-local-2022-adultos-player-vesion,32990,35990,https://cdn.shopify.com/s/files/1/0669/0943/8050/files/66b902ff.jpg?v=1787363895,https://cdn.shopify.com/s/files/1/0669/0943/8050/files/a743140f.jpg?v=1787363894,,,,,,,,
Selecciones,Portugal,Camiseta Portugal Visitante 2016 Adultos,https://camarindelabuelo.cl/products/camiseta-portugal-visitante-2016-adultos,31990,34990,https://cdn.shopify.com/s/files/1/0669/0943/8050/files/270e795d.jpg?v=1787363751,https://cdn.shopify.com/s/files/1/0669/0943/8050/files/0506139f.jpg?v=1787363753,,,,,,,,
Selecciones,Portugal,Camiseta Portugal Visitante 2022 Adultos [PLAYER VESION],https://camarindelabuelo.cl/products/camiseta-portugal-visitante-2022-adultos-player-vesion,32990,35990,https://cdn.shopify.com/s/files/1/0669/0943/8050/files/55e55c0b.jpg?v=1787363933,https://cdn.shopify.com/s/files/1/0669/0943/8050/files/a5608c1a.jpg?v=1787363936,,,,,,,,
Selecciones,Portugal,Camiseta Portugal Visitante 26/27 Mujer,https://camarindelabuelo.cl/products/camiseta-portugal-visitante-26-27-mujer,27990,32990,https://cdn.shopify.com/s/files/1/0669/0943/8050/files/9b4edcff.jpg?v=1780759703,https://cdn.shopify.com/s/files/1/0669/0943/8050/files/8e38c078.jpg?v=1780759701,,,,,,,,
Selecciones,Portugal,Camiseta Portugal Visitante Manga Larga 2006 Adultos,https://camarindelabuelo.cl/products/camiseta-portugal-visitante-manga-larga-2006-adultos,34990,,https://cdn.shopify.com/s/files/1/0669/0943/8050/files/758924be.jpg?v=1787364208,https://cdn.shopify.com/s/files/1/0669/0943/8050/files/13b7aa59.jpg?v=1787364211,,,,,,,,
Selecciones,Portugal,Short Portugal 26/27,https://camarindelabuelo.cl/products/short-portugal-26-27,23990,,https://cdn.shopify.com/s/files/1/0669/0943/8050/files/6d3db995.jpg?v=1781472350,https://cdn.shopify.com/s/files/1/0669/0943/8050/files/c5c7c7d6.jpg?v=1781472426,,,,,,,,
Selecciones,Qatar,Camiseta Qatar Local 26/27 Adultos,https://camarindelabuelo.cl/products/camiseta-qatar-local-26-27-adultos,27990,32990,https://cdn.shopify.com/s/files/1/0669/0943/8050/files/2eea226a.jpg?v=1781704821,https://cdn.shopify.com/s/files/1/0669/0943/8050/files/5daf5486.jpg?v=1781704819,,,,,,,,
Selecciones,Qatar,Camiseta Qatar Visitante 26/27 Adultos,https://camarindelabuelo.cl/products/camiseta-qatar-visitante-26-27-adultos,27990,32990,https://cdn.shopify.com/s/files/1/0669/0943/8050/files/56116de9.jpg?v=1781743519,https://cdn.shopify.com/s/files/1/0669/0943/8050/files/da485aee.jpg?v=1781743517,,,,,,,,
Selecciones,República Checa,Camiseta República Checa Local 26/27 Adultos,https://camarindelabuelo.cl/products/camiseta-republica-checa-local-26-27-adultos,27990,32990,https://cdn.shopify.com/s/files/1/0669/0943/8050/files/e13fd437.jpg?v=1780936890,https://cdn.shopify.com/s/files/1/0669/0943/8050/files/e4a57dee.jpg?v=1780936891,,,,,,,,
Selecciones,República Checa,Camiseta República Checa Visitante 26/27 Adultos,https://camarindelabuelo.cl/products/camiseta-republica-checa-visitante-26-27-adultos,27990,32990,https://cdn.shopify.com/s/files/1/0669/0943/8050/files/5ddce120.jpg?v=1781235029,https://cdn.shopify.com/s/files/1/0669/0943/8050/files/aa72756a.jpg?v=1781235025,,,,,,,,
Selecciones,Senegal,Camiseta Senegal Local 26/27 Adultos,https://camarindelabuelo.cl/products/camiseta-senegal-local-26-27-adultos,27990,32990,https://cdn.shopify.com/s/files/1/0669/0943/8050/files/168a96a1.jpg?v=1782690003,https://cdn.shopify.com/s/files/1/0669/0943/8050/files/e6735eb2.jpg?v=1782690000,,,,,,,,
Selecciones,Senegal,Camiseta Senegal Visitante 26/27 Adultos,https://camarindelabuelo.cl/products/camiseta-senegal-visitante-26-27-adultos,27990,32990,https://cdn.shopify.com/s/files/1/0669/0943/8050/files/a19d1554.jpg?v=1782690048,https://cdn.shopify.com/s/files/1/0669/0943/8050/files/72e99223.jpg?v=1782690045,,,,,,,,
Selecciones,Sudáfrica,Camiseta + Short Sudáfrica Local 26/27 Niños,https://camarindelabuelo.cl/products/camiseta-short-sudafrica-local-26-27-ninos,27990,32990,https://cdn.shopify.com/s/files/1/0669/0943/8050/files/9aa6329c.jpg?v=1786469576,https://cdn.shopify.com/s/files/1/0669/0943/8050/files/c8cbc353.jpg?v=1786469574,,,,,,,,
Selecciones,Sudáfrica,Camiseta Sudáfrica Visitante 26/27 Adultos,https://camarindelabuelo.cl/products/camiseta-sudafrica-visitante-26-27-adultos,27990,32990,https://cdn.shopify.com/s/files/1/0669/0943/8050/files/4a0ecaae_1.jpg?v=1781192806,https://cdn.shopify.com/s/files/1/0669/0943/8050/files/62bb781d_1.jpg?v=1781192803,,,,,,,,
Selecciones,Sudáfrica,Camiseta Sudáfrica Visitante 26/27 Adultos [PLAYER VESION],https://camarindelabuelo.cl/products/camiseta-sudafrica-local-26-27-adultos-player-vesion,32990,35990,https://cdn.shopify.com/s/files/1/0669/0943/8050/files/91f1c5c1.jpg?v=1780708662,https://cdn.shopify.com/s/files/1/0669/0943/8050/files/540ebdf3.jpg?v=1780708660,,,,,,,,
Selecciones,Suecia,Camiseta + Short Suecia Local 26/27 Niños,https://camarindelabuelo.cl/products/camiseta-short-suecia-visitante-26-27-ninos,27990,32990,https://cdn.shopify.com/s/files/1/0669/0943/8050/files/dd012aaf.jpg?v=1781192622,https://cdn.shopify.com/s/files/1/0669/0943/8050/files/a67a030a.jpg?v=1781192619,,,,,,,,
Selecciones,Suecia,Camiseta + Short Suecia Visitante 26/27 Niños,https://camarindelabuelo.cl/products/camiseta-short-suecia-visitante-26-27-ninos-1,27990,32990,https://cdn.shopify.com/s/files/1/0669/0943/8050/files/06d54998.jpg?v=1781192711,https://cdn.shopify.com/s/files/1/0669/0943/8050/files/f2848615.jpg?v=1781192713,,,,,,,,
Selecciones,Suecia,Camiseta Suecia Local 26/27 Adultos,https://camarindelabuelo.cl/products/camiseta-suecia-local-26-27-adultos,27990,32990,https://cdn.shopify.com/s/files/1/0669/0943/8050/files/c3766368.jpg?v=1781192460,https://cdn.shopify.com/s/files/1/0669/0943/8050/files/37bb4e3c.jpg?v=1781192458,,,,,,,,
Selecciones,Suecia,Camiseta Suecia Visitante 26/27 Adultos,https://camarindelabuelo.cl/products/camiseta-suecia-visitante-26-27-adultos,27990,32990,https://cdn.shopify.com/s/files/1/0669/0943/8050/files/d77d5c91.jpg?v=1781192491,https://cdn.shopify.com/s/files/1/0669/0943/8050/files/ba61bae4.jpg?v=1781192488,,,,,,,,
Selecciones,Suiza,Camiseta + Short Suiza Local 26/27 Niños,https://camarindelabuelo.cl/products/camiseta-short-suiza-local-26-27-ninos,27990,32990,https://cdn.shopify.com/s/files/1/0669/0943/8050/files/d47141e9.jpg?v=1781373495,https://cdn.shopify.com/s/files/1/0669/0943/8050/files/23dc5566.jpg?v=1781373493,,,,,,,,
Selecciones,Suiza,Camiseta Suiza Local 26/27 Adultos,https://camarindelabuelo.cl/products/camiseta-suiza-local-26-27-adultos,27990,32990,https://cdn.shopify.com/s/files/1/0669/0943/8050/files/db396f3c.jpg?v=1781373313,https://cdn.shopify.com/s/files/1/0669/0943/8050/files/455af9c9.jpg?v=1781373311,,,,,,,,
Selecciones,Suiza,Camiseta Suiza Local 26/27 Adultos [PLAYER VERSION],https://camarindelabuelo.cl/products/camiseta-suiza-local-26-27-adultos-player-version,32990,35990,https://cdn.shopify.com/s/files/1/0669/0943/8050/files/f43fa5d0.jpg?v=1781373441,https://cdn.shopify.com/s/files/1/0669/0943/8050/files/5780a0af.jpg?v=1781373439,,,,,,,,
Selecciones,Suiza,Camiseta Suiza Visitante 26/27 Adultos,https://camarindelabuelo.cl/products/camiseta-suiza-visitante-26-27-adultos,27990,32990,https://cdn.shopify.com/s/files/1/0669/0943/8050/files/60eea771.jpg?v=1781373364,https://cdn.shopify.com/s/files/1/0669/0943/8050/files/4cae28c8.jpg?v=1781373361,,,,,,,,
Selecciones,Turquía,Camiseta Turquía Local 26/27 Adultos,https://camarindelabuelo.cl/products/camiseta-turquia-local-26-27-adultos,27990,32990,https://cdn.shopify.com/s/files/1/0669/0943/8050/files/eac6eb12.jpg?v=1781379763,https://cdn.shopify.com/s/files/1/0669/0943/8050/files/b409d15a.jpg?v=1781379761,,,,,,,,
Selecciones,Uruguay,Camiseta + Short Uruguay Visitante 26/27 Niños,https://camarindelabuelo.cl/products/camiseta-short-uruguay-visitante-26-27-ninos,27990,32990,https://cdn.shopify.com/s/files/1/0669/0943/8050/files/IMG-4706.jpg?v=1785179708,https://cdn.shopify.com/s/files/1/0669/0943/8050/files/IMG-4707.jpg?v=1785179708,,,,,,,,
Selecciones,Uruguay,Camiseta Uruguay Local 26/27 Adultos [PLAYER VESION],https://camarindelabuelo.cl/products/camiseta-uruguay-local-26-27-adultos-player-vesion,32990,35990,https://cdn.shopify.com/s/files/1/0669/0943/8050/files/e9b248ba.jpg?v=1780708535,https://cdn.shopify.com/s/files/1/0669/0943/8050/files/e76aed7a.jpg?v=1780708530,,,,,,,,
Selecciones,Uruguay,Camiseta Uruguay Visitante 26/27 Adultos [PLAYER VERSION],https://camarindelabuelo.cl/products/camiseta-uruguay-visitante-26-27-adultos-player-vesion,32990,35990,https://cdn.shopify.com/s/files/1/0669/0943/8050/files/e6a1403e-08e6-44c4-aaaa-825dffd42eeb_1.png?v=1785506154,https://cdn.shopify.com/s/files/1/0669/0943/8050/files/1daf4842.png?v=1785506095,https://cdn.shopify.com/s/files/1/0669/0943/8050/files/22c5c0f4.png?v=1785506102,https://cdn.shopify.com/s/files/1/0669/0943/8050/files/3b7193c0.png?v=1785506098,,,,,,
Selecciones,Venezuela,Camiseta + Short Venezuela Visitante 26/27 Niños,https://camarindelabuelo.cl/products/camiseta-short-venezuela-visitante-26-27-ninos,27990,32990,https://cdn.shopify.com/s/files/1/0669/0943/8050/files/73b7baca.jpg?v=1781380127,https://cdn.shopify.com/s/files/1/0669/0943/8050/files/8b5ecdf9.jpg?v=1781380124,,,,,,,,
Selecciones,Venezuela,Camiseta Venezuela Local 1998 Adultos,https://camarindelabuelo.cl/products/camiseta-venezuela-local-2000-adultos-copia,31990,,https://cdn.shopify.com/s/files/1/0669/0943/8050/files/cf4f60d6.jpg?v=1785190872,https://cdn.shopify.com/s/files/1/0669/0943/8050/files/c3d00f22.jpg?v=1785190869,,,,,,,,
Oasis,Oasis,Camiseta Oasis Band Jacquard Striped Green Manga Larga Adultos,https://camarindelabuelo.cl/products/camiseta-oasis-band-jacquard-striped-green-manga-larga-adultos,33990,34990,https://cdn.shopify.com/s/files/1/0669/0943/8050/files/6657d12b-2cc6-4eef-a4f9-aec4e1926a20.png?v=1789567696,https://cdn.shopify.com/s/files/1/0669/0943/8050/files/96c1a1a9.jpg?v=1789567711,https://cdn.shopify.com/s/files/1/0669/0943/8050/files/cf5a8565.jpg?v=1789567713,,,,,,,
Oasis,Oasis,Camiseta Oasis Band Jacquard Striped White Manga Larga Adultos,https://camarindelabuelo.cl/products/camiseta-oasis-band-jacquard-striped-white-manga-larga-adultos,33990,34990,https://cdn.shopify.com/s/files/1/0669/0943/8050/files/96fd605c-f99d-4092-bce5-7946579b9f5e.png?v=1789567230,,,,,,,,,
Oasis,Oasis,Camiseta Oasis Band Retro Black Adultos,https://camarindelabuelo.cl/products/camiseta-oasis-band-retro-black-adultos,27990,34990,https://cdn.shopify.com/s/files/1/0669/0943/8050/files/0e95a318.jpg?v=1787430679,https://cdn.shopify.com/s/files/1/0669/0943/8050/files/ce076a24.jpg?v=1787430681,,,,,,,,
Oasis,Oasis,Camiseta Oasis Band Retro Black-Green Adultos,https://camarindelabuelo.cl/products/camiseta-oasis-band-retro-black-green-adultos,31990,34990,https://cdn.shopify.com/s/files/1/0669/0943/8050/files/5fc34804-a482-4ff0-9480-e360619b8501.png?v=1787430131,https://cdn.shopify.com/s/files/1/0669/0943/8050/files/e38ccc02-e0df-490d-9789-4fb7294c622c.png?v=1787430130,,,,,,,,
Oasis,Oasis,Camiseta Oasis Band Retro Celeste Adultos,https://camarindelabuelo.cl/products/camiseta-oasis-band-retro-celeste-adultos-copia,27990,34990,https://cdn.shopify.com/s/files/1/0669/0943/8050/files/b969b9fe.jpg?v=1787430631,https://cdn.shopify.com/s/files/1/0669/0943/8050/files/5ba8e494.jpg?v=1787430633,,,,,,,,
Oasis,Oasis,Camiseta Oasis Band Retro White Adultos,https://camarindelabuelo.cl/products/camiseta-oasis-band-retro-white-adultos,27990,34990,https://cdn.shopify.com/s/files/1/0669/0943/8050/files/193d56ea.jpg?v=1787430727,https://cdn.shopify.com/s/files/1/0669/0943/8050/files/97e35b28.jpg?v=1787430729,,,,,,,,
Oasis,Oasis,Camiseta Oasis Chaqueta Azul Adultos,https://camarindelabuelo.cl/products/camiseta-oasis-chaqueta-azul-adultos,44990,,https://cdn.shopify.com/s/files/1/0669/0943/8050/files/809b4fac.jpg?v=1787430463,https://cdn.shopify.com/s/files/1/0669/0943/8050/files/f18d22fc.jpg?v=1787430464,,,,,,,,
Oasis,Oasis,Camiseta Oasis Chaqueta Celeste Adultos,https://camarindelabuelo.cl/products/camiseta-oasis-chaqueta-celeste-adultos,44990,,https://cdn.shopify.com/s/files/1/0669/0943/8050/files/04c050f7.jpg?v=1787430535,https://cdn.shopify.com/s/files/1/0669/0943/8050/files/d83697a6.jpg?v=1787430537,,,,,,,,
Oasis,Oasis,Chaqueta Oasis Black Adultos,https://camarindelabuelo.cl/products/camiseta-oasis-chaqueta-black-adultos,44990,,https://cdn.shopify.com/s/files/1/0669/0943/8050/files/71484c76.jpg?v=1789346559,https://cdn.shopify.com/s/files/1/0669/0943/8050/files/c0cbcd66.jpg?v=1789346555,,,,,,,,
,,Camiseta + Short PSG Visitante 26/27 Niños,https://camarindelabuelo.cl/products/camiseta-short-psg-visitante-26-27-ninos,27990,32990,,,,,,,,,,
,,Camiseta PSG Visitante 26/27 Adultos,https://camarindelabuelo.cl/products/camiseta-psg-visitante-26-27-adultos,27990,32990,,,,,,,,,,
