liga,equipo,nombre,url_producto,precio,precio_habitual,foto_1,foto_2
Liga Chilena,Colo-Colo,Camiseta Colo-Colo 2006 Visitante Retro,https://camisetasdefutbol.com.co/products/camiseta-colo-colo-2006-visitante-retro,120000,,https://cdn.shopify.com/s/files/1/0965/9354/3474/files/img-1781536720095-0.jpg?v=1781536723,https://cdn.shopify.com/s/files/1/0965/9354/3474/files/img-1781536721376-1.jpg?v=1781536723
Liga Chilena,Colo-Colo,Camiseta Colo-Colo 92/93 Visitante Retro,https://camisetasdefutbol.com.co/products/camiseta-colo-colo-92-93-visitante-retro,120000,,https://cdn.shopify.com/s/files/1/0965/9354/3474/files/img-1790545774215-0.jpg?v=1790545776,https://cdn.shopify.com/s/files/1/0965/9354/3474/files/img-1790545775137-1.jpg?v=1790545776
Liga Chilena,Colo-Colo,Camiseta Colo-Colo 95/96 Local Retro,https://camisetasdefutbol.com.co/products/camiseta-colo-colo-95-96-local-retro,120000,,https://cdn.shopify.com/s/files/1/0965/9354/3474/files/img-1790545763064-0.jpg?v=1790545765,https://cdn.shopify.com/s/files/1/0965/9354/3474/files/img-1790545763997-1.jpg?v=1790545765
Liga Chilena,Colo-Colo,Camiseta Colo-Colo 95/96 Visitante Retro,https://camisetasdefutbol.com.co/products/camiseta-colo-colo-95-96-visitante-retro,120000,,https://cdn.shopify.com/s/files/1/0965/9354/3474/files/img-1790545768560-0.jpg?v=1790545770,https://cdn.shopify.com/s/files/1/0965/9354/3474/files/img-1790545769522-1.jpg?v=1790545770
Liga Chilena,Colo-Colo,Camiseta Colo-Colo 97/98 Visitante Retro,https://camisetasdefutbol.com.co/products/camiseta-colo-colo-97-98-visitante-retro,120000,,https://cdn.shopify.com/s/files/1/0965/9354/3474/files/img-1790545745113-0.jpg?v=1790545747,https://cdn.shopify.com/s/files/1/0965/9354/3474/files/img-1790545746186-1.jpg?v=1790545747
Liga Chilena,Colo-Colo,Camiseta Colo-Colo 98/99 Local Retro,https://camisetasdefutbol.com.co/products/camiseta-colo-colo-98-99-local-retro,120000,,https://cdn.shopify.com/s/files/1/0965/9354/3474/files/img-1790545733495-0.jpg?v=1790545735,https://cdn.shopify.com/s/files/1/0965/9354/3474/files/img-1790545734679-1.jpg?v=1790545735
Liga Chilena,Palestino,Camiseta Palestino 25/26 Local,https://camisetasdefutbol.com.co/products/camiseta-palestino-25-26-local,100000,,https://cdn.shopify.com/s/files/1/0965/9354/3474/files/palestino-frente.jpg?v=1784898739,https://cdn.shopify.com/s/files/1/0965/9354/3474/files/palestino-espalda.jpg?v=1784898739
Liga Chilena,Universidad Católica,Camiseta Universidad Católica 1996 Tercera Retro,https://camisetasdefutbol.com.co/products/camiseta-universidad-catolica-1996-tercera-retro,120000,,https://cdn.shopify.com/s/files/1/0965/9354/3474/files/img-1790545643313-0.jpg?v=1790545645,
Liga Chilena,Universidad Católica,Camiseta Universidad Católica 1998 Local Retro,https://camisetasdefutbol.com.co/products/camiseta-universidad-catolica-1998-local-retro,120000,,https://cdn.shopify.com/s/files/1/0965/9354/3474/files/img-1790545618520-0.jpg?v=1790545620,https://cdn.shopify.com/s/files/1/0965/9354/3474/files/img-1790545619690-1.jpg?v=1790545620
Liga Chilena,Universidad Católica,Camiseta Universidad Católica 1998 Tercera Retro,https://camisetasdefutbol.com.co/products/camiseta-universidad-catolica-1998-tercera-retro,120000,,https://cdn.shopify.com/s/files/1/0965/9354/3474/files/img-1790545631545-0.jpg?v=1790545634,https://cdn.shopify.com/s/files/1/0965/9354/3474/files/img-1790545632982-1.jpg?v=1790545634
Liga Chilena,Universidad Católica,Camiseta Universidad Católica 1998 Visitante Retro,https://camisetasdefutbol.com.co/products/camiseta-universidad-catolica-1998-visitante-retro,120000,,https://cdn.shopify.com/s/files/1/0965/9354/3474/files/img-1790545637563-0.jpg?v=1790545639,https://cdn.shopify.com/s/files/1/0965/9354/3474/files/img-1790545638524-1.jpg?v=1790545639
Liga Chilena,Universidad Católica,Camiseta Universidad Católica 2009 Visitante Retro,https://camisetasdefutbol.com.co/products/camiseta-universidad-catolica-2009-visitante-retro,120000,,https://cdn.shopify.com/s/files/1/0965/9354/3474/files/img-1790545624819-0.jpg?v=1790545627,https://cdn.shopify.com/s/files/1/0965/9354/3474/files/img-1790545626234-1.jpg?v=1790545627
Liga Chilena,Universidad Católica,Camiseta Universidad Católica 2010 Local Retro,https://camisetasdefutbol.com.co/products/camiseta-universidad-catolica-2010-local-retro,120000,,https://cdn.shopify.com/s/files/1/0965/9354/3474/files/img-1790545612958-0.jpg?v=1790545614,https://cdn.shopify.com/s/files/1/0965/9354/3474/files/img-1790545613900-1.jpg?v=1790545614
Liga Española,Alavés,Camiseta Deportivo Alavés 00/01 Local Retro,https://camisetasdefutbol.com.co/products/camiseta-deportivo-alaves-00-01-local-retro,120000,,https://cdn.shopify.com/s/files/1/0965/9354/3474/files/img-1790546312679-0.jpg?v=1790546314,https://cdn.shopify.com/s/files/1/0965/9354/3474/files/img-1790546313580-1.jpg?v=1790546314
Liga Española,Alavés,Camiseta Deportivo Alavés 00/01 Visitante Retro,https://camisetasdefutbol.com.co/products/camiseta-deportivo-alaves-00-01-visitante-retro,120000,,https://cdn.shopify.com/s/files/1/0965/9354/3474/files/img-1786685148063-0.jpg?v=1786685152,https://cdn.shopify.com/s/files/1/0965/9354/3474/files/img-1786685149374-1.jpg?v=1786685152
Liga Española,Alavés,Camiseta Deportivo Alavés 02/03 Tercera Retro,https://camisetasdefutbol.com.co/products/camiseta-deportivo-alaves-02-03-tercera-retro,120000,,https://cdn.shopify.com/s/files/1/0965/9354/3474/files/img-1781536412575-0.jpg?v=1781536416,https://cdn.shopify.com/s/files/1/0965/9354/3474/files/img-1781536414473-1.jpg?v=1781536416
Liga Española,Alavés,Camiseta Deportivo Alavés 26/27 Tercera,https://camisetasdefutbol.com.co/products/camiseta-deportivo-alaves-26-27-tercera,100000,,https://cdn.shopify.com/s/files/1/0965/9354/3474/files/img-1790545132902-0.jpg?v=1790545135,https://cdn.shopify.com/s/files/1/0965/9354/3474/files/img-1790545133856-1.jpg?v=1790545135
Liga Española,Alavés,Camiseta Deportivo Alavés 26/27 Visitante,https://camisetasdefutbol.com.co/products/camiseta-deportivo-alaves-26-27-visitante,100000,,https://cdn.shopify.com/s/files/1/0965/9354/3474/files/img-1790545139810-0.jpg?v=1790545142,https://cdn.shopify.com/s/files/1/0965/9354/3474/files/img-1790545140960-1.jpg?v=1790545142
Liga Española,Alavés,Camiseta Deportivo Alavés 98/99 Local Manga Larga Retro,https://camisetasdefutbol.com.co/products/camiseta-deportivo-alaves-98-99-local-manga-larga-retro,135000,,https://cdn.shopify.com/s/files/1/0965/9354/3474/files/img-1790546300073-0.jpg?v=1790546302,https://cdn.shopify.com/s/files/1/0965/9354/3474/files/img-1790546301289-1.jpg?v=1790546302
Liga Española,Alavés,Camiseta Deportivo Alavés 98/99 Local Retro,https://camisetasdefutbol.com.co/products/camiseta-deportivo-alaves-98-99-local-retro,120000,,https://cdn.shopify.com/s/files/1/0965/9354/3474/files/img-1790546306710-0.jpg?v=1790546308,https://cdn.shopify.com/s/files/1/0965/9354/3474/files/img-1790546307778-1.jpg?v=1790546309
Liga Española,Alavés,Camiseta Deportivo Alavés 99/00 Local Retro,https://camisetasdefutbol.com.co/products/camiseta-deportivo-alaves-99-00-local-retro,120000,,https://cdn.shopify.com/s/files/1/0965/9354/3474/files/img-1790546293321-0.jpg?v=1790546295,https://cdn.shopify.com/s/files/1/0965/9354/3474/files/img-1790546294230-1.jpg?v=1790546295
Liga Española,Athletic Club,Camiseta Athletic Club 26/27 Visitante,https://camisetasdefutbol.com.co/products/camiseta-athletic-club-26-27-visitante,100000,,https://cdn.shopify.com/s/files/1/0965/9354/3474/files/img-1784400545137-0.jpg?v=1784400548,https://cdn.shopify.com/s/files/1/0965/9354/3474/files/img-1784400546567-1.jpg?v=1784400549
Liga Española,Athletic Club,Camiseta Athletic Club 95/97 Local Retro,https://camisetasdefutbol.com.co/products/camiseta-athletic-club-95-97-local-retro,120000,,https://cdn.shopify.com/s/files/1/0965/9354/3474/files/img-1786685136431-0.jpg?v=1786685140,https://cdn.shopify.com/s/files/1/0965/9354/3474/files/img-1786685138396-1.jpg?v=1786685140
Liga Española,Athletic Club,Camiseta Athletic Club 99/00 Tercera Retro,https://camisetasdefutbol.com.co/products/camiseta-athletic-club-99-00-tercera-retro,120000,,https://cdn.shopify.com/s/files/1/0965/9354/3474/files/img-1781536373418-0.jpg?v=1781536379,https://cdn.shopify.com/s/files/1/0965/9354/3474/files/img-1781536377022-1.jpg?v=1781536379
Liga Española,Atlético de Madrid,Camiseta 2025-2026 Versión Jugador Manga Larga Atletico Madrid Local,https://camisetasdefutbol.com.co/products/camiseta-2025-2026-version-jugador-manga-larga-atletico-madrid-local,130000,,https://cdn.shopify.com/s/files/1/0965/9354/3474/files/download_3a9c6b8b-2e76-405a-8048-42198a4be8b9.jpg?v=1776655070,https://cdn.shopify.com/s/files/1/0965/9354/3474/files/download_514eb1c7-b519-4d76-bd07-bea1121b9f29.jpg?v=1776655071
Liga Española,Atlético de Madrid,Camiseta Atlético de Madrid 01/02 Visitante Retro,https://camisetasdefutbol.com.co/products/camiseta-atletico-de-madrid-01-02-visitante-retro,120000,,https://cdn.shopify.com/s/files/1/0965/9354/3474/files/img-1790546330859-0.jpg?v=1790546333,https://cdn.shopify.com/s/files/1/0965/9354/3474/files/img-1790546332360-1.jpg?v=1790546333
Liga Española,Atlético de Madrid,Camiseta Atlético de Madrid 03/04 Centenario Local,https://camisetasdefutbol.com.co/products/camiseta-atletico-de-madrid-03-04-centenario-local,100000,,https://cdn.shopify.com/s/files/1/0965/9354/3474/files/img-1784896417306-0.jpg?v=1784896421,https://cdn.shopify.com/s/files/1/0965/9354/3474/files/img-1784896418839-1.jpg?v=1784896421
Liga Española,Atlético de Madrid,Camiseta Atlético de Madrid 11/12 Local Retro,https://camisetasdefutbol.com.co/products/camiseta-atletico-de-madrid-11-12-local-retro,120000,,https://cdn.shopify.com/s/files/1/0965/9354/3474/files/img-1780725043738-0.jpg?v=1780725047,https://cdn.shopify.com/s/files/1/0965/9354/3474/files/img-1780725045028-1.jpg?v=1780725047
Liga Española,Atlético de Madrid,Camiseta Atlético de Madrid 11/12 Visitante Retro,https://camisetasdefutbol.com.co/products/camiseta-atletico-de-madrid-11-12-visitante-retro,120000,,https://cdn.shopify.com/s/files/1/0965/9354/3474/files/img-1780725057017-0.jpg?v=1780725061,https://cdn.shopify.com/s/files/1/0965/9354/3474/files/img-1780725059495-1.jpg?v=1780725061
Liga Española,Atlético de Madrid,Camiseta Atlético de Madrid 15/16 Visitante Retro,https://camisetasdefutbol.com.co/products/camiseta-atletico-de-madrid-15-16-visitante-retro,120000,,https://cdn.shopify.com/s/files/1/0965/9354/3474/files/fix-239931704-0.jpg?v=1780705088,https://cdn.shopify.com/s/files/1/0965/9354/3474/files/fix-239931704-1.jpg?v=1780705088
Liga Española,Atlético de Madrid,Camiseta Atlético de Madrid 16/17 Visitante Retro,https://camisetasdefutbol.com.co/products/camiseta-atletico-de-madrid-16-17-visitante-retro,120000,,https://cdn.shopify.com/s/files/1/0965/9354/3474/files/img-1790546325088-0.jpg?v=1790546327,https://cdn.shopify.com/s/files/1/0965/9354/3474/files/img-1790546326014-1.jpg?v=1790546327
Liga Española,Atlético de Madrid,"Camiseta Atlético de Madrid 22/23 Local, Versión Jugador",https://camisetasdefutbol.com.co/products/camiseta-atletico-de-madrid-22-23-local-version-jugador,110000,,https://cdn.shopify.com/s/files/1/0965/9354/3474/files/img-1783730367378-0.jpg?v=1783730372,https://cdn.shopify.com/s/files/1/0965/9354/3474/files/img-1783730369971-1.jpg?v=1783730372
Liga Española,Atlético de Madrid,"Camiseta Atlético de Madrid 23/24 Local, Versión Jugador",https://camisetasdefutbol.com.co/products/camiseta-atletico-de-madrid-23-24-local-version-jugador,110000,,https://cdn.shopify.com/s/files/1/0965/9354/3474/files/img-1783730309367-0.jpg?v=1783730313,https://cdn.shopify.com/s/files/1/0965/9354/3474/files/img-1783730310832-1.jpg?v=1783730313
Liga Española,Atlético de Madrid,Camiseta Atlético de Madrid 25/26 Local Manga Larga,https://camisetasdefutbol.com.co/products/camiseta-atletico-de-madrid-25-26-local-manga-larga,115000,,https://cdn.shopify.com/s/files/1/0965/9354/3474/files/img-1784896607832-0.jpg?v=1784896611,https://cdn.shopify.com/s/files/1/0965/9354/3474/files/img-1784896608948-1.jpg?v=1784896611
Liga Española,Atlético de Madrid,"Camiseta Atlético de Madrid 25/26 Tercera, Versión Jugador",https://camisetasdefutbol.com.co/products/camiseta-atletico-de-madrid-25-26-tercera-version-jugador,110000,,https://cdn.shopify.com/s/files/1/0965/9354/3474/files/img-1780725218991-0.jpg?v=1780725222,https://cdn.shopify.com/s/files/1/0965/9354/3474/files/img-1780725220217-1.jpg?v=1780725222
Liga Española,Atlético de Madrid,"Camiseta Atlético de Madrid 25/26 Visitante, Versión Jugador",https://camisetasdefutbol.com.co/products/camiseta-atletico-de-madrid-25-26-visitante-version-jugador,110000,,https://cdn.shopify.com/s/files/1/0965/9354/3474/files/img-1783732485792-0.jpg?v=1783732491,https://cdn.shopify.com/s/files/1/0965/9354/3474/files/img-1783732488521-1.jpg?v=1783732491
Liga Española,Atlético de Madrid,"Camiseta Atlético de Madrid 26/27 Local Manga Larga, Versión Jugador",https://camisetasdefutbol.com.co/products/camiseta-atletico-de-madrid-26-27-local-manga-larga-version-jugador,125000,,https://cdn.shopify.com/s/files/1/0965/9354/3474/files/img-1787112568376-0.jpg?v=1787112572,https://cdn.shopify.com/s/files/1/0965/9354/3474/files/img-1787112569646-1.jpg?v=1787112572
Liga Española,Atlético de Madrid,"Camiseta Atlético de Madrid 26/27 Local, Versión Jugador",https://camisetasdefutbol.com.co/products/camiseta-atletico-de-madrid-26-27-local-version-jugador,110000,,https://cdn.shopify.com/s/files/1/0965/9354/3474/files/img-1787112488066-0.jpg?v=1787112491,https://cdn.shopify.com/s/files/1/0965/9354/3474/files/img-1787112489550-1.jpg?v=1787112491
Liga Española,Atlético de Madrid,"Camiseta Atlético de Madrid 26/27 Visitante, Versión Jugador",https://camisetasdefutbol.com.co/products/camiseta-atletico-de-madrid-26-27-visitante-version-jugador,110000,,https://cdn.shopify.com/s/files/1/0965/9354/3474/files/img-1787112472624-0.jpg?v=1787112476,https://cdn.shopify.com/s/files/1/0965/9354/3474/files/img-1787112474019-1.jpg?v=1787112476
Liga Española,Atlético de Madrid,Camiseta Atlético de Madrid 90/93 Visitante Retro,https://camisetasdefutbol.com.co/products/camiseta-atletico-de-madrid-90-93-visitante-retro,120000,,https://cdn.shopify.com/s/files/1/0965/9354/3474/files/fix-238828359-0.jpg?v=1780704968,https://cdn.shopify.com/s/files/1/0965/9354/3474/files/fix-238828359-1.jpg?v=1780704968
Liga Española,Atlético de Madrid,Camiseta Atlético de Madrid 96/97 Local Retro,https://camisetasdefutbol.com.co/products/camiseta-atletico-de-madrid-96-97-local-retro,120000,,https://cdn.shopify.com/s/files/1/0965/9354/3474/files/img-1780728845494-0.jpg?v=1780728849,https://cdn.shopify.com/s/files/1/0965/9354/3474/files/img-1780728847142-1.jpg?v=1780728849
Liga Española,Atlético de Madrid,Camiseta Atlético de Madrid 98/99 Visitante Retro,https://camisetasdefutbol.com.co/products/camiseta-atletico-de-madrid-98-99-visitante-retro,120000,,https://cdn.shopify.com/s/files/1/0965/9354/3474/files/img-1790546336994-0.jpg?v=1790546339,https://cdn.shopify.com/s/files/1/0965/9354/3474/files/img-1790546338408-1.jpg?v=1790546339
Liga Española,Atlético de Madrid,Equipación para niños 2026-2027 Atlético de Madrid Local,https://camisetasdefutbol.com.co/products/equipacion-para-ninos-2026-2027-atletico-de-madrid-local,100000,,https://cdn.shopify.com/s/files/1/0965/9354/3474/files/img-1788145105038-0.jpg?v=1788145108,https://cdn.shopify.com/s/files/1/0965/9354/3474/files/img-1788145106865-1.jpg?v=1788145108
Liga Española,Atlético de Madrid,Rompevientos Atlético de Madrid 96/98,https://camisetasdefutbol.com.co/products/rompevientos-atletico-de-madrid-96-98,250000,,https://cdn.shopify.com/s/files/1/0965/9354/3474/files/img-1782190020042-0.jpg?v=1782190024,https://cdn.shopify.com/s/files/1/0965/9354/3474/files/img-1782190022597-1.jpg?v=1782190024
Liga Española,Burgos CF,Camiseta Burgos CF 26/27 Visitante,https://camisetasdefutbol.com.co/products/camiseta-burgos-cf-26-27-visitante,100000,,https://cdn.shopify.com/s/files/1/0965/9354/3474/files/img-1790546379878-0.jpg?v=1790546382,https://cdn.shopify.com/s/files/1/0965/9354/3474/files/img-1790546381649-1.jpg?v=1790546382
Liga Española,Celta de Vigo,Camiseta Celta de Vigo 01/02 Local Retro,https://camisetasdefutbol.com.co/products/camiseta-celta-de-vigo-01-02-local-retro,120000,,https://cdn.shopify.com/s/files/1/0965/9354/3474/files/img-1781536393345-0.jpg?v=1781536396,https://cdn.shopify.com/s/files/1/0965/9354/3474/files/img-1781536394844-1.jpg?v=1781536397
Liga Española,Celta de Vigo,Camiseta Celta de Vigo 03/04 Local Retro,https://camisetasdefutbol.com.co/products/camiseta-celta-de-vigo-03-04-local-retro,120000,,https://cdn.shopify.com/s/files/1/0965/9354/3474/files/img-1784483516153-0.jpg?v=1784483519,https://cdn.shopify.com/s/files/1/0965/9354/3474/files/img-1784483517276-1.jpg?v=1784483519
Liga Española,Celta de Vigo,Camiseta Celta de Vigo 05/07 Local Retro,https://camisetasdefutbol.com.co/products/camiseta-celta-de-vigo-05-07-local-retro,120000,,https://cdn.shopify.com/s/files/1/0965/9354/3474/files/img-1787023848549-0.jpg?v=1787023851,https://cdn.shopify.com/s/files/1/0965/9354/3474/files/img-1787023849811-1.jpg?v=1787023851
Liga Española,Celta de Vigo,Camiseta Celta de Vigo 26/27 Tercera,https://camisetasdefutbol.com.co/products/camiseta-celta-de-vigo-26-27-tercera,100000,,https://cdn.shopify.com/s/files/1/0965/9354/3474/files/img-1789856899748-0.jpg?v=1789856902,https://cdn.shopify.com/s/files/1/0965/9354/3474/files/img-1789856900711-1.jpg?v=1789856902
Liga Española,Celta de Vigo,Camiseta Celta de Vigo 84/85 Local Retro,https://camisetasdefutbol.com.co/products/camiseta-celta-de-vigo-84-85-local-retro,120000,,https://cdn.shopify.com/s/files/1/0965/9354/3474/files/img-1784483436278-0.jpg?v=1784483439,https://cdn.shopify.com/s/files/1/0965/9354/3474/files/img-1784483437413-1.jpg?v=1784483439
Liga Española,Celta de Vigo,Camiseta Celta de Vigo 97/98 Visitante Retro,https://camisetasdefutbol.com.co/products/camiseta-celta-de-vigo-97-98-visitante-retro,120000,,https://cdn.shopify.com/s/files/1/0965/9354/3474/files/img-1787023854920-0.jpg?v=1787023858,https://cdn.shopify.com/s/files/1/0965/9354/3474/files/img-1787023855975-1.jpg?v=1787023858
Liga Española,Celta de Vigo,Rompevientos Celta de Vigo 98/99 Retro,https://camisetasdefutbol.com.co/products/rompevientos-celta-de-vigo-98-99-retro,250000,,https://cdn.shopify.com/s/files/1/0965/9354/3474/files/img-1782189881699-0.jpg?v=1782189886,https://cdn.shopify.com/s/files/1/0965/9354/3474/files/img-1782189884707-1.jpg?v=1782189886
Liga Española,Cádiz,Camiseta Cádiz 26/27 Entrenamiento,https://camisetasdefutbol.com.co/products/camiseta-cadiz-26-27-entrenamiento,100000,,https://cdn.shopify.com/s/files/1/0965/9354/3474/files/img-1788145167244-0.jpg?v=1788145170,https://cdn.shopify.com/s/files/1/0965/9354/3474/files/img-1788145168261-1.jpg?v=1788145170
Liga Española,Cádiz,Camiseta Cádiz CF 26/27 Local,https://camisetasdefutbol.com.co/products/camiseta-cadiz-cf-26-27-local,100000,,https://cdn.shopify.com/s/files/1/0965/9354/3474/files/img-1787112346030-0.jpg?v=1787112350,https://cdn.shopify.com/s/files/1/0965/9354/3474/files/img-1787112348186-1.jpg?v=1787112350
Liga Española,Cádiz,Camiseta Cádiz CF 26/27 Tercera,https://camisetasdefutbol.com.co/products/camiseta-cadiz-cf-26-27-tercera,100000,,https://cdn.shopify.com/s/files/1/0965/9354/3474/files/img-1789856905900-0.jpg?v=1789856908,https://cdn.shopify.com/s/files/1/0965/9354/3474/files/img-1789856906788-1.jpg?v=1789856908
Liga Española,Cádiz,Camiseta Cádiz CF 26/27 Visitante,https://camisetasdefutbol.com.co/products/camiseta-cadiz-cf-26-27-visitante,100000,,https://cdn.shopify.com/s/files/1/0965/9354/3474/files/img-1789258121029-0.jpg?v=1789258124,https://cdn.shopify.com/s/files/1/0965/9354/3474/files/img-1789258122208-1.jpg?v=1789258124
Liga Española,Córdoba,Camiseta Córdoba CF 26/27 Local,https://camisetasdefutbol.com.co/products/camiseta-cordoba-cf-26-27-local,100000,,https://cdn.shopify.com/s/files/1/0965/9354/3474/files/img-1787112390363-0.jpg?v=1787112394,https://cdn.shopify.com/s/files/1/0965/9354/3474/files/img-1787112392108-1.jpg?v=1787112394
Liga Española,Córdoba,Camiseta Córdoba CF 26/27 Tercera,https://camisetasdefutbol.com.co/products/camiseta-cordoba-cf-26-27-tercera,100000,,https://cdn.shopify.com/s/files/1/0965/9354/3474/files/img-1787112376301-0.jpg?v=1787112380,https://cdn.shopify.com/s/files/1/0965/9354/3474/files/img-1787112378073-1.jpg?v=1787112380
Liga Española,Córdoba,Camiseta Córdoba CF 26/27 Visitante,https://camisetasdefutbol.com.co/products/camiseta-cordoba-cf-26-27-visitante,100000,,https://cdn.shopify.com/s/files/1/0965/9354/3474/files/img-1787112383615-0.jpg?v=1787112387,https://cdn.shopify.com/s/files/1/0965/9354/3474/files/img-1787112385023-1.jpg?v=1787112387
Liga Española,Deportivo La Coruña,Camiseta Deportivo La Coruña 01/02 Visitante Retro,https://camisetasdefutbol.com.co/products/camiseta-deportivo-la-coruna-01-02-visitante-retro,120000,,https://cdn.shopify.com/s/files/1/0965/9354/3474/files/img-1790546287388-0.jpg?v=1790546289,https://cdn.shopify.com/s/files/1/0965/9354/3474/files/img-1790546288285-1.jpg?v=1790546289
Liga Española,Deportivo La Coruña,Camiseta Deportivo La Coruña 02/03 Local Retro,https://camisetasdefutbol.com.co/products/camiseta-deportivo-la-coruna-02-03-local-retro,120000,,https://cdn.shopify.com/s/files/1/0965/9354/3474/files/img-1790546281122-0.jpg?v=1790546283,https://cdn.shopify.com/s/files/1/0965/9354/3474/files/img-1790546282087-1.jpg?v=1790546283
Liga Española,Deportivo La Coruña,Camiseta Deportivo La Coruña 26/27 Tercera,https://camisetasdefutbol.com.co/products/camiseta-deportivo-la-coruna-26-27-tercera,100000,,https://cdn.shopify.com/s/files/1/0965/9354/3474/files/img-1789856880714-0.jpg?v=1789856883,https://cdn.shopify.com/s/files/1/0965/9354/3474/files/img-1789856881767-1.jpg?v=1789856883
Liga Española,Deportivo La Coruña,Camiseta Deportivo La Coruña 26/27 Visitante,https://camisetasdefutbol.com.co/products/camiseta-deportivo-la-coruna-26-27-visitante,100000,,https://cdn.shopify.com/s/files/1/0965/9354/3474/files/img-1787112275278-0.jpg?v=1787112279,https://cdn.shopify.com/s/files/1/0965/9354/3474/files/img-1787112276611-1.jpg?v=1787112279
Liga Española,Deportivo La Coruña,Camiseta Deportivo La Coruña 98/99 Tercera Retro,https://camisetasdefutbol.com.co/products/camiseta-deportivo-la-coruna-98-99-tercera-retro,120000,,https://cdn.shopify.com/s/files/1/0965/9354/3474/files/img-1790546275203-0.jpg?v=1790546277,https://cdn.shopify.com/s/files/1/0965/9354/3474/files/img-1790546276331-1.jpg?v=1790546277
Liga Española,Elche,Camiseta Elche 26/27 Local,https://camisetasdefutbol.com.co/products/camiseta-elche-26-27-local,100000,,https://cdn.shopify.com/s/files/1/0965/9354/3474/files/img-1789856860796-0.jpg?v=1789856863,https://cdn.shopify.com/s/files/1/0965/9354/3474/files/img-1789856862007-1.jpg?v=1789856863
Liga Española,Elche,Camiseta Elche 26/27 Visitante,https://camisetasdefutbol.com.co/products/camiseta-elche-26-27-visitante,100000,,https://cdn.shopify.com/s/files/1/0965/9354/3474/files/img-1789856866797-0.jpg?v=1789856870,https://cdn.shopify.com/s/files/1/0965/9354/3474/files/img-1789856868556-1.jpg?v=1789856870
Liga Española,Elche,Camiseta Elche 99/00 Local Retro,https://camisetasdefutbol.com.co/products/camiseta-elche-99-00-local-retro,120000,,https://cdn.shopify.com/s/files/1/0965/9354/3474/files/img-1784483488931-0.jpg?v=1784483493,https://cdn.shopify.com/s/files/1/0965/9354/3474/files/img-1784483490840-1.jpg?v=1784483493
Liga Española,Espanyol,Camiseta RCD Espanyol 25/26 Local,https://camisetasdefutbol.com.co/products/camiseta-rcd-espanyol-25-26-local,100000,,https://cdn.shopify.com/s/files/1/0965/9354/3474/files/img-1786685024672-0.jpg?v=1786685028,https://cdn.shopify.com/s/files/1/0965/9354/3474/files/img-1786685025683-1.jpg?v=1786685028
Liga Española,Espanyol,Camiseta RCD Espanyol 26/27 Tercera,https://camisetasdefutbol.com.co/products/camiseta-rcd-espanyol-26-27-tercera,100000,,https://cdn.shopify.com/s/files/1/0965/9354/3474/files/img-1789856823830-0.jpg?v=1789856826,https://cdn.shopify.com/s/files/1/0965/9354/3474/files/img-1789856824947-1.jpg?v=1789856826
Liga Española,Espanyol,Camiseta RCD Espanyol 26/27 Visitante,https://camisetasdefutbol.com.co/products/camiseta-rcd-espanyol-26-27-visitante,100000,,https://cdn.shopify.com/s/files/1/0965/9354/3474/files/img-1789856829697-0.jpg?v=1789856832,https://cdn.shopify.com/s/files/1/0965/9354/3474/files/img-1789856830666-1.jpg?v=1789856832
Liga Española,FC Barcelona,Camiseta FC Barcelona 11/12 Local Manga Larga Retro,https://camisetasdefutbol.com.co/products/camiseta-fc-barcelona-11-12-local-manga-larga-retro,135000,,https://cdn.shopify.com/s/files/1/0965/9354/3474/files/img-1790546411023-0.jpg?v=1790546413,https://cdn.shopify.com/s/files/1/0965/9354/3474/files/img-1790546412473-1.jpg?v=1790546413
Liga Española,FC Barcelona,Camiseta FC Barcelona 11/12 Visitante Retro,https://camisetasdefutbol.com.co/products/camiseta-fc-barcelona-11-12-visitante-retro,120000,,https://cdn.shopify.com/s/files/1/0965/9354/3474/files/img-1780729365070-0.jpg?v=1780729369,https://cdn.shopify.com/s/files/1/0965/9354/3474/files/img-1780729366701-1.jpg?v=1780729368
Liga Española,FC Barcelona,Camiseta FC Barcelona 1995/97 Visitante Retro,https://camisetasdefutbol.com.co/products/camiseta-fc-barcelona-1995-97-visitante-retro,120000,,https://cdn.shopify.com/s/files/1/0965/9354/3474/files/img-1784483331415-0.jpg?v=1784483335,https://cdn.shopify.com/s/files/1/0965/9354/3474/files/img-1784483333054-1.jpg?v=1784483335
Liga Española,FC Barcelona,Camiseta FC Barcelona 1998 Local Retro,https://camisetasdefutbol.com.co/products/camiseta-fc-barcelona-1998-local-retro,120000,,https://cdn.shopify.com/s/files/1/0965/9354/3474/files/img-1790546392242-0.jpg?v=1790546394,https://cdn.shopify.com/s/files/1/0965/9354/3474/files/img-1790546393217-1.jpg?v=1790546394
Liga Española,FC Barcelona,Camiseta FC Barcelona 1998 Visitante Retro,https://camisetasdefutbol.com.co/products/camiseta-fc-barcelona-1998-visitante-retro,120000,,https://cdn.shopify.com/s/files/1/0965/9354/3474/files/img-1790546397956-0.jpg?v=1790546400,https://cdn.shopify.com/s/files/1/0965/9354/3474/files/img-1790546398913-1.jpg?v=1790546400
Liga Española,FC Barcelona,Camiseta FC Barcelona 20/21 Tercera Retro,https://camisetasdefutbol.com.co/products/camiseta-fc-barcelona-20-21-tercera-retro,120000,,https://cdn.shopify.com/s/files/1/0965/9354/3474/files/img-1780723541950-0.jpg?v=1780723546,https://cdn.shopify.com/s/files/1/0965/9354/3474/files/img-1780723543722-1.jpg?v=1780723546
Liga Española,FC Barcelona,Camiseta FC Barcelona 2010/11 Local Retro,https://camisetasdefutbol.com.co/products/camiseta-fc-barcelona-2010-11-local-retro,120000,,https://cdn.shopify.com/s/files/1/0965/9354/3474/files/img-1784436937570-0.jpg?v=1784436941,https://cdn.shopify.com/s/files/1/0965/9354/3474/files/img-1784436939065-1.jpg?v=1784436941
Liga Española,FC Barcelona,"Camiseta FC Barcelona 23/24 Local, Versión Jugador",https://camisetasdefutbol.com.co/products/camiseta-fc-barcelona-23-24-local-version-jugador,110000,,https://cdn.shopify.com/s/files/1/0965/9354/3474/files/img-1783730323503-0.jpg?v=1783730327,https://cdn.shopify.com/s/files/1/0965/9354/3474/files/img-1783730324934-1.jpg?v=1783730327
Liga Española,FC Barcelona,"Camiseta FC Barcelona 23/24 Visitante, Versión Jugador",https://camisetasdefutbol.com.co/products/camiseta-fc-barcelona-23-24-visitante-version-jugador,110000,,https://cdn.shopify.com/s/files/1/0965/9354/3474/files/img-1783730301534-0.jpg?v=1783730306,https://cdn.shopify.com/s/files/1/0965/9354/3474/files/img-1783730303829-1.jpg?v=1783730306
Liga Española,FC Barcelona,Camiseta FC Barcelona 25/26 Tercera,https://camisetasdefutbol.com.co/products/camiseta-fc-barcelona-25-26-tercera,100000,,https://cdn.shopify.com/s/files/1/0965/9354/3474/files/img-1780734006699-0.jpg?v=1780734010,https://cdn.shopify.com/s/files/1/0965/9354/3474/files/img-1780734008596-1.jpg?v=1780734010
Liga Española,FC Barcelona,"Camiseta FC Barcelona 25/26 Tercera, Versión Jugador",https://camisetasdefutbol.com.co/products/camiseta-fc-barcelona-25-26-tercera-version-jugador,110000,,https://cdn.shopify.com/s/files/1/0965/9354/3474/files/img-1780726744795-0.jpg?v=1780726748,https://cdn.shopify.com/s/files/1/0965/9354/3474/files/img-1780726746111-1.jpg?v=1780726748
Liga Española,FC Barcelona,"Camiseta FC Barcelona 26/27 Cuarta, Versión Jugador",https://camisetasdefutbol.com.co/products/camiseta-fc-barcelona-26-27-cuarta-version-jugador,110000,,https://cdn.shopify.com/s/files/1/0965/9354/3474/files/img-1790545357670-0.jpg?v=1790545360,https://cdn.shopify.com/s/files/1/0965/9354/3474/files/img-1790545358742-1.jpg?v=1790545359
Liga Española,FC Barcelona,Camiseta FC Barcelona 26/27 Local Manga Larga,https://camisetasdefutbol.com.co/products/camiseta-fc-barcelona-26-27-local-manga-larga,115000,,https://cdn.shopify.com/s/files/1/0965/9354/3474/files/img-1790546386226-0.jpg?v=1790546388,https://cdn.shopify.com/s/files/1/0965/9354/3474/files/img-1790546387167-1.jpg?v=1790546388
Liga Española,FC Barcelona,"Camiseta FC Barcelona 26/27 Local Manga Larga, Versión Jugador",https://camisetasdefutbol.com.co/products/camiseta-fc-barcelona-26-27-local-manga-larga-version-jugador,125000,,https://cdn.shopify.com/s/files/1/0965/9354/3474/files/img-1788631389055-0.jpg?v=1788631392,https://cdn.shopify.com/s/files/1/0965/9354/3474/files/img-1788631390343-1.jpg?v=1788631392
Liga Española,FC Barcelona,"Camiseta FC Barcelona 26/27 Local, Versión Jugador",https://camisetasdefutbol.com.co/products/camiseta-fc-barcelona-26-27-local-version-jugador,110000,,https://cdn.shopify.com/s/files/1/0965/9354/3474/files/fix-226970654-0.jpg?v=1780704615,https://cdn.shopify.com/s/files/1/0965/9354/3474/files/fix-226970654-1.jpg?v=1780704615
Liga Española,FC Barcelona,Camiseta FC Barcelona 26/27 Pre Match,https://camisetasdefutbol.com.co/products/camiseta-fc-barcelona-26-27-pre-match,100000,,https://cdn.shopify.com/s/files/1/0965/9354/3474/files/img-1789258393864-0.jpg?v=1789258397,https://cdn.shopify.com/s/files/1/0965/9354/3474/files/img-1789258394830-1.jpg?v=1789258397
Liga Española,FC Barcelona,Camiseta FC Barcelona 95/97 Visitante Retro,https://camisetasdefutbol.com.co/products/camiseta-fc-barcelona-95-97-visitante-retro,120000,,https://cdn.shopify.com/s/files/1/0965/9354/3474/files/img-1780732800881-0.jpg?v=1780732805,https://cdn.shopify.com/s/files/1/0965/9354/3474/files/img-1780732803038-1.jpg?v=1780732805
Liga Española,FC Barcelona,Camiseta FC Barcelona 96/97 Visitante Retro,https://camisetasdefutbol.com.co/products/camiseta-fc-barcelona-96-97-visitante-retro,120000,,https://cdn.shopify.com/s/files/1/0965/9354/3474/files/img-1786685077867-0.jpg?v=1786685081,https://cdn.shopify.com/s/files/1/0965/9354/3474/files/img-1786685079326-1.jpg?v=1786685081
Liga Española,Girona,Camiseta Girona FC 26/27 Local,https://camisetasdefutbol.com.co/products/camiseta-girona-fc-26-27-local,100000,,https://cdn.shopify.com/s/files/1/0965/9354/3474/files/img-1789258172643-0.jpg?v=1789258175,https://cdn.shopify.com/s/files/1/0965/9354/3474/files/img-1789258173527-1.jpg?v=1789258175
Liga Española,Girona,Camiseta Girona FC 26/27 Visitante,https://camisetasdefutbol.com.co/products/camiseta-girona-fc-26-27-visitante,100000,,https://cdn.shopify.com/s/files/1/0965/9354/3474/files/img-1789258190878-0.jpg?v=1789258194,https://cdn.shopify.com/s/files/1/0965/9354/3474/files/img-1789258191826-1.jpg?v=1789258193
Liga Española,Granada,Camiseta Granada CF 26/27 Local,https://camisetasdefutbol.com.co/products/camiseta-granada-cf-26-27-local,100000,,https://cdn.shopify.com/s/files/1/0965/9354/3474/files/img-1789856848308-0.jpg?v=1789856851,https://cdn.shopify.com/s/files/1/0965/9354/3474/files/img-1789856849314-1.jpg?v=1789856851
Liga Española,Granada,Camiseta Granada CF 26/27 Tercera,https://camisetasdefutbol.com.co/products/camiseta-granada-cf-26-27-tercera,100000,,https://cdn.shopify.com/s/files/1/0965/9354/3474/files/img-1789856842132-0.jpg?v=1789856844,https://cdn.shopify.com/s/files/1/0965/9354/3474/files/img-1789856843395-1.jpg?v=1789856844
Liga Española,Granada,Camiseta Granada CF 26/27 Visitante,https://camisetasdefutbol.com.co/products/camiseta-granada-cf-26-27-visitante,100000,,https://cdn.shopify.com/s/files/1/0965/9354/3474/files/img-1789856854423-0.jpg?v=1789856856,https://cdn.shopify.com/s/files/1/0965/9354/3474/files/img-1789856855351-1.jpg?v=1789856856
Liga Española,Las Palmas,Camiseta UD Las Palmas 26/27 Local,https://camisetasdefutbol.com.co/products/camiseta-ud-las-palmas-26-27-local,100000,,https://cdn.shopify.com/s/files/1/0965/9354/3474/files/img-1787112315994-0.jpg?v=1787112319,https://cdn.shopify.com/s/files/1/0965/9354/3474/files/img-1787112317379-1.jpg?v=1787112319
Liga Española,Las Palmas,Camiseta UD Las Palmas 26/27 Tercera,https://camisetasdefutbol.com.co/products/camiseta-ud-las-palmas-26-27-tercera,100000,,https://cdn.shopify.com/s/files/1/0965/9354/3474/files/img-1787112180299-0.jpg?v=1787112184,https://cdn.shopify.com/s/files/1/0965/9354/3474/files/img-1787112181607-1.jpg?v=1787112183
Liga Española,Las Palmas,Camiseta UD Las Palmas 26/27 Visitante,https://camisetasdefutbol.com.co/products/camiseta-ud-las-palmas-26-27-visitante,100000,,https://cdn.shopify.com/s/files/1/0965/9354/3474/files/img-1789856726793-0.jpg?v=1789856729,https://cdn.shopify.com/s/files/1/0965/9354/3474/files/img-1789856727881-1.jpg?v=1789856729
Liga Española,Mallorca,Camiseta RCD Mallorca 97/99 Local Retro,https://camisetasdefutbol.com.co/products/camiseta-rcd-mallorca-97-99-local-retro,120000,,https://cdn.shopify.com/s/files/1/0965/9354/3474/files/img-1783229081300-0.jpg?v=1783229085,https://cdn.shopify.com/s/files/1/0965/9354/3474/files/img-1783229082487-1.jpg?v=1783229085
Liga Española,Málaga,Camiseta Málaga 12/13 Tercera Retro,https://camisetasdefutbol.com.co/products/camiseta-malaga-12-13-tercera-retro,120000,,https://cdn.shopify.com/s/files/1/0965/9354/3474/files/img-1781536419761-0.jpg?v=1781536424,https://cdn.shopify.com/s/files/1/0965/9354/3474/files/img-1781536421796-1.jpg?v=1781536424
Liga Española,Málaga,Camiseta Málaga 26/27 Edición Especial,https://camisetasdefutbol.com.co/products/camiseta-malaga-26-27-edicion-especial,100000,,https://cdn.shopify.com/s/files/1/0965/9354/3474/files/img-1787112445698-0.jpg?v=1787112453,https://cdn.shopify.com/s/files/1/0965/9354/3474/files/img-1787112451132-1.jpg?v=1787112453
Liga Española,Málaga,Camiseta Málaga 26/27 Tercera,https://camisetasdefutbol.com.co/products/camiseta-malaga-26-27-tercera,100000,,https://cdn.shopify.com/s/files/1/0965/9354/3474/files/img-1789258030921-0.jpg?v=1789258034,https://cdn.shopify.com/s/files/1/0965/9354/3474/files/img-1789258032089-1.jpg?v=1789258034
Liga Española,Málaga,Camiseta Málaga 26/27 Visitante,https://camisetasdefutbol.com.co/products/camiseta-malaga-26-27-visitante,100000,,https://cdn.shopify.com/s/files/1/0965/9354/3474/files/img-1787112267447-0.jpg?v=1787112271,https://cdn.shopify.com/s/files/1/0965/9354/3474/files/img-1787112269271-1.jpg?v=1787112271
Liga Española,Osasuna,Camiseta Osasuna 1983 Local Retro,https://camisetasdefutbol.com.co/products/camiseta-osasuna-1983-local-retro,120000,,https://cdn.shopify.com/s/files/1/0965/9354/3474/files/img-1784483343911-0.jpg?v=1784483347,https://cdn.shopify.com/s/files/1/0965/9354/3474/files/img-1784483344963-1.jpg?v=1784483347
Liga Española,Osasuna,Camiseta Osasuna 26/27 Local,https://camisetasdefutbol.com.co/products/camiseta-osasuna-26-27-local,100000,,https://cdn.shopify.com/s/files/1/0965/9354/3474/files/img-1787112308732-0.jpg?v=1787112312,https://cdn.shopify.com/s/files/1/0965/9354/3474/files/img-1787112309861-1.jpg?v=1787112312
Liga Española,Osasuna,Camiseta Osasuna 26/27 Visitante,https://camisetasdefutbol.com.co/products/camiseta-osasuna-26-27-visitante,100000,,https://cdn.shopify.com/s/files/1/0965/9354/3474/files/img-1787112215605-0.jpg?v=1787112219,https://cdn.shopify.com/s/files/1/0965/9354/3474/files/img-1787112217046-1.jpg?v=1787112219
Liga Española,Osasuna,Camiseta Osasuna 87/88 Local Retro,https://camisetasdefutbol.com.co/products/camiseta-osasuna-87-88-local-retro,120000,,https://cdn.shopify.com/s/files/1/0965/9354/3474/files/img-1781536434972-0.jpg?v=1781536438,https://cdn.shopify.com/s/files/1/0965/9354/3474/files/img-1781536436549-1.jpg?v=1781536438
Liga Española,Osasuna,Camiseta Osasuna 98/00 Local Retro,https://camisetasdefutbol.com.co/products/camiseta-osasuna-98-00-local-retro,120000,,https://cdn.shopify.com/s/files/1/0965/9354/3474/files/img-1783229087878-0.jpg?v=1783229091,https://cdn.shopify.com/s/files/1/0965/9354/3474/files/img-1783229089093-1.jpg?v=1783229091
Liga Española,Racing de Santander,Camiseta Racing de Santander 25/26 Retro,https://camisetasdefutbol.com.co/products/camiseta-racing-de-santander-25-26-retro,120000,,https://cdn.shopify.com/s/files/1/0965/9354/3474/files/img-1783228983136-0.jpg?v=1783228986,https://cdn.shopify.com/s/files/1/0965/9354/3474/files/img-1783228984180-1.jpg?v=1783228986
Liga Española,Racing de Santander,Camiseta Racing de Santander 26/27 Local,https://camisetasdefutbol.com.co/products/camiseta-racing-de-santander-26-27-local,100000,,https://cdn.shopify.com/s/files/1/0965/9354/3474/files/lo-racing-0.jpg?v=1786924602,https://cdn.shopify.com/s/files/1/0965/9354/3474/files/lo-racing-1.jpg?v=1786924602
Liga Española,Racing de Santander,Camiseta Racing de Santander 97/98 Local Retro,https://camisetasdefutbol.com.co/products/camiseta-racing-de-santander-97-98-local-retro,120000,,https://cdn.shopify.com/s/files/1/0965/9354/3474/files/img-1790546268363-0.jpg?v=1790546270,https://cdn.shopify.com/s/files/1/0965/9354/3474/files/img-1790546269416-1.jpg?v=1790546270
Liga Española,Racing de Santander,Camiseta Racing de Santander Portero Aniversario Verde,https://camisetasdefutbol.com.co/products/camiseta-racing-de-santander-portero-aniversario-verde,110000,,https://cdn.shopify.com/s/files/1/0965/9354/3474/files/img-1783301709192-0.jpg?v=1783301713,https://cdn.shopify.com/s/files/1/0965/9354/3474/files/img-1783301711555-1.jpg?v=1783301714
Liga Española,Real Betis,Camiseta 2025-2026 Real Betis Edición Especial,https://camisetasdefutbol.com.co/products/camiseta-2025-2026-real-betis-edicion-especial,100000,,https://cdn.shopify.com/s/files/1/0965/9354/3474/files/download_9fbf3698-6534-40fe-a972-c4c30b18fc31.jpg?v=1776655116,https://cdn.shopify.com/s/files/1/0965/9354/3474/files/download_59cca3bb-b61b-4150-a9e8-aaff1580ee6c.jpg?v=1776655116
Liga Española,Real Betis,Camiseta 2025-2026 Real Betis Local manga larga,https://camisetasdefutbol.com.co/products/camiseta-2025-2026-real-betis-local,115000,,https://cdn.shopify.com/s/files/1/0965/9354/3474/files/download_faf67086-7f83-4412-8635-6c05899c518e.jpg?v=1776655114,https://cdn.shopify.com/s/files/1/0965/9354/3474/files/download_035a8739-289e-40f9-b64f-01fb0c2f1c4a.jpg?v=1776655114
Liga Española,Real Betis,"Camiseta Real Betis 25/26 Local, Versión Jugador",https://camisetasdefutbol.com.co/products/camiseta-real-betis-25-26-local-version-jugador,110000,,https://cdn.shopify.com/s/files/1/0965/9354/3474/files/img-1783732337993-0.jpg?v=1783732341,https://cdn.shopify.com/s/files/1/0965/9354/3474/files/img-1783732339064-1.jpg?v=1783732341
Liga Española,Real Betis,Camiseta Real Betis 25/26 Pre Match,https://camisetasdefutbol.com.co/products/camiseta-real-betis-25-26-pre-match,100000,,https://cdn.shopify.com/s/files/1/0965/9354/3474/files/img-1788145196467-0.jpg?v=1788145199,https://cdn.shopify.com/s/files/1/0965/9354/3474/files/img-1788145198046-1.jpg?v=1788145199
Liga Española,Real Betis,"Camiseta Real Betis 26/27 Local, Versión Jugador",https://camisetasdefutbol.com.co/products/camiseta-real-betis-26-27-local-version-jugador,110000,,https://cdn.shopify.com/s/files/1/0965/9354/3474/files/img-1787112512956-0.jpg?v=1787112516,https://cdn.shopify.com/s/files/1/0965/9354/3474/files/img-1787112514407-1.jpg?v=1787112516
Liga Española,Real Betis,Camiseta Real Betis 26/27 Tercera,https://camisetasdefutbol.com.co/products/camiseta-real-betis-26-27-tercera,100000,,https://cdn.shopify.com/s/files/1/0965/9354/3474/files/img-1789258639937-0.jpg?v=1789258643,https://cdn.shopify.com/s/files/1/0965/9354/3474/files/img-1789258641156-1.jpg?v=1789258643
Liga Española,Real Betis,Camiseta Real Betis 26/27 Visitante,https://camisetasdefutbol.com.co/products/camiseta-real-betis-26-27-visitante,100000,,https://cdn.shopify.com/s/files/1/0965/9354/3474/files/img-1789258057439-0.jpg?v=1789258060,https://cdn.shopify.com/s/files/1/0965/9354/3474/files/img-1789258058596-1.jpg?v=1789258060
Liga Española,Real Betis,Camiseta Real Betis 98/99 Local Retro,https://camisetasdefutbol.com.co/products/camiseta-real-betis-98-99-local-retro,120000,,https://cdn.shopify.com/s/files/1/0965/9354/3474/files/img-1790546256279-0.jpg?v=1790546258,https://cdn.shopify.com/s/files/1/0965/9354/3474/files/img-1790546257583-1.jpg?v=1790546258
Liga Española,Real Madrid,Camiseta Real Madrid 02/03 Local Manga Larga Retro,https://camisetasdefutbol.com.co/products/camiseta-real-madrid-02-03-local-manga-larga-retro,135000,,https://cdn.shopify.com/s/files/1/0965/9354/3474/files/img-1788752004762-0.jpg?v=1788752007,https://cdn.shopify.com/s/files/1/0965/9354/3474/files/img-1788752005878-1.jpg?v=1788752007
Liga Española,Real Madrid,Camiseta Real Madrid 02/03 Tercera Retro,https://camisetasdefutbol.com.co/products/camiseta-real-madrid-02-03-tercera-retro,120000,,https://cdn.shopify.com/s/files/1/0965/9354/3474/files/img-1790546362562-0.jpg?v=1790546364,https://cdn.shopify.com/s/files/1/0965/9354/3474/files/img-1790546363659-1.jpg?v=1790546364
Liga Española,Real Madrid,Camiseta Real Madrid 05/06 Tercera Retro,https://camisetasdefutbol.com.co/products/camiseta-real-madrid-05-06-tercera-retro,120000,,https://cdn.shopify.com/s/files/1/0965/9354/3474/files/img-1790546356546-0.jpg?v=1790546358,https://cdn.shopify.com/s/files/1/0965/9354/3474/files/img-1790546357509-1.jpg?v=1790546358
Liga Española,Real Madrid,Camiseta Real Madrid 06/07 Local Retro,https://camisetasdefutbol.com.co/products/camiseta-real-madrid-06-07-local-retro,120000,,https://cdn.shopify.com/s/files/1/0965/9354/3474/files/img-1780728133831-0.jpg?v=1780728138,https://cdn.shopify.com/s/files/1/0965/9354/3474/files/img-1780728136167-1.jpg?v=1780728138
Liga Española,Real Madrid,Camiseta Real Madrid 11/12 Visitante Retro,https://camisetasdefutbol.com.co/products/camiseta-real-madrid-11-12-visitante-retro,120000,,https://cdn.shopify.com/s/files/1/0965/9354/3474/files/img-1780732850569-0.jpg?v=1780732854,https://cdn.shopify.com/s/files/1/0965/9354/3474/files/img-1780732852349-1.jpg?v=1780732854
Liga Española,Real Madrid,Camiseta Real Madrid 13/14 Visitante Retro,https://camisetasdefutbol.com.co/products/camiseta-real-madrid-13-14-visitante-retro,120000,,https://cdn.shopify.com/s/files/1/0965/9354/3474/files/img-1790546350047-0.jpg?v=1790546352,https://cdn.shopify.com/s/files/1/0965/9354/3474/files/img-1790546351636-1.jpg?v=1790546352
Liga Española,Real Madrid,Camiseta Real Madrid 1994/96 Visitante Retro,https://camisetasdefutbol.com.co/products/camiseta-real-madrid-1994-96-visitante-retro,120000,,https://cdn.shopify.com/s/files/1/0965/9354/3474/files/img-1784483299379-0.jpg?v=1784483303,https://cdn.shopify.com/s/files/1/0965/9354/3474/files/img-1784483300656-1.jpg?v=1784483303
Liga Española,Real Madrid,"Camiseta Real Madrid 22/23 Local, Versión Jugador",https://camisetasdefutbol.com.co/products/camiseta-real-madrid-22-23-local-version-jugador,110000,,https://cdn.shopify.com/s/files/1/0965/9354/3474/files/img-1783730390429-0.jpg?v=1783730394,https://cdn.shopify.com/s/files/1/0965/9354/3474/files/img-1783730391911-1.jpg?v=1783730394
Liga Española,Real Madrid,"Camiseta Real Madrid 22/23 Visitante, Versión Jugador",https://camisetasdefutbol.com.co/products/camiseta-real-madrid-22-23-visitante-version-jugador,110000,,https://cdn.shopify.com/s/files/1/0965/9354/3474/files/img-1783730382810-0.jpg?v=1783730386,https://cdn.shopify.com/s/files/1/0965/9354/3474/files/img-1783730384384-1.jpg?v=1783730386
Liga Española,Real Madrid,Camiseta Real Madrid 25/26 Tercera,https://camisetasdefutbol.com.co/products/camiseta-real-madrid-25-26-tercera,100000,,https://cdn.shopify.com/s/files/1/0965/9354/3474/files/img-1780733979804-0.jpg?v=1780733983,https://cdn.shopify.com/s/files/1/0965/9354/3474/files/img-1780733981412-1.jpg?v=1780733983
Liga Española,Real Madrid,"Camiseta Real Madrid 26/27 Local Manga Larga, Versión Jugador",https://camisetasdefutbol.com.co/products/camiseta-real-madrid-26-27-local-manga-larga-version-jugador,125000,,https://cdn.shopify.com/s/files/1/0965/9354/3474/files/img-1784695949068-0.jpg?v=1784695952,https://cdn.shopify.com/s/files/1/0965/9354/3474/files/img-1784695950289-1.jpg?v=1784695952
Liga Española,Real Madrid,Camiseta Real Madrid 26/27 Tercera para Mujer,https://camisetasdefutbol.com.co/products/camiseta-real-madrid-26-27-tercera-para-mujer,100000,,https://cdn.shopify.com/s/files/1/0965/9354/3474/files/img-1786161584983-0.jpg?v=1786161588,https://cdn.shopify.com/s/files/1/0965/9354/3474/files/img-1786161586352-1.jpg?v=1786161588
Liga Española,Real Madrid,"Camiseta Real Madrid 26/27 Tercera, Versión Jugador",https://camisetasdefutbol.com.co/products/camiseta-real-madrid-26-27-tercera-version-jugador,110000,,https://cdn.shopify.com/s/files/1/0965/9354/3474/files/img-1788631584901-0.jpg?v=1788631588,https://cdn.shopify.com/s/files/1/0965/9354/3474/files/img-1788631586029-1.jpg?v=1788631588
Liga Española,Real Madrid,Camiseta sin Mangas Real Madrid 26/27 Local,https://camisetasdefutbol.com.co/products/camiseta-sin-mangas-real-madrid-26-27-local,110000,,https://cdn.shopify.com/s/files/1/0965/9354/3474/files/img-1790544905973-0.jpg?v=1790544908,https://cdn.shopify.com/s/files/1/0965/9354/3474/files/img-1790544906994-1.jpg?v=1790544908
Liga Española,Real Madrid,Camiseta sin Mangas Real Madrid 26/27 Visitante,https://camisetasdefutbol.com.co/products/camiseta-sin-mangas-real-madrid-26-27-visitante,110000,,https://cdn.shopify.com/s/files/1/0965/9354/3474/files/img-1790544911056-0.jpg?v=1790544913,https://cdn.shopify.com/s/files/1/0965/9354/3474/files/img-1790544912171-1.jpg?v=1790544913
Liga Española,Real Oviedo,Camiseta 2025-2026 Real Oviedo Alternativa Visitante,https://camisetasdefutbol.com.co/products/camiseta-2025-2026-real-oviedo-alternativa-visitante,100000,,https://cdn.shopify.com/s/files/1/0965/9354/3474/files/4a59be9a.jpg?v=1779077499,https://cdn.shopify.com/s/files/1/0965/9354/3474/files/c33c448f.jpg?v=1779077499
Liga Española,Real Oviedo,Camiseta Real Oviedo 25/26 Retro,https://camisetasdefutbol.com.co/products/camiseta-real-oviedo-25-26-retro,120000,,https://cdn.shopify.com/s/files/1/0965/9354/3474/files/img-1783229073869-0.jpg?v=1783229077,https://cdn.shopify.com/s/files/1/0965/9354/3474/files/img-1783229075256-1.jpg?v=1783229077
Liga Española,Real Oviedo,Camiseta Real Oviedo 26/27 Tercera,https://camisetasdefutbol.com.co/products/camiseta-real-oviedo-26-27-tercera,100000,,https://cdn.shopify.com/s/files/1/0965/9354/3474/files/img-1787112296204-0.jpg?v=1787112299,https://cdn.shopify.com/s/files/1/0965/9354/3474/files/img-1787112297335-1.jpg?v=1787112299
Liga Española,Real Oviedo,Camiseta Real Oviedo 26/27 Visitante,https://camisetasdefutbol.com.co/products/camiseta-real-oviedo-26-27-visitante,100000,,https://cdn.shopify.com/s/files/1/0965/9354/3474/files/img-1787112172603-0.jpg?v=1787112176,https://cdn.shopify.com/s/files/1/0965/9354/3474/files/img-1787112174028-1.jpg?v=1787112176
Liga Española,Real Oviedo,Camiseta Real Oviedo 92/93 Local Retro,https://camisetasdefutbol.com.co/products/camiseta-real-oviedo-92-93-local-retro,120000,,https://cdn.shopify.com/s/files/1/0965/9354/3474/files/img-1781536427821-0.jpg?v=1781536431,https://cdn.shopify.com/s/files/1/0965/9354/3474/files/img-1781536429503-1.jpg?v=1781536431
Liga Española,Real Oviedo,Camiseta Real Oviedo 95/96 Local Retro,https://camisetasdefutbol.com.co/products/camiseta-real-oviedo-95-96-local-retro,120000,,https://cdn.shopify.com/s/files/1/0965/9354/3474/files/img-1784483481672-0.jpg?v=1784483486,https://cdn.shopify.com/s/files/1/0965/9354/3474/files/img-1784483483688-1.jpg?v=1784483486
Liga Española,Real Oviedo,Camiseta Real Oviedo 98/99 Local Retro,https://camisetasdefutbol.com.co/products/camiseta-real-oviedo-98-99-local-retro,120000,,https://cdn.shopify.com/s/files/1/0965/9354/3474/files/img-1790546250462-0.jpg?v=1790546252,https://cdn.shopify.com/s/files/1/0965/9354/3474/files/img-1790546251405-1.jpg?v=1790546252
Liga Española,Real Sociedad,Camiseta Real Sociedad 26/27 Local,https://camisetasdefutbol.com.co/products/camiseta-real-sociedad-26-27-local,100000,,https://cdn.shopify.com/s/files/1/0965/9354/3474/files/lo-realsociedad-0.jpg?v=1786924556,https://cdn.shopify.com/s/files/1/0965/9354/3474/files/lo-realsociedad-1.jpg?v=1786924556
Liga Española,Real Sociedad,Camiseta Real Sociedad 26/27 Tercera,https://camisetasdefutbol.com.co/products/camiseta-real-sociedad-26-27-tercera,100000,,https://cdn.shopify.com/s/files/1/0965/9354/3474/files/img-1787112207951-0.jpg?v=1787112211,https://cdn.shopify.com/s/files/1/0965/9354/3474/files/img-1787112209401-1.jpg?v=1787112211
Liga Española,Real Sociedad,Camiseta Real Sociedad 26/27 Visitante,https://camisetasdefutbol.com.co/products/camiseta-real-sociedad-26-27-visitante,100000,,https://cdn.shopify.com/s/files/1/0965/9354/3474/files/img-1790544898601-0.jpg?v=1790544901,https://cdn.shopify.com/s/files/1/0965/9354/3474/files/img-1790544899839-1.jpg?v=1790544901
Liga Española,Real Sociedad,Camiseta Real Sociedad 95/96 Visitante Retro,https://camisetasdefutbol.com.co/products/camiseta-real-sociedad-95-96-visitante-retro,120000,,https://cdn.shopify.com/s/files/1/0965/9354/3474/files/img-1781536384261-0.jpg?v=1781536388,https://cdn.shopify.com/s/files/1/0965/9354/3474/files/img-1781536385922-1.jpg?v=1781536388
Liga Española,Real Sociedad,Camiseta Real Sociedad 97/98 Visitante Retro,https://camisetasdefutbol.com.co/products/camiseta-real-sociedad-97-98-visitante-retro,120000,,https://cdn.shopify.com/s/files/1/0965/9354/3474/files/img-1790546244666-0.jpg?v=1790546246,https://cdn.shopify.com/s/files/1/0965/9354/3474/files/img-1790546245604-1.jpg?v=1790546246
Liga Española,Real Sociedad,Equipación para niños 2025-2026 Real Sociedad Local,https://camisetasdefutbol.com.co/products/ninos-2025-2026-real-sociedad-local,100000,,https://cdn.shopify.com/s/files/1/0965/9354/3474/files/download_c400b88d-bab9-480f-9eba-d19f7841e2a7.jpg?v=1776655132,https://cdn.shopify.com/s/files/1/0965/9354/3474/files/download_e3aa3180-51f0-405b-9306-fbaefa6f94c8.jpg?v=1776655132
Liga Española,Real Valladolid,Camiseta Real Valladolid 26/27 Local,https://camisetasdefutbol.com.co/products/camiseta-real-valladolid-26-27-local,100000,,https://cdn.shopify.com/s/files/1/0965/9354/3474/files/img-1789856804411-0.jpg?v=1789856807,https://cdn.shopify.com/s/files/1/0965/9354/3474/files/img-1789856805684-1.jpg?v=1789856807
Liga Española,Real Valladolid,Camiseta Real Valladolid 26/27 Visitante,https://camisetasdefutbol.com.co/products/camiseta-real-valladolid-26-27-visitante,100000,,https://cdn.shopify.com/s/files/1/0965/9354/3474/files/img-1789856810697-0.jpg?v=1789856813,https://cdn.shopify.com/s/files/1/0965/9354/3474/files/img-1789856811592-1.jpg?v=1789856812
Liga Española,Sevilla,Camiseta Sevilla 25/26 Portero Rosa,https://camisetasdefutbol.com.co/products/camiseta-sevilla-25-26-portero-rosa,110000,,https://cdn.shopify.com/s/files/1/0965/9354/3474/files/img-1783301739731-0.jpg?v=1783301743,https://cdn.shopify.com/s/files/1/0965/9354/3474/files/img-1783301741027-1.jpg?v=1783301743
Liga Española,Sevilla,Camiseta Sevilla 98/99 Local Retro,https://camisetasdefutbol.com.co/products/camiseta-sevilla-98-99-local-retro,120000,,https://cdn.shopify.com/s/files/1/0965/9354/3474/files/img-1784436956362-0.jpg?v=1784436959,https://cdn.shopify.com/s/files/1/0965/9354/3474/files/img-1784436957887-1.jpg?v=1784436959
Liga Española,Sevilla,Camiseta Sevilla FC 25/26,https://camisetasdefutbol.com.co/products/camiseta-sevilla-fc-25-26,100000,,https://cdn.shopify.com/s/files/1/0965/9354/3474/files/fix-232974815-0.jpg?v=1780704802,https://cdn.shopify.com/s/files/1/0965/9354/3474/files/fix-232974815-1.jpg?v=1780704802
Liga Española,Sevilla,Camiseta Sevilla FC 25/26 Portero Rosa,https://camisetasdefutbol.com.co/products/camiseta-sevilla-fc-25-26-portero-rosa,100000,,https://cdn.shopify.com/s/files/1/0965/9354/3474/files/img-1784896651657-0.jpg?v=1784896655,https://cdn.shopify.com/s/files/1/0965/9354/3474/files/img-1784896652584-1.jpg?v=1784896655
Liga Española,Sevilla,Camiseta Sevilla FC 25/26 Tercera,https://camisetasdefutbol.com.co/products/camiseta-sevilla-fc-25-26-tercera,100000,,https://cdn.shopify.com/s/files/1/0965/9354/3474/files/img-1780726274723-0.jpg?v=1780726278,https://cdn.shopify.com/s/files/1/0965/9354/3474/files/img-1780726276378-1.jpg?v=1780726278
Liga Española,Sevilla,Camiseta Sevilla FC 26/27 Local,https://camisetasdefutbol.com.co/products/camiseta-sevilla-fc-26-27-local,100000,,https://cdn.shopify.com/s/files/1/0965/9354/3474/files/img-1787112134323-0.jpg?v=1787112137,
Liga Española,Sevilla,Camiseta Sevilla FC 92/93 Local Retro,https://camisetasdefutbol.com.co/products/camiseta-sevilla-fc-92-93-local-retro,120000,,https://cdn.shopify.com/s/files/1/0965/9354/3474/files/img-1790546205434-0.jpg?v=1790546208,https://cdn.shopify.com/s/files/1/0965/9354/3474/files/img-1790546206367-1.jpg?v=1790546208
Liga Española,Sevilla,Camiseta Sevilla FC 94/96 Visitante Retro,https://camisetasdefutbol.com.co/products/camiseta-sevilla-fc-94-96-visitante-retro,120000,,https://cdn.shopify.com/s/files/1/0965/9354/3474/files/img-1780733489489-0.jpg?v=1780733494,https://cdn.shopify.com/s/files/1/0965/9354/3474/files/img-1780733491993-1.jpg?v=1780733494
Liga Española,Sevilla,Rompevientos Sevilla 93/94 Retro,https://camisetasdefutbol.com.co/products/rompevientos-sevilla-93-94-retro,250000,,https://cdn.shopify.com/s/files/1/0965/9354/3474/files/img-1782189873097-0.jpg?v=1782189876,https://cdn.shopify.com/s/files/1/0965/9354/3474/files/img-1782189874678-1.jpg?v=1782189876
Liga Española,Tenerife,Camiseta CD Tenerife 26/27 Local,https://camisetasdefutbol.com.co/products/camiseta-cd-tenerife-26-27-local,100000,,https://cdn.shopify.com/s/files/1/0965/9354/3474/files/img-1787112117096-0.jpg?v=1787112120,https://cdn.shopify.com/s/files/1/0965/9354/3474/files/img-1787112118351-1.jpg?v=1787112120
Liga Española,Tenerife,Camiseta CD Tenerife 26/27 Tercera,https://camisetasdefutbol.com.co/products/camiseta-cd-tenerife-26-27-tercera,100000,,https://cdn.shopify.com/s/files/1/0965/9354/3474/files/img-1789856746753-0.jpg?v=1789856749,https://cdn.shopify.com/s/files/1/0965/9354/3474/files/img-1789856747871-1.jpg?v=1789856749
Liga Española,Tenerife,Camiseta CD Tenerife 26/27 Visitante,https://camisetasdefutbol.com.co/products/camiseta-cd-tenerife-26-27-visitante,100000,,https://cdn.shopify.com/s/files/1/0965/9354/3474/files/img-1789258611906-0.jpg?v=1789258615,https://cdn.shopify.com/s/files/1/0965/9354/3474/files/img-1789258612970-1.jpg?v=1789258615
Liga Española,Villarreal,Camiseta Villarreal 05/06 Local Retro,https://camisetasdefutbol.com.co/products/camiseta-villarreal-05-06-local-retro,120000,,https://cdn.shopify.com/s/files/1/0965/9354/3474/files/img-1790546225360-0.jpg?v=1790546228,
Liga Española,Villarreal,Camiseta Villarreal CF 22/23 Local,https://camisetasdefutbol.com.co/products/camiseta-villarreal-cf-22-23-local,100000,,https://cdn.shopify.com/s/files/1/0965/9354/3474/files/img-1784588634000-0.jpg?v=1784588637,https://cdn.shopify.com/s/files/1/0965/9354/3474/files/img-1784588635503-1.jpg?v=1784588637
Liga Española,Villarreal,Camiseta Villarreal CF 22/23 Visitante,https://camisetasdefutbol.com.co/products/camiseta-villarreal-cf-22-23-visitante,100000,,https://cdn.shopify.com/s/files/1/0965/9354/3474/files/img-1784588622608-0.jpg?v=1784588629,https://cdn.shopify.com/s/files/1/0965/9354/3474/files/img-1784588627261-1.jpg?v=1784588629
Liga Española,Villarreal,Camiseta Villarreal CF 23/24 Centenario,https://camisetasdefutbol.com.co/products/camiseta-villarreal-cf-23-24-centenario,100000,,https://cdn.shopify.com/s/files/1/0965/9354/3474/files/img-1784588642097-0.jpg?v=1784588645,https://cdn.shopify.com/s/files/1/0965/9354/3474/files/img-1784588643541-1.jpg?v=1784588646
Liga Española,Villarreal,Camiseta Villarreal CF 24/25 Local,https://camisetasdefutbol.com.co/products/camiseta-villarreal-cf-24-25-local,100000,,https://cdn.shopify.com/s/files/1/0965/9354/3474/files/img-1784588650198-0.jpg?v=1784588653,https://cdn.shopify.com/s/files/1/0965/9354/3474/files/img-1784588651593-1.jpg?v=1784588653
Liga Española,Villarreal,Camiseta Villarreal CF 25/26 Local,https://camisetasdefutbol.com.co/products/camiseta-villarreal-cf-25-26-local,100000,,https://cdn.shopify.com/s/files/1/0965/9354/3474/files/img-1784588696355-0.jpg?v=1784588701,https://cdn.shopify.com/s/files/1/0965/9354/3474/files/img-1784588699103-1.jpg?v=1784588701
Liga Española,Villarreal,Camiseta Villarreal CF 25/26 Visitante,https://camisetasdefutbol.com.co/products/camiseta-villarreal-cf-25-26-visitante,100000,,https://cdn.shopify.com/s/files/1/0965/9354/3474/files/img-1784588715669-0.jpg?v=1784588719,https://cdn.shopify.com/s/files/1/0965/9354/3474/files/img-1784588717323-1.jpg?v=1784588719
Liga Inglesa,Arsenal,Camiseta Arsenal 01/02 Local Retro,https://camisetasdefutbol.com.co/products/camiseta-arsenal-01-02-local-retro,120000,,https://cdn.shopify.com/s/files/1/0965/9354/3474/files/img-1780730560902-0.jpg?v=1780730564,https://cdn.shopify.com/s/files/1/0965/9354/3474/files/img-1780730562029-1.jpg?v=1780730564
Liga Inglesa,Arsenal,Camiseta Arsenal 02/03 Local Retro,https://camisetasdefutbol.com.co/products/camiseta-arsenal-02-03-local-retro,120000,,https://cdn.shopify.com/s/files/1/0965/9354/3474/files/img-1790546055556-0.jpg?v=1790546058,https://cdn.shopify.com/s/files/1/0965/9354/3474/files/img-1790546056627-1.jpg?v=1790546057
Liga Inglesa,Arsenal,Camiseta Arsenal 08/10 Local Retro,https://camisetasdefutbol.com.co/products/camiseta-arsenal-08-10-local-retro,120000,,https://cdn.shopify.com/s/files/1/0965/9354/3474/files/img-1780729330981-0.jpg?v=1780729334,https://cdn.shopify.com/s/files/1/0965/9354/3474/files/img-1780729332265-1.jpg?v=1780729334
Liga Inglesa,Arsenal,Camiseta Arsenal 12/13 Local Retro,https://camisetasdefutbol.com.co/products/camiseta-arsenal-12-13-local-retro,120000,,https://cdn.shopify.com/s/files/1/0965/9354/3474/files/img-1780730488136-0.jpg?v=1780730491,https://cdn.shopify.com/s/files/1/0965/9354/3474/files/img-1780730489367-1.jpg?v=1780730491
Liga Inglesa,Arsenal,Camiseta Arsenal 2007/08 Tercera Retro,https://camisetasdefutbol.com.co/products/camiseta-arsenal-2007-08-tercera-retro,120000,,https://cdn.shopify.com/s/files/1/0965/9354/3474/files/img-1784483266972-0.jpg?v=1784483270,https://cdn.shopify.com/s/files/1/0965/9354/3474/files/img-1784483268455-1.jpg?v=1784483270
Liga Inglesa,Arsenal,Camiseta Arsenal 2010/11 Local Retro,https://camisetasdefutbol.com.co/products/camiseta-arsenal-2010-11-local-retro,120000,,https://cdn.shopify.com/s/files/1/0965/9354/3474/files/img-1784483261159-0.jpg?v=1784483264,https://cdn.shopify.com/s/files/1/0965/9354/3474/files/img-1784483262297-1.jpg?v=1784483264
Liga Inglesa,Arsenal,Camiseta Arsenal 2014 Aniversario Edición Retro,https://camisetasdefutbol.com.co/products/camiseta-arsenal-2014-aniversario-edicion-retro,120000,,https://cdn.shopify.com/s/files/1/0965/9354/3474/files/img-1780730741381-0.jpg?v=1780730746,https://cdn.shopify.com/s/files/1/0965/9354/3474/files/img-1780730743806-1.jpg?v=1780730746
Liga Inglesa,Arsenal,Camiseta Arsenal 2014 Edición Aniversario,https://camisetasdefutbol.com.co/products/camiseta-arsenal-2014-edicion-aniversario,120000,,https://cdn.shopify.com/s/files/1/0965/9354/3474/files/img-1784436881571-0.jpg?v=1784436884,https://cdn.shopify.com/s/files/1/0965/9354/3474/files/img-1784436882901-1.jpg?v=1784436884
Liga Inglesa,Arsenal,Camiseta Arsenal 21/22 Local Retro,https://camisetasdefutbol.com.co/products/camiseta-arsenal-21-22-local-retro,120000,,https://cdn.shopify.com/s/files/1/0965/9354/3474/files/img-1780723803479-0.jpg?v=1780723807,https://cdn.shopify.com/s/files/1/0965/9354/3474/files/img-1780723805090-1.jpg?v=1780723807
Liga Inglesa,Arsenal,"Camiseta Arsenal 23/24 Local, Versión Jugador",https://camisetasdefutbol.com.co/products/camiseta-arsenal-23-24-local-version-jugador,110000,,https://cdn.shopify.com/s/files/1/0965/9354/3474/files/img-1783730117650-0.jpg?v=1783730121,https://cdn.shopify.com/s/files/1/0965/9354/3474/files/img-1783730119181-1.jpg?v=1783730121
Liga Inglesa,Arsenal,"Camiseta Arsenal 23/24 Visitante, Versión Jugador",https://camisetasdefutbol.com.co/products/camiseta-arsenal-23-24-visitante-version-jugador,110000,,https://cdn.shopify.com/s/files/1/0965/9354/3474/files/img-1783730124609-0.jpg?v=1783730128,https://cdn.shopify.com/s/files/1/0965/9354/3474/files/img-1783730126064-1.jpg?v=1783730128
Liga Inglesa,Arsenal,Camiseta Arsenal 25/26 Colaboración Negro Retro,https://camisetasdefutbol.com.co/products/camiseta-arsenal-25-26-colaboracion-negro-retro,120000,,https://cdn.shopify.com/s/files/1/0965/9354/3474/files/img-1784896474347-0.jpg?v=1784896478,https://cdn.shopify.com/s/files/1/0965/9354/3474/files/img-1784896475499-1.jpg?v=1784896478
Liga Inglesa,Arsenal,Camiseta Arsenal 25/26 Originals,https://camisetasdefutbol.com.co/products/camiseta-arsenal-25-26-originals,100000,,https://cdn.shopify.com/s/files/1/0965/9354/3474/files/img-1784896410210-0.jpg?v=1784896414,https://cdn.shopify.com/s/files/1/0965/9354/3474/files/img-1784896411752-1.jpg?v=1784896414
Liga Inglesa,Arsenal,Camiseta Arsenal 25/26 Visitante,https://camisetasdefutbol.com.co/products/camiseta-arsenal-25-26-visitante,100000,,https://cdn.shopify.com/s/files/1/0965/9354/3474/files/img-1780733629969-0.jpg?v=1780733633,https://cdn.shopify.com/s/files/1/0965/9354/3474/files/img-1780733631707-1.jpg?v=1780733634
Liga Inglesa,Arsenal,Camiseta Arsenal 26/27 Local Manga Larga,https://camisetasdefutbol.com.co/products/camiseta-arsenal-26-27-local-manga-larga,115000,,https://cdn.shopify.com/s/files/1/0965/9354/3474/files/img-1790546184957-0.jpg?v=1790546187,https://cdn.shopify.com/s/files/1/0965/9354/3474/files/img-1790546185872-1.jpg?v=1790546187
Liga Inglesa,Arsenal,Camiseta Arsenal 26/27 Local para Mujer,https://camisetasdefutbol.com.co/products/camiseta-arsenal-26-27-local-para-mujer,100000,,https://cdn.shopify.com/s/files/1/0965/9354/3474/files/img-1786161557671-0.jpg?v=1786161561,https://cdn.shopify.com/s/files/1/0965/9354/3474/files/img-1786161559299-1.jpg?v=1786161561
Liga Inglesa,Arsenal,Camiseta Arsenal 26/27 Pre Match,https://camisetasdefutbol.com.co/products/camiseta-arsenal-26-27-pre-match,100000,,https://cdn.shopify.com/s/files/1/0965/9354/3474/files/fix-226970156-0.jpg?v=1780704572,https://cdn.shopify.com/s/files/1/0965/9354/3474/files/fix-226970156-1.jpg?v=1780704572
Liga Inglesa,Arsenal,Camiseta Arsenal 26/27 Tercera para Mujer,https://camisetasdefutbol.com.co/products/camiseta-arsenal-26-27-tercera-para-mujer,100000,,https://cdn.shopify.com/s/files/1/0965/9354/3474/files/img-1786161598052-0.jpg?v=1786161601,https://cdn.shopify.com/s/files/1/0965/9354/3474/files/img-1786161598907-1.jpg?v=1786161601
Liga Inglesa,Arsenal,"Camiseta Arsenal 26/27 Tercera, Versión Jugador",https://camisetasdefutbol.com.co/products/camiseta-arsenal-26-27-tercera-version-jugador,110000,,https://cdn.shopify.com/s/files/1/0965/9354/3474/files/img-1788631353666-0.jpg?v=1788631356,https://cdn.shopify.com/s/files/1/0965/9354/3474/files/img-1788631354815-1.jpg?v=1788631357
Liga Inglesa,Arsenal,Camiseta Arsenal 26/27 Visitante Manga Larga,https://camisetasdefutbol.com.co/products/camiseta-arsenal-26-27-visitante-manga-larga,115000,,https://cdn.shopify.com/s/files/1/0965/9354/3474/files/img-1790546191913-0.jpg?v=1790546194,https://cdn.shopify.com/s/files/1/0965/9354/3474/files/img-1790546193443-1.jpg?v=1790546194
Liga Inglesa,Arsenal,Camiseta Arsenal 88/90 Local Retro,https://camisetasdefutbol.com.co/products/camiseta-arsenal-88-90-local-retro,120000,,https://cdn.shopify.com/s/files/1/0965/9354/3474/files/img-1780731318530-0.jpg?v=1780731322,https://cdn.shopify.com/s/files/1/0965/9354/3474/files/img-1780731320156-1.jpg?v=1780731322
Liga Inglesa,Arsenal,Camiseta Arsenal 90/92 Visitante Retro,https://camisetasdefutbol.com.co/products/camiseta-arsenal-90-92-visitante-retro,120000,,https://cdn.shopify.com/s/files/1/0965/9354/3474/files/img-1787112598608-0.jpg?v=1787112603,https://cdn.shopify.com/s/files/1/0965/9354/3474/files/img-1787112600988-1.jpg?v=1787112603
Liga Inglesa,Arsenal,Camiseta Arsenal 92/94 Local Manga Larga Retro,https://camisetasdefutbol.com.co/products/camiseta-arsenal-92-94-local-manga-larga-retro,135000,,https://cdn.shopify.com/s/files/1/0965/9354/3474/files/img-1788752089512-0.jpg?v=1788752092,https://cdn.shopify.com/s/files/1/0965/9354/3474/files/img-1788752090789-1.jpg?v=1788752092
Liga Inglesa,Arsenal,Camiseta Arsenal 92/94 Visitante Retro,https://camisetasdefutbol.com.co/products/camiseta-arsenal-92-94-visitante-retro,120000,,https://cdn.shopify.com/s/files/1/0965/9354/3474/files/fix-226970167-0.jpg?v=1780704578,https://cdn.shopify.com/s/files/1/0965/9354/3474/files/fix-226970167-1.jpg?v=1780704578
Liga Inglesa,Arsenal,Camiseta Arsenal 96/97 Local Retro,https://camisetasdefutbol.com.co/products/camiseta-arsenal-96-97-local-retro,120000,,https://cdn.shopify.com/s/files/1/0965/9354/3474/files/img-1780729141124-0.jpg?v=1780729145,https://cdn.shopify.com/s/files/1/0965/9354/3474/files/img-1780729142778-1.jpg?v=1780729145
Liga Inglesa,Arsenal,Camiseta Arsenal 98/99 Local Retro,https://camisetasdefutbol.com.co/products/camiseta-arsenal-98-99-local-retro,120000,,https://cdn.shopify.com/s/files/1/0965/9354/3474/files/img-1780731357747-0.jpg?v=1780731362,https://cdn.shopify.com/s/files/1/0965/9354/3474/files/img-1780731360226-1.jpg?v=1780731362
Liga Inglesa,Arsenal,Camiseta Arsenal Adicolor Azul Marino Retro,https://camisetasdefutbol.com.co/products/camiseta-arsenal-adicolor-azul-marino-retro,120000,,https://cdn.shopify.com/s/files/1/0965/9354/3474/files/img-1780732424411-0.jpg?v=1780732428,https://cdn.shopify.com/s/files/1/0965/9354/3474/files/img-1780732425653-1.jpg?v=1780732427
Liga Inglesa,Arsenal,Rompevientos Arsenal 2026 Azul,https://camisetasdefutbol.com.co/products/rompevientos-arsenal-2026-azul,250000,,https://cdn.shopify.com/s/files/1/0965/9354/3474/files/img-1786161669282-0.jpg?v=1786161672,https://cdn.shopify.com/s/files/1/0965/9354/3474/files/img-1786161670257-1.jpg?v=1786161672
Liga Inglesa,Arsenal,Rompevientos Arsenal 98/99 Retro,https://camisetasdefutbol.com.co/products/rompevientos-arsenal-98-99-retro,250000,,https://cdn.shopify.com/s/files/1/0965/9354/3474/files/img-1782189906185-0.jpg?v=1782189910,https://cdn.shopify.com/s/files/1/0965/9354/3474/files/img-1782189907977-1.jpg?v=1782189910
Liga Inglesa,Aston Villa,Camiseta 2025-2026 Aston Villa Alternativa Visitante,https://camisetasdefutbol.com.co/products/camiseta-2025-2026-aston-villa-alternativa-visitante,100000,,https://cdn.shopify.com/s/files/1/0965/9354/3474/files/download_77f803bc-867f-460b-86cc-7cf35090d0f4.jpg?v=1776654870,https://cdn.shopify.com/s/files/1/0965/9354/3474/files/download_d5aaa093-66d2-4f9a-b092-446d42d29f38.jpg?v=1776654870
Liga Inglesa,Aston Villa,Camiseta Aston Villa 11/12 Local Retro,https://camisetasdefutbol.com.co/products/camiseta-aston-villa-11-12-local-retro,120000,,https://cdn.shopify.com/s/files/1/0965/9354/3474/files/img-1790546049269-0.jpg?v=1790546051,https://cdn.shopify.com/s/files/1/0965/9354/3474/files/img-1790546050173-1.jpg?v=1790546051
Liga Inglesa,Aston Villa,Camiseta Aston Villa 1998 Local Retro,https://camisetasdefutbol.com.co/products/camiseta-aston-villa-1998-local-retro,120000,,https://cdn.shopify.com/s/files/1/0965/9354/3474/files/img-1784896495475-0.jpg?v=1784896499,https://cdn.shopify.com/s/files/1/0965/9354/3474/files/img-1784896496764-1.jpg?v=1784896499
Liga Inglesa,Aston Villa,"Camiseta Aston Villa 22/23 Local, Versión Jugador",https://camisetasdefutbol.com.co/products/camiseta-aston-villa-22-23-local-version-jugador,110000,,https://cdn.shopify.com/s/files/1/0965/9354/3474/files/img-1783730163167-0.jpg?v=1783730167,https://cdn.shopify.com/s/files/1/0965/9354/3474/files/img-1783730164681-1.jpg?v=1783730167
Liga Inglesa,Aston Villa,"Camiseta Aston Villa 25/26 Visitante, Versión Jugador",https://camisetasdefutbol.com.co/products/camiseta-aston-villa-25-26-visitante-version-jugador,110000,,https://cdn.shopify.com/s/files/1/0965/9354/3474/files/img-1783732407320-0.jpg?v=1783732410,https://cdn.shopify.com/s/files/1/0965/9354/3474/files/img-1783732408415-1.jpg?v=1783732410
Liga Inglesa,Aston Villa,"Camiseta Aston Villa 26/27 Local Manga Larga, Versión Jugador",https://camisetasdefutbol.com.co/products/camiseta-aston-villa-26-27-local-manga-larga-version-jugador,125000,,https://cdn.shopify.com/s/files/1/0965/9354/3474/files/img-1786161719417-0.jpg?v=1786161723,https://cdn.shopify.com/s/files/1/0965/9354/3474/files/img-1786161721358-1.jpg?v=1786161723
Liga Inglesa,Aston Villa,Camiseta Aston Villa 26/27 St. Patrick's Day,https://camisetasdefutbol.com.co/products/camiseta-aston-villa-26-27-st-patricks-day,100000,,https://cdn.shopify.com/s/files/1/0965/9354/3474/files/img-1784696165780-0.jpg?v=1784696169,https://cdn.shopify.com/s/files/1/0965/9354/3474/files/img-1784696167465-1.jpg?v=1784696169
Liga Inglesa,Aston Villa,"Camiseta Aston Villa 26/27 Tercera, Versión Jugador",https://camisetasdefutbol.com.co/products/camiseta-aston-villa-26-27-tercera-version-jugador,110000,,https://cdn.shopify.com/s/files/1/0965/9354/3474/files/img-1788631345340-0.jpg?v=1788631348,https://cdn.shopify.com/s/files/1/0965/9354/3474/files/img-1788631346645-1.jpg?v=1788631348
Liga Inglesa,Aston Villa,Camiseta Aston Villa 95/96 Visitante Retro,https://camisetasdefutbol.com.co/products/camiseta-aston-villa-95-96-visitante-retro,120000,,https://cdn.shopify.com/s/files/1/0965/9354/3474/files/img-1781535851493-0.jpg?v=1781535855,https://cdn.shopify.com/s/files/1/0965/9354/3474/files/img-1781535853006-1.jpg?v=1781535855
Liga Inglesa,Aston Villa,Camiseta Aston Villa 95/97 Visitante Retro,https://camisetasdefutbol.com.co/products/camiseta-aston-villa-95-97-visitante-retro,120000,,https://cdn.shopify.com/s/files/1/0965/9354/3474/files/img-1784896488733-0.jpg?v=1784896492,https://cdn.shopify.com/s/files/1/0965/9354/3474/files/img-1784896489815-1.jpg?v=1784896492
Liga Inglesa,Aston Villa,Camiseta Aston Villa 99/00 Local Retro,https://camisetasdefutbol.com.co/products/camiseta-aston-villa-99-00-local-retro,120000,,https://cdn.shopify.com/s/files/1/0965/9354/3474/files/img-1784896502594-0.jpg?v=1784896506,https://cdn.shopify.com/s/files/1/0965/9354/3474/files/img-1784896504245-1.jpg?v=1784896506
Liga Inglesa,Birmingham City,Camiseta Birmingham City 26/27 Local,https://camisetasdefutbol.com.co/products/camiseta-birmingham-city-26-27-local,100000,,https://cdn.shopify.com/s/files/1/0965/9354/3474/files/lo-birmingham-0.jpg?v=1786924592,https://cdn.shopify.com/s/files/1/0965/9354/3474/files/lo-birmingham-1.jpg?v=1786924592
Liga Inglesa,Birmingham City,Camiseta Birmingham City 26/27 Visitante,https://camisetasdefutbol.com.co/products/camiseta-birmingham-city-26-27-visitante,100000,,https://cdn.shopify.com/s/files/1/0965/9354/3474/files/img-1789856917772-0.jpg?v=1789856920,https://cdn.shopify.com/s/files/1/0965/9354/3474/files/img-1789856918742-1.jpg?v=1789856920
Liga Inglesa,Birmingham City,Camiseta Birmingham City 77/78 Local Retro,https://camisetasdefutbol.com.co/products/camiseta-birmingham-city-77-78-local-retro,120000,,https://cdn.shopify.com/s/files/1/0965/9354/3474/files/img-1784483377983-0.jpg?v=1784483381,https://cdn.shopify.com/s/files/1/0965/9354/3474/files/img-1784483379130-1.jpg?v=1784483381
Liga Inglesa,Blackburn Rovers,Camiseta Blackburn Rovers 26/27 Tercera,https://camisetasdefutbol.com.co/products/camiseta-blackburn-rovers-26-27-tercera,100000,,https://cdn.shopify.com/s/files/1/0965/9354/3474/files/img-1790545240710-0.jpg?v=1790545243,https://cdn.shopify.com/s/files/1/0965/9354/3474/files/img-1790545242475-1.jpg?v=1790545243
Liga Inglesa,Blackburn Rovers,Camiseta Blackburn Rovers 26/27 Visitante,https://camisetasdefutbol.com.co/products/camiseta-blackburn-rovers-26-27-visitante,100000,,https://cdn.shopify.com/s/files/1/0965/9354/3474/files/img-1790545246889-0.jpg?v=1790545248,https://cdn.shopify.com/s/files/1/0965/9354/3474/files/img-1790545247845-1.jpg?v=1790545248
Liga Inglesa,Blackburn Rovers,Camiseta Blackburn Rovers 94/95 Local Retro,https://camisetasdefutbol.com.co/products/camiseta-blackburn-rovers-94-95-local-retro,120000,,https://cdn.shopify.com/s/files/1/0965/9354/3474/files/img-1790546166461-0.jpg?v=1790546168,https://cdn.shopify.com/s/files/1/0965/9354/3474/files/img-1790546167886-1.jpg?v=1790546168
Liga Inglesa,Bolton Wanderers,Camiseta Bolton Wanderers 26/27 Visitante,https://camisetasdefutbol.com.co/products/camiseta-bolton-wanderers-26-27-visitante,100000,,https://cdn.shopify.com/s/files/1/0965/9354/3474/files/img-1789856912028-0.jpg?v=1789856914,https://cdn.shopify.com/s/files/1/0965/9354/3474/files/img-1789856912998-1.jpg?v=1789856914
Liga Inglesa,Bournemouth,Camiseta AFC Bournemouth 26/27 Local,https://camisetasdefutbol.com.co/products/camiseta-afc-bournemouth-26-27-local,100000,,https://cdn.shopify.com/s/files/1/0965/9354/3474/files/img-1790545316789-0.jpg?v=1790545319,https://cdn.shopify.com/s/files/1/0965/9354/3474/files/img-1790545318584-1.jpg?v=1790545319
Liga Inglesa,Brentford,Camiseta Brentford 26/27 Local,https://camisetasdefutbol.com.co/products/camiseta-brentford-26-27-local,100000,,https://cdn.shopify.com/s/files/1/0965/9354/3474/files/lo-brentford-0.jpg?v=1786924566,https://cdn.shopify.com/s/files/1/0965/9354/3474/files/lo-brentford-1.jpg?v=1786924566
Liga Inglesa,Brighton,"Camiseta Brighton 25/26 Local, Versión Jugador",https://camisetasdefutbol.com.co/products/camiseta-brighton-25-26-local-version-jugador,110000,,https://cdn.shopify.com/s/files/1/0965/9354/3474/files/img-1783732388391-0.jpg?v=1783732391,https://cdn.shopify.com/s/files/1/0965/9354/3474/files/img-1783732389436-1.jpg?v=1783732391
Liga Inglesa,Brighton,Camiseta Brighton 26/27 Tercera,https://camisetasdefutbol.com.co/products/camiseta-brighton-26-27-tercera,100000,,https://cdn.shopify.com/s/files/1/0965/9354/3474/files/img-1790545220920-0.jpg?v=1790545223,https://cdn.shopify.com/s/files/1/0965/9354/3474/files/img-1790545221940-1.jpg?v=1790545223
Liga Inglesa,Burnley,Camiseta Burnley 26/27 Alternativa Rosa,https://camisetasdefutbol.com.co/products/camiseta-burnley-26-27-alternativa-rosa,100000,,https://cdn.shopify.com/s/files/1/0965/9354/3474/files/img-1790545214028-0.jpg?v=1790545216,https://cdn.shopify.com/s/files/1/0965/9354/3474/files/img-1790545215616-1.jpg?v=1790545216
Liga Inglesa,Chelsea,Camiseta Chelsea 09/10 Local Retro,https://camisetasdefutbol.com.co/products/camiseta-chelsea-09-10-local-retro,120000,,https://cdn.shopify.com/s/files/1/0965/9354/3474/files/img-1780730581018-0.jpg?v=1780730585,https://cdn.shopify.com/s/files/1/0965/9354/3474/files/img-1780730583536-1.jpg?v=1780730585
Liga Inglesa,Chelsea,Camiseta Chelsea 11/12 Local Manga Larga Retro,https://camisetasdefutbol.com.co/products/camiseta-chelsea-11-12-local-manga-larga-retro,135000,,https://cdn.shopify.com/s/files/1/0965/9354/3474/files/img-1788752015697-0.jpg?v=1788752018,https://cdn.shopify.com/s/files/1/0965/9354/3474/files/img-1788752016745-1.jpg?v=1788752018
Liga Inglesa,Chelsea,Camiseta Chelsea 11/12 Local Retro,https://camisetasdefutbol.com.co/products/camiseta-chelsea-11-12-local-retro,120000,,https://cdn.shopify.com/s/files/1/0965/9354/3474/files/img-1790546061798-0.jpg?v=1790546063,https://cdn.shopify.com/s/files/1/0965/9354/3474/files/img-1790546062741-1.jpg?v=1790546063
Liga Inglesa,Chelsea,Camiseta Chelsea 13/14 Tercera Retro,https://camisetasdefutbol.com.co/products/camiseta-chelsea-13-14-tercera-retro,120000,,https://cdn.shopify.com/s/files/1/0965/9354/3474/files/img-1784696263306-0.jpg?v=1784696267,https://cdn.shopify.com/s/files/1/0965/9354/3474/files/img-1784696265079-1.jpg?v=1784696267
Liga Inglesa,Chelsea,Camiseta Chelsea 14/15 Local Retro,https://camisetasdefutbol.com.co/products/camiseta-chelsea-14-15-local-retro,120000,,https://cdn.shopify.com/s/files/1/0965/9354/3474/files/img-1780731503098-0.jpg?v=1780731507,https://cdn.shopify.com/s/files/1/0965/9354/3474/files/img-1780731505263-1.jpg?v=1780731507
Liga Inglesa,Chelsea,Camiseta Chelsea 16/17 Local Retro,https://camisetasdefutbol.com.co/products/camiseta-chelsea-16-17-local-retro,120000,,https://cdn.shopify.com/s/files/1/0965/9354/3474/files/img-1780728997531-0.jpg?v=1780729000,https://cdn.shopify.com/s/files/1/0965/9354/3474/files/img-1780728998921-1.jpg?v=1780729001
Liga Inglesa,Chelsea,Camiseta Chelsea 20/21 Local Retro,https://camisetasdefutbol.com.co/products/camiseta-chelsea-20-21-local-retro,120000,,https://cdn.shopify.com/s/files/1/0965/9354/3474/files/img-1780723520402-0.jpg?v=1780723524,https://cdn.shopify.com/s/files/1/0965/9354/3474/files/img-1780723521993-1.jpg?v=1780723524
Liga Inglesa,Chelsea,Camiseta Chelsea 2014/15 Local Retro,https://camisetasdefutbol.com.co/products/camiseta-chelsea-2014-15-local-retro,120000,,https://cdn.shopify.com/s/files/1/0965/9354/3474/files/img-1784483283388-0.jpg?v=1784483286,https://cdn.shopify.com/s/files/1/0965/9354/3474/files/img-1784483284668-1.jpg?v=1784483286
Liga Inglesa,Chelsea,"Camiseta Chelsea 22/23 Visitante, Versión Jugador",https://camisetasdefutbol.com.co/products/camiseta-chelsea-22-23-visitante-version-jugador,110000,,https://cdn.shopify.com/s/files/1/0965/9354/3474/files/img-1783730177723-0.jpg?v=1783730181,https://cdn.shopify.com/s/files/1/0965/9354/3474/files/img-1783730179133-1.jpg?v=1783730181
Liga Inglesa,Chelsea,"Camiseta Chelsea 23/24 Local, Versión Jugador",https://camisetasdefutbol.com.co/products/camiseta-chelsea-23-24-local-version-jugador,110000,,https://cdn.shopify.com/s/files/1/0965/9354/3474/files/img-1783730131848-0.jpg?v=1783730135,https://cdn.shopify.com/s/files/1/0965/9354/3474/files/img-1783730133276-1.jpg?v=1783730135
Liga Inglesa,Chelsea,Camiseta Chelsea 25/26 Local,https://camisetasdefutbol.com.co/products/camiseta-chelsea-25-26-local,100000,,https://cdn.shopify.com/s/files/1/0965/9354/3474/files/img-1780733794027-0.jpg?v=1780733797,https://cdn.shopify.com/s/files/1/0965/9354/3474/files/img-1780733795480-1.jpg?v=1780733797
Liga Inglesa,Chelsea,"Camiseta Chelsea 25/26 Local, Versión Jugador",https://camisetasdefutbol.com.co/products/camiseta-chelsea-25-26-local-version-jugador,110000,,https://cdn.shopify.com/s/files/1/0965/9354/3474/files/img-1780732551581-0.jpg?v=1780732555,https://cdn.shopify.com/s/files/1/0965/9354/3474/files/img-1780732552855-1.jpg?v=1780732555
Liga Inglesa,Chelsea,Camiseta Chelsea 25/26 Tercera,https://camisetasdefutbol.com.co/products/camiseta-chelsea-25-26-tercera,100000,,https://cdn.shopify.com/s/files/1/0965/9354/3474/files/img-1780726290348-0.jpg?v=1780726294,https://cdn.shopify.com/s/files/1/0965/9354/3474/files/img-1780726292192-1.jpg?v=1780726294
Liga Inglesa,Chelsea,"Camiseta Chelsea 25/26 Tercera, Versión Jugador",https://camisetasdefutbol.com.co/products/camiseta-chelsea-25-26-tercera-version-jugador,110000,,https://cdn.shopify.com/s/files/1/0965/9354/3474/files/img-1780727362959-0.jpg?v=1780727366,https://cdn.shopify.com/s/files/1/0965/9354/3474/files/img-1780727364403-1.jpg?v=1780727366
Liga Inglesa,Chelsea,Camiseta Chelsea 26/27 Local para Mujer,https://camisetasdefutbol.com.co/products/camiseta-chelsea-26-27-local-para-mujer,100000,,https://cdn.shopify.com/s/files/1/0965/9354/3474/files/img-1786161578446-0.jpg?v=1786161582,https://cdn.shopify.com/s/files/1/0965/9354/3474/files/img-1786161580153-1.jpg?v=1786161582
Liga Inglesa,Chelsea,Camiseta Chelsea 26/27 Pre Match,https://camisetasdefutbol.com.co/products/camiseta-chelsea-26-27-pre-match,100000,,https://cdn.shopify.com/s/files/1/0965/9354/3474/files/fix-226970177-0.jpg?v=1780704583,https://cdn.shopify.com/s/files/1/0965/9354/3474/files/fix-226970177-1.jpg?v=1780704583
Liga Inglesa,Chelsea,"Camiseta Chelsea 26/27 Tercera, Versión Jugador",https://camisetasdefutbol.com.co/products/camiseta-chelsea-26-27-tercera-version-jugador,110000,,https://cdn.shopify.com/s/files/1/0965/9354/3474/files/img-1789258815966-0.jpg?v=1789258819,https://cdn.shopify.com/s/files/1/0965/9354/3474/files/img-1789258817312-1.jpg?v=1789258819
Liga Inglesa,Chelsea,"Camiseta Chelsea 26/27 Visitante, Versión Jugador",https://camisetasdefutbol.com.co/products/camiseta-chelsea-26-27-visitante-version-jugador,110000,,https://cdn.shopify.com/s/files/1/0965/9354/3474/files/fix-239931817-0.jpg?v=1780705106,https://cdn.shopify.com/s/files/1/0965/9354/3474/files/fix-239931817-1.jpg?v=1780705106
Liga Inglesa,Chelsea,Camiseta Chelsea 98/00 Visitante Retro,https://camisetasdefutbol.com.co/products/camiseta-chelsea-98-00-visitante-retro,120000,,https://cdn.shopify.com/s/files/1/0965/9354/3474/files/img-1784483241904-0.jpg?v=1784483245,
Liga Inglesa,Chelsea,Camiseta Chelsea 99/01 Local Retro,https://camisetasdefutbol.com.co/products/camiseta-chelsea-99-01-local-retro,120000,,https://cdn.shopify.com/s/files/1/0965/9354/3474/files/img-1780731511714-0.jpg?v=1780731515,https://cdn.shopify.com/s/files/1/0965/9354/3474/files/img-1780731513101-1.jpg?v=1780731515
Liga Inglesa,Chelsea,Rompevientos Chelsea 25/26,https://camisetasdefutbol.com.co/products/rompevientos-chelsea-25-26,250000,,https://cdn.shopify.com/s/files/1/0965/9354/3474/files/img-1782189918067-0.jpg?v=1782189922,https://cdn.shopify.com/s/files/1/0965/9354/3474/files/img-1782189920346-1.jpg?v=1782189922
Liga Inglesa,Coventry City,Camiseta Coventry City 26/27 Local,https://camisetasdefutbol.com.co/products/camiseta-coventry-city-26-27-local,100000,,https://cdn.shopify.com/s/files/1/0965/9354/3474/files/lo-coventry-0.jpg?v=1786924550,https://cdn.shopify.com/s/files/1/0965/9354/3474/files/lo-coventry-1.jpg?v=1786924550
Liga Inglesa,Coventry City,Camiseta Coventry City 26/27 Tercera,https://camisetasdefutbol.com.co/products/camiseta-coventry-city-26-27-tercera,100000,,https://cdn.shopify.com/s/files/1/0965/9354/3474/files/img-1790545166279-0.jpg?v=1790545168,https://cdn.shopify.com/s/files/1/0965/9354/3474/files/img-1790545167474-1.jpg?v=1790545168
Liga Inglesa,Coventry City,Camiseta Coventry City 26/27 Visitante,https://camisetasdefutbol.com.co/products/camiseta-coventry-city-26-27-visitante,100000,,https://cdn.shopify.com/s/files/1/0965/9354/3474/files/img-1790545172333-0.jpg?v=1790545174,https://cdn.shopify.com/s/files/1/0965/9354/3474/files/img-1790545173321-1.jpg?v=1790545174
Liga Inglesa,Coventry City,Camiseta Coventry City 75/81 Local Retro,https://camisetasdefutbol.com.co/products/camiseta-coventry-city-75-81-local-retro,120000,,https://cdn.shopify.com/s/files/1/0965/9354/3474/files/img-1784483370801-0.jpg?v=1784483374,https://cdn.shopify.com/s/files/1/0965/9354/3474/files/img-1784483372096-1.jpg?v=1784483374
Liga Inglesa,Crystal Palace,Camiseta Crystal Palace 2025-2026,https://camisetasdefutbol.com.co/products/camiseta-crystal-palace-2025-2026,90000,,https://cdn.shopify.com/s/files/1/0965/9354/3474/files/camiseta-crystal-palace-segunda-2025-2026.jpg?v=1768437050,https://cdn.shopify.com/s/files/1/0965/9354/3474/files/camiseta-crystal-palace-segunda-2025-2026-back.jpg?v=1768437050
Liga Inglesa,Crystal Palace,"Camiseta Crystal Palace 23/24 Local, Versión Jugador",https://camisetasdefutbol.com.co/products/camiseta-crystal-palace-23-24-local-version-jugador,110000,,https://cdn.shopify.com/s/files/1/0965/9354/3474/files/img-1783730078858-0.jpg?v=1783730083,https://cdn.shopify.com/s/files/1/0965/9354/3474/files/img-1783730080906-1.jpg?v=1783730083
Liga Inglesa,Crystal Palace,"Camiseta Crystal Palace 25/26 Local, Versión Jugador",https://camisetasdefutbol.com.co/products/camiseta-crystal-palace-25-26-local-version-jugador,110000,,https://cdn.shopify.com/s/files/1/0965/9354/3474/files/img-1783732400897-0.jpg?v=1783732404,https://cdn.shopify.com/s/files/1/0965/9354/3474/files/img-1783732402014-1.jpg?v=1783732404
Liga Inglesa,Crystal Palace,"Camiseta Crystal Palace 25/26 Tercera, Versión Jugador",https://camisetasdefutbol.com.co/products/camiseta-crystal-palace-25-26-tercera-version-jugador,110000,,https://cdn.shopify.com/s/files/1/0965/9354/3474/files/img-1783732454917-0.jpg?v=1783732459,https://cdn.shopify.com/s/files/1/0965/9354/3474/files/img-1783732456697-1.jpg?v=1783732459
Liga Inglesa,Crystal Palace,Camiseta Crystal Palace 26/27 Tercera,https://camisetasdefutbol.com.co/products/camiseta-crystal-palace-26-27-tercera,100000,,https://cdn.shopify.com/s/files/1/0965/9354/3474/files/img-1789856887727-0.jpg?v=1789856890,https://cdn.shopify.com/s/files/1/0965/9354/3474/files/img-1789856888933-1.jpg?v=1789856890
Liga Inglesa,Crystal Palace,Camiseta Crystal Palace 26/27 Visitante,https://camisetasdefutbol.com.co/products/camiseta-crystal-palace-26-27-visitante,100000,,https://cdn.shopify.com/s/files/1/0965/9354/3474/files/img-1789856893789-0.jpg?v=1789856896,https://cdn.shopify.com/s/files/1/0965/9354/3474/files/img-1789856894731-1.jpg?v=1789856896
Liga Inglesa,Crystal Palace,Camiseta Crystal Palace 96/98 Local Retro,https://camisetasdefutbol.com.co/products/camiseta-crystal-palace-96-98-local-retro,120000,,https://cdn.shopify.com/s/files/1/0965/9354/3474/files/img-1790546037245-0.jpg?v=1790546039,https://cdn.shopify.com/s/files/1/0965/9354/3474/files/img-1790546038140-1.jpg?v=1790546039
Liga Inglesa,Crystal Palace,Camiseta Crystal Palace 98/99 Visitante Retro,https://camisetasdefutbol.com.co/products/camiseta-crystal-palace-98-99-visitante-retro,120000,,https://cdn.shopify.com/s/files/1/0965/9354/3474/files/img-1781535882235-0.jpg?v=1781535886,https://cdn.shopify.com/s/files/1/0965/9354/3474/files/img-1781535883606-1.jpg?v=1781535885
Liga Inglesa,Derby County,Camiseta Derby County 26/27 Visitante,https://camisetasdefutbol.com.co/products/camiseta-derby-county-26-27-visitante,100000,,https://cdn.shopify.com/s/files/1/0965/9354/3474/files/img-1789856873497-0.jpg?v=1789856877,https://cdn.shopify.com/s/files/1/0965/9354/3474/files/img-1789856875212-1.jpg?v=1789856877
Liga Inglesa,Derby County,Camiseta Derby County 95/96 Local Retro,https://camisetasdefutbol.com.co/products/camiseta-derby-county-95-96-local-retro,120000,,https://cdn.shopify.com/s/files/1/0965/9354/3474/files/img-1784483362259-0.jpg?v=1784483366,https://cdn.shopify.com/s/files/1/0965/9354/3474/files/img-1784483363879-1.jpg?v=1784483366
Liga Inglesa,Derby County,Camiseta Derby County 95/96 Visitante Retro,https://camisetasdefutbol.com.co/products/camiseta-derby-county-95-96-visitante-retro,120000,,https://cdn.shopify.com/s/files/1/0965/9354/3474/files/img-1781535888984-0.jpg?v=1781535892,https://cdn.shopify.com/s/files/1/0965/9354/3474/files/img-1781535890415-1.jpg?v=1781535892
Liga Inglesa,Doncaster Rovers,Camiseta Doncaster Rovers 26/27 Local,https://camisetasdefutbol.com.co/products/camiseta-doncaster-rovers-26-27-local,100000,,https://cdn.shopify.com/s/files/1/0965/9354/3474/files/img-1789258255372-0.jpg?v=1789258258,https://cdn.shopify.com/s/files/1/0965/9354/3474/files/img-1789258256641-1.jpg?v=1789258258
Liga Inglesa,Doncaster Rovers,Camiseta Doncaster Rovers 26/27 Visitante,https://camisetasdefutbol.com.co/products/camiseta-doncaster-rovers-26-27-visitante,100000,,https://cdn.shopify.com/s/files/1/0965/9354/3474/files/img-1789258835618-0.jpg?v=1789258838,https://cdn.shopify.com/s/files/1/0965/9354/3474/files/img-1789258836565-1.jpg?v=1789258839
Liga Inglesa,Everton,Camiseta Everton 03/04 Local Retro,https://camisetasdefutbol.com.co/products/camiseta-everton-03-04-local-retro,120000,,https://cdn.shopify.com/s/files/1/0965/9354/3474/files/img-1784483355657-0.jpg?v=1784483358,https://cdn.shopify.com/s/files/1/0965/9354/3474/files/img-1784483356663-1.jpg?v=1784483358
Liga Inglesa,Everton,Camiseta Everton 25/26 Visitante,https://camisetasdefutbol.com.co/products/camiseta-everton-25-26-visitante,100000,,https://cdn.shopify.com/s/files/1/0965/9354/3474/files/img-1786685035606-0.jpg?v=1786685038,https://cdn.shopify.com/s/files/1/0965/9354/3474/files/img-1786685036589-1.jpg?v=1786685038
Liga Inglesa,Everton,Camiseta Everton 26/27 Local,https://camisetasdefutbol.com.co/products/camiseta-everton-26-27-local,100000,,https://cdn.shopify.com/s/files/1/0965/9354/3474/files/img-1789258350078-0.jpg?v=1789258353,https://cdn.shopify.com/s/files/1/0965/9354/3474/files/img-1789258351154-1.jpg?v=1789258353
Liga Inglesa,Fulham,Camiseta Fulham 01/02 Local Retro,https://camisetasdefutbol.com.co/products/camiseta-fulham-01-02-local-retro,120000,,https://cdn.shopify.com/s/files/1/0965/9354/3474/files/img-1786161910043-0.jpg?v=1786161913,https://cdn.shopify.com/s/files/1/0965/9354/3474/files/img-1786161911012-1.jpg?v=1786161913
Liga Inglesa,Fulham,Camiseta Fulham 02/03 Local Retro,https://camisetasdefutbol.com.co/products/camiseta-fulham-02-03-local-retro,120000,,https://cdn.shopify.com/s/files/1/0965/9354/3474/files/img-1786161780925-0.jpg?v=1786161784,https://cdn.shopify.com/s/files/1/0965/9354/3474/files/img-1786161781967-1.jpg?v=1786161784
Liga Inglesa,Fulham,Camiseta Fulham 26/27 Local,https://camisetasdefutbol.com.co/products/camiseta-fulham-26-27-local,100000,,https://cdn.shopify.com/s/files/1/0965/9354/3474/files/lo-fulham-0.jpg?v=1786924581,https://cdn.shopify.com/s/files/1/0965/9354/3474/files/lo-fulham-1.jpg?v=1786924581
Liga Inglesa,Fulham,Camiseta Fulham 26/27 Tercera,https://camisetasdefutbol.com.co/products/camiseta-fulham-26-27-tercera,100000,,https://cdn.shopify.com/s/files/1/0965/9354/3474/files/img-1790545102534-0.jpg?v=1790545104,https://cdn.shopify.com/s/files/1/0965/9354/3474/files/img-1790545103685-1.jpg?v=1790545104
Liga Inglesa,Fulham,Camiseta Fulham 26/27 Visitante,https://camisetasdefutbol.com.co/products/camiseta-fulham-26-27-visitante,100000,,https://cdn.shopify.com/s/files/1/0965/9354/3474/files/img-1790545108649-0.jpg?v=1790545110,https://cdn.shopify.com/s/files/1/0965/9354/3474/files/img-1790545109559-1.jpg?v=1790545110
Liga Inglesa,Fulham,Camiseta Fulham 98/99 Local Retro,https://camisetasdefutbol.com.co/products/camiseta-fulham-98-99-local-retro,120000,,https://cdn.shopify.com/s/files/1/0965/9354/3474/files/img-1786161892063-0.jpg?v=1786161895,https://cdn.shopify.com/s/files/1/0965/9354/3474/files/img-1786161893038-1.jpg?v=1786161895
Liga Inglesa,Hull City,Camiseta Hull City 26/27 Visitante,https://camisetasdefutbol.com.co/products/camiseta-hull-city-26-27-visitante,100000,,https://cdn.shopify.com/s/files/1/0965/9354/3474/files/img-1790545095310-0.jpg?v=1790545097,https://cdn.shopify.com/s/files/1/0965/9354/3474/files/img-1790545096584-1.jpg?v=1790545097
Liga Inglesa,Leeds United,Camiseta 2025-2026 Leeds United Visitante,https://camisetasdefutbol.com.co/products/camiseta-2025-2026-leeds-united-visitante,100000,,https://cdn.shopify.com/s/files/1/0965/9354/3474/files/download_7f101a69-b02c-4908-8d6a-c9b467645348.jpg?v=1776654998,https://cdn.shopify.com/s/files/1/0965/9354/3474/files/download_e87b080b-3c60-45b1-96a9-dff094d5222b.jpg?v=1776654998
Liga Inglesa,Leeds United,"Camiseta Leeds United 25/26 Local, Versión Jugador",https://camisetasdefutbol.com.co/products/camiseta-leeds-united-25-26-local-version-jugador,110000,,https://cdn.shopify.com/s/files/1/0965/9354/3474/files/img-1783732359531-0.jpg?v=1783732362,https://cdn.shopify.com/s/files/1/0965/9354/3474/files/img-1783732360504-1.jpg?v=1783732362
Liga Inglesa,Leeds United,Camiseta Leeds United 26/27 Local,https://camisetasdefutbol.com.co/products/camiseta-leeds-united-26-27-local,100000,,https://cdn.shopify.com/s/files/1/0965/9354/3474/files/img-1784400461577-0.jpg?v=1784400465,
Liga Inglesa,Leeds United,Camiseta Leeds United 26/27 Tercera,https://camisetasdefutbol.com.co/products/camiseta-leeds-united-26-27-tercera,100000,,https://cdn.shopify.com/s/files/1/0965/9354/3474/files/img-1789856835780-0.jpg?v=1789856838,https://cdn.shopify.com/s/files/1/0965/9354/3474/files/img-1789856836680-1.jpg?v=1789856838
Liga Inglesa,Leicester City,Camiseta Leicester City 15/16 Local Retro,https://camisetasdefutbol.com.co/products/camiseta-leicester-city-15-16-local-retro,120000,,https://cdn.shopify.com/s/files/1/0965/9354/3474/files/img-1786685095421-0.jpg?v=1786685099,https://cdn.shopify.com/s/files/1/0965/9354/3474/files/img-1786685096547-1.jpg?v=1786685098
Liga Inglesa,Leicester City,Camiseta Leicester City 15/16 Visitante Retro,https://camisetasdefutbol.com.co/products/camiseta-leicester-city-15-16-visitante-retro,120000,,https://cdn.shopify.com/s/files/1/0965/9354/3474/files/img-1787023994738-0.jpg?v=1787023998,https://cdn.shopify.com/s/files/1/0965/9354/3474/files/img-1787023995805-1.jpg?v=1787023997
Liga Inglesa,Leicester City,Camiseta Leicester City 16/17 Local Retro,https://camisetasdefutbol.com.co/products/camiseta-leicester-city-16-17-local-retro,120000,,https://cdn.shopify.com/s/files/1/0965/9354/3474/files/img-1781535875787-0.jpg?v=1781535879,https://cdn.shopify.com/s/files/1/0965/9354/3474/files/img-1781535876976-1.jpg?v=1781535879
Liga Inglesa,Leicester City,Camiseta Leicester City 18/19 Local Retro,https://camisetasdefutbol.com.co/products/camiseta-leicester-city-18-19-local-retro,120000,,https://cdn.shopify.com/s/files/1/0965/9354/3474/files/img-1787023988535-0.jpg?v=1787023991,https://cdn.shopify.com/s/files/1/0965/9354/3474/files/img-1787023989780-1.jpg?v=1787023991
Liga Inglesa,Leicester City,Camiseta Leicester City 25/26 Local,https://camisetasdefutbol.com.co/products/camiseta-leicester-city-25-26-local,100000,,https://cdn.shopify.com/s/files/1/0965/9354/3474/files/img-1786685030124-0.jpg?v=1786685033,https://cdn.shopify.com/s/files/1/0965/9354/3474/files/img-1786685031147-1.jpg?v=1786685033
Liga Inglesa,Leicester City,Camiseta Leicester City 26/27 Local,https://camisetasdefutbol.com.co/products/camiseta-leicester-city-26-27-local,100000,,https://cdn.shopify.com/s/files/1/0965/9354/3474/files/lo-leicester-0.jpg?v=1786924571,https://cdn.shopify.com/s/files/1/0965/9354/3474/files/lo-leicester-1.jpg?v=1786924571
Liga Inglesa,Liverpool,Camiseta Liverpool 10/11 Local Retro,https://camisetasdefutbol.com.co/products/camiseta-liverpool-10-11-local-retro,120000,,https://cdn.shopify.com/s/files/1/0965/9354/3474/files/img-1780730769211-0.jpg?v=1780730772,https://cdn.shopify.com/s/files/1/0965/9354/3474/files/img-1780730770533-1.jpg?v=1780730772
Liga Inglesa,Liverpool,Camiseta Liverpool 25/26 Tercera,https://camisetasdefutbol.com.co/products/camiseta-liverpool-25-26-tercera,100000,,https://cdn.shopify.com/s/files/1/0965/9354/3474/files/liverpool-third-frente.jpg?v=1784898723,https://cdn.shopify.com/s/files/1/0965/9354/3474/files/liverpool-third-espalda.jpg?v=1784898723
Liga Inglesa,Liverpool,Camiseta Liverpool 26/27 Local,https://camisetasdefutbol.com.co/products/camiseta-liverpool-26-27-local,100000,,https://cdn.shopify.com/s/files/1/0965/9354/3474/files/liverpool-home-frente.jpg?v=1784898713,https://cdn.shopify.com/s/files/1/0965/9354/3474/files/liverpool-home-espalda.jpg?v=1784898713
Liga Inglesa,Liverpool,Camiseta Liverpool 26/27 Visitante,https://camisetasdefutbol.com.co/products/camiseta-liverpool-26-27-visitante,100000,,https://cdn.shopify.com/s/files/1/0965/9354/3474/files/liverpool-away-frente.jpg?v=1784898718,https://cdn.shopify.com/s/files/1/0965/9354/3474/files/liverpool-away-espalda.jpg?v=1784898718
Liga Inglesa,Liverpool,Camiseta Liverpool 94/96 Visitante Retro,https://camisetasdefutbol.com.co/products/camiseta-liverpool-94-96-visitante-retro,120000,,https://cdn.shopify.com/s/files/1/0965/9354/3474/files/img-1780730438473-0.jpg?v=1780730442,https://cdn.shopify.com/s/files/1/0965/9354/3474/files/img-1780730440218-1.jpg?v=1780730442
Liga Inglesa,Liverpool,Camiseta Liverpool 95/96 Visitante Retro,https://camisetasdefutbol.com.co/products/camiseta-liverpool-95-96-visitante-retro,120000,,https://cdn.shopify.com/s/files/1/0965/9354/3474/files/liverpool-retro-frente.jpg?v=1784898729,https://cdn.shopify.com/s/files/1/0965/9354/3474/files/liverpool-retro-espalda.jpg?v=1784898729
Liga Inglesa,Manchester City,Camiseta 2025-2026 Manchester City Alternativa Visitante,https://camisetasdefutbol.com.co/products/camiseta-2025-2026-manchester-city-alternativa-visitante,100000,,https://cdn.shopify.com/s/files/1/0965/9354/3474/files/download_1a8ce08a-e53c-41d0-9856-1120c193ed39.jpg?v=1776655021,https://cdn.shopify.com/s/files/1/0965/9354/3474/files/download_c728cd3c-5b3f-408e-8382-4a54bf98e9a6.jpg?v=1776655021
Liga Inglesa,Manchester City,Camiseta 2025-2026 Manchester City Edición Especial,https://camisetasdefutbol.com.co/products/camiseta-2025-2026-manchester-city-edicion-especial,100000,,https://cdn.shopify.com/s/files/1/0965/9354/3474/files/download_d235ab8f-1916-429a-bba7-729ec01a1c0d.jpg?v=1776655020,https://cdn.shopify.com/s/files/1/0965/9354/3474/files/download_227ef22c-20b8-4d7d-b6d6-1d376b93c457.jpg?v=1776655019
Liga Inglesa,Manchester City,Camiseta 2025-2026 Manchester City Visitante,https://camisetasdefutbol.com.co/products/camiseta-2025-2026-manchester-city-visitante,100000,,https://cdn.shopify.com/s/files/1/0965/9354/3474/files/download_454cdc00-dcc8-42de-bb0a-aa9f1ebe991d.jpg?v=1776655016,https://cdn.shopify.com/s/files/1/0965/9354/3474/files/download_d4a469aa-f42a-46f5-85e4-1bd5b79de297.jpg?v=1776655016
Liga Inglesa,Manchester City,Camiseta Manchester City 20/21 Local Retro,https://camisetasdefutbol.com.co/products/camiseta-manchester-city-20-21-local-retro,120000,,https://cdn.shopify.com/s/files/1/0965/9354/3474/files/img-1780723409797-0.jpg?v=1780723414,https://cdn.shopify.com/s/files/1/0965/9354/3474/files/img-1780723411765-1.jpg?v=1780723414
Liga Inglesa,Manchester City,Camiseta Manchester City 20/21 Tercera Retro,https://camisetasdefutbol.com.co/products/camiseta-manchester-city-20-21-tercera-retro,120000,,https://cdn.shopify.com/s/files/1/0965/9354/3474/files/img-1780723774241-0.jpg?v=1780723778,https://cdn.shopify.com/s/files/1/0965/9354/3474/files/img-1780723776053-1.jpg?v=1780723778
Liga Inglesa,Manchester City,Camiseta Manchester City 20/21 Visitante Retro,https://camisetasdefutbol.com.co/products/camiseta-manchester-city-20-21-visitante-retro,120000,,https://cdn.shopify.com/s/files/1/0965/9354/3474/files/img-1780723421383-0.jpg?v=1780723424,https://cdn.shopify.com/s/files/1/0965/9354/3474/files/img-1780723422712-1.jpg?v=1780723424
Liga Inglesa,Manchester City,Camiseta Manchester City 21/22 Local Retro,https://camisetasdefutbol.com.co/products/camiseta-manchester-city-21-22-local-retro,120000,,https://cdn.shopify.com/s/files/1/0965/9354/3474/files/img-1780723402926-0.jpg?v=1780723406,https://cdn.shopify.com/s/files/1/0965/9354/3474/files/img-1780723404280-1.jpg?v=1780723406
Liga Inglesa,Manchester City,Camiseta Manchester City 22/23 Local Retro,https://camisetasdefutbol.com.co/products/camiseta-manchester-city-22-23-local-retro,120000,,https://cdn.shopify.com/s/files/1/0965/9354/3474/files/img-1780729572858-0.jpg?v=1780729576,https://cdn.shopify.com/s/files/1/0965/9354/3474/files/img-1780729574049-1.jpg?v=1780729576
Liga Inglesa,Manchester City,"Camiseta Manchester City 22/23 Visitante, Versión Jugador",https://camisetasdefutbol.com.co/products/camiseta-manchester-city-22-23-visitante-version-jugador,110000,,https://cdn.shopify.com/s/files/1/0965/9354/3474/files/img-1783730170497-0.jpg?v=1783730174,https://cdn.shopify.com/s/files/1/0965/9354/3474/files/img-1783730171895-1.jpg?v=1783730174
Liga Inglesa,Manchester City,"Camiseta Manchester City 23/24 Local, Versión Jugador",https://camisetasdefutbol.com.co/products/camiseta-manchester-city-23-24-local-version-jugador,110000,,https://cdn.shopify.com/s/files/1/0965/9354/3474/files/img-1783730094256-0.jpg?v=1783730098,https://cdn.shopify.com/s/files/1/0965/9354/3474/files/img-1783730095789-1.jpg?v=1783730098
Liga Inglesa,Manchester City,"Camiseta Manchester City 25/26 Local Manga Larga, Versión Jugador",https://camisetasdefutbol.com.co/products/camiseta-manchester-city-25-26-local-manga-larga-version-jugador,125000,,https://cdn.shopify.com/s/files/1/0965/9354/3474/files/img-1784896592293-0.jpg?v=1784896596,https://cdn.shopify.com/s/files/1/0965/9354/3474/files/img-1784896593681-1.jpg?v=1784896596
Liga Inglesa,Manchester City,Camiseta Manchester City 25/26 Tercera,https://camisetasdefutbol.com.co/products/camiseta-manchester-city-25-26-tercera,100000,,https://cdn.shopify.com/s/files/1/0965/9354/3474/files/img-1780733496746-0.jpg?v=1780733500,https://cdn.shopify.com/s/files/1/0965/9354/3474/files/img-1780733498013-1.jpg?v=1780733500
Liga Inglesa,Manchester City,Camiseta Manchester City 25/26 Visitante,https://camisetasdefutbol.com.co/products/camiseta-manchester-city-25-26-visitante-1,100000,,https://cdn.shopify.com/s/files/1/0965/9354/3474/files/img-1780733589670-0.jpg?v=1780733593,https://cdn.shopify.com/s/files/1/0965/9354/3474/files/img-1780733591519-1.jpg?v=1780733593
Liga Inglesa,Manchester City,Camiseta Manchester City 25/26 Visitante Negro,https://camisetasdefutbol.com.co/products/camiseta-manchester-city-25-26-visitante-negro,100000,,https://cdn.shopify.com/s/files/1/0965/9354/3474/files/img-1780733785725-0.jpg?v=1780733789,https://cdn.shopify.com/s/files/1/0965/9354/3474/files/img-1780733787826-1.jpg?v=1780733789
Liga Inglesa,Manchester City,Camiseta Manchester City 26/27 Local Manga Larga,https://camisetasdefutbol.com.co/products/camiseta-manchester-city-26-27-local-manga-larga,115000,,https://cdn.shopify.com/s/files/1/0965/9354/3474/files/img-1790546113215-0.jpg?v=1790546115,https://cdn.shopify.com/s/files/1/0965/9354/3474/files/img-1790546114148-1.jpg?v=1790546115
Liga Inglesa,Manchester City,Camiseta Manchester City 26/27 Tercera,https://camisetasdefutbol.com.co/products/camiseta-manchester-city-26-27-tercera,100000,,https://cdn.shopify.com/s/files/1/0965/9354/3474/files/img-1788631411865-0.jpg?v=1788631415,https://cdn.shopify.com/s/files/1/0965/9354/3474/files/img-1788631412994-1.jpg?v=1788631415
Liga Inglesa,Manchester City,Camiseta Manchester City 86/87 Local Retro,https://camisetasdefutbol.com.co/products/camiseta-manchester-city-86-87-local-retro,120000,,https://cdn.shopify.com/s/files/1/0965/9354/3474/files/img-1780726483788-0.jpg?v=1780726487,https://cdn.shopify.com/s/files/1/0965/9354/3474/files/img-1780726485455-1.jpg?v=1780726487
Liga Inglesa,Manchester City,Rompevientos Manchester City 26/27 Gris,https://camisetasdefutbol.com.co/products/rompevientos-manchester-city-26-27-gris,250000,,https://cdn.shopify.com/s/files/1/0965/9354/3474/files/img-1786161650424-0.jpg?v=1786161653,https://cdn.shopify.com/s/files/1/0965/9354/3474/files/img-1786161651359-1.jpg?v=1786161653
Liga Inglesa,Manchester City,Rompevientos Manchester City x KidSuper 2026 Reversible,https://camisetasdefutbol.com.co/products/rompevientos-manchester-city-x-kidsuper-2026-reversible,250000,,https://cdn.shopify.com/s/files/1/0965/9354/3474/files/f7d528fb.jpg?v=1786161799,https://cdn.shopify.com/s/files/1/0965/9354/3474/files/8a61ad92.jpg?v=1786161799
Liga Inglesa,Manchester United,Camiseta Manchester United 02/03 Tercera Retro Manga Larga,https://camisetasdefutbol.com.co/products/camiseta-manchester-united-02-03-tercera-retro-manga-larga,135000,,https://cdn.shopify.com/s/files/1/0965/9354/3474/files/img-1786685072544-0.jpg?v=1786685076,https://cdn.shopify.com/s/files/1/0965/9354/3474/files/img-1786685073559-1.jpg?v=1786685076
Liga Inglesa,Manchester United,Camiseta Manchester United 03/05 Visitante Retro,https://camisetasdefutbol.com.co/products/camiseta-manchester-united-03-05-visitante-retro,120000,,https://cdn.shopify.com/s/files/1/0965/9354/3474/files/img-1780731402169-0.jpg?v=1780731405,https://cdn.shopify.com/s/files/1/0965/9354/3474/files/img-1780731403503-1.jpg?v=1780731405
Liga Inglesa,Manchester United,Camiseta Manchester United 05/06 Visitante Retro,https://camisetasdefutbol.com.co/products/camiseta-manchester-united-05-06-visitante-retro,120000,,https://cdn.shopify.com/s/files/1/0965/9354/3474/files/img-1780730327286-0.jpg?v=1780730331,https://cdn.shopify.com/s/files/1/0965/9354/3474/files/img-1780730329229-1.jpg?v=1780730331
Liga Inglesa,Manchester United,Camiseta Manchester United 06/07 Local Retro,https://camisetasdefutbol.com.co/products/camiseta-manchester-united-06-07-local-retro,120000,,https://cdn.shopify.com/s/files/1/0965/9354/3474/files/img-1780729601215-0.jpg?v=1780729604,https://cdn.shopify.com/s/files/1/0965/9354/3474/files/img-1780729602459-1.jpg?v=1780729605
Liga Inglesa,Manchester United,Camiseta Manchester United 06/07 Local Versión Jugador Retro,https://camisetasdefutbol.com.co/products/camiseta-manchester-united-06-07-local-version-jugador-retro,110000,,https://cdn.shopify.com/s/files/1/0965/9354/3474/files/img-1788019003309-0.jpg?v=1788019006,https://cdn.shopify.com/s/files/1/0965/9354/3474/files/img-1788019004544-1.jpg?v=1788019006
Liga Inglesa,Manchester United,Camiseta Manchester United 06/07 Visitante Versión Jugador Retro,https://camisetasdefutbol.com.co/products/camiseta-manchester-united-06-07-visitante-version-jugador-retro,110000,,https://cdn.shopify.com/s/files/1/0965/9354/3474/files/img-1788019019124-0.jpg?v=1788019022,https://cdn.shopify.com/s/files/1/0965/9354/3474/files/img-1788019020745-1.jpg?v=1788019022
Liga Inglesa,Manchester United,Camiseta Manchester United 07/08 Local Retro,https://camisetasdefutbol.com.co/products/camiseta-manchester-united-07-08-local-retro,120000,,https://cdn.shopify.com/s/files/1/0965/9354/3474/files/img-1780729785785-0.jpg?v=1780729790,https://cdn.shopify.com/s/files/1/0965/9354/3474/files/img-1780729787887-1.jpg?v=1780729790
Liga Inglesa,Manchester United,Camiseta Manchester United 07/08 Local Versión Jugador Retro,https://camisetasdefutbol.com.co/products/camiseta-manchester-united-07-08-local-version-jugador-retro,110000,,https://cdn.shopify.com/s/files/1/0965/9354/3474/files/img-1788019011460-0.jpg?v=1788019014,https://cdn.shopify.com/s/files/1/0965/9354/3474/files/img-1788019012722-1.jpg?v=1788019014
Liga Inglesa,Manchester United,Camiseta Manchester United 07/08 Portero Retro,https://camisetasdefutbol.com.co/products/camiseta-manchester-united-07-08-portero-retro,110000,,https://cdn.shopify.com/s/files/1/0965/9354/3474/files/img-1788019034837-0.jpg?v=1788019038,https://cdn.shopify.com/s/files/1/0965/9354/3474/files/img-1788019036233-1.jpg?v=1788019038
Liga Inglesa,Manchester United,Camiseta Manchester United 07/08 Tercera Retro,https://camisetasdefutbol.com.co/products/camiseta-manchester-united-07-08-tercera-retro,120000,,https://cdn.shopify.com/s/files/1/0965/9354/3474/files/img-1788019027677-0.jpg?v=1788019031,https://cdn.shopify.com/s/files/1/0965/9354/3474/files/img-1788019028994-1.jpg?v=1788019031
Liga Inglesa,Manchester United,Camiseta Manchester United 07/08 Visitante Manga Larga Retro,https://camisetasdefutbol.com.co/products/camiseta-manchester-united-07-08-visitante-manga-larga-retro,135000,,https://cdn.shopify.com/s/files/1/0965/9354/3474/files/img-1790546100533-0.jpg?v=1790546102,https://cdn.shopify.com/s/files/1/0965/9354/3474/files/img-1790546101463-1.jpg?v=1790546102
Liga Inglesa,Manchester United,Camiseta Manchester United 08/09 Tercera Retro,https://camisetasdefutbol.com.co/products/camiseta-manchester-united-08-09-tercera-retro,120000,,https://cdn.shopify.com/s/files/1/0965/9354/3474/files/img-1780729770257-0.jpg?v=1780729773,https://cdn.shopify.com/s/files/1/0965/9354/3474/files/img-1780729771515-1.jpg?v=1780729773
Liga Inglesa,Manchester United,Camiseta Manchester United 08/09 Visitante Retro,https://camisetasdefutbol.com.co/products/camiseta-manchester-united-08-09-visitante-retro,120000,,https://cdn.shopify.com/s/files/1/0965/9354/3474/files/img-1780728560797-0.jpg?v=1780728564,https://cdn.shopify.com/s/files/1/0965/9354/3474/files/img-1780728562830-1.jpg?v=1780728564
Liga Inglesa,Manchester United,Camiseta Manchester United 11/12 Local Retro,https://camisetasdefutbol.com.co/products/camiseta-manchester-united-11-12-local-retro,120000,,https://cdn.shopify.com/s/files/1/0965/9354/3474/files/img-1780728110740-0.jpg?v=1780728114,https://cdn.shopify.com/s/files/1/0965/9354/3474/files/img-1780728112033-1.jpg?v=1780728114
Liga Inglesa,Manchester United,Camiseta Manchester United 12/13 Local Retro,https://camisetasdefutbol.com.co/products/camiseta-manchester-united-12-13-local-retro,120000,,https://cdn.shopify.com/s/files/1/0965/9354/3474/files/img-1780730454328-0.jpg?v=1780730458,https://cdn.shopify.com/s/files/1/0965/9354/3474/files/img-1780730456014-1.jpg?v=1780730458
Liga Inglesa,Manchester United,Camiseta Manchester United 13/14 Local Retro,https://camisetasdefutbol.com.co/products/camiseta-manchester-united-2013-14-local-retro,120000,,https://cdn.shopify.com/s/files/1/0965/9354/3474/files/img-1780728143887-0.jpg?v=1780728147,https://cdn.shopify.com/s/files/1/0965/9354/3474/files/img-1780728145591-1.jpg?v=1780728147
Liga Inglesa,Manchester United,Camiseta Manchester United 18/19 Tercera Retro,https://camisetasdefutbol.com.co/products/camiseta-manchester-united-18-19-tercera-retro,120000,,https://cdn.shopify.com/s/files/1/0965/9354/3474/files/img-1780727386970-0.jpg?v=1780727391,https://cdn.shopify.com/s/files/1/0965/9354/3474/files/img-1780727388802-1.jpg?v=1780727391
Liga Inglesa,Manchester United,Camiseta Manchester United 18/19 Visitante Retro,https://camisetasdefutbol.com.co/products/camiseta-manchester-united-18-19-visitante-retro,120000,,https://cdn.shopify.com/s/files/1/0965/9354/3474/files/img-1780723396046-0.jpg?v=1780723399,https://cdn.shopify.com/s/files/1/0965/9354/3474/files/img-1780723397721-1.jpg?v=1780723399
Liga Inglesa,Manchester United,Camiseta Manchester United 1984 Local Retro,https://camisetasdefutbol.com.co/products/camiseta-manchester-united-1984-local-retro,120000,,https://cdn.shopify.com/s/files/1/0965/9354/3474/files/img-1780731695664-0.jpg?v=1780731699,https://cdn.shopify.com/s/files/1/0965/9354/3474/files/img-1780731697327-1.jpg?v=1780731699
Liga Inglesa,Manchester United,Camiseta Manchester United 20/21 Local Retro,https://camisetasdefutbol.com.co/products/camiseta-manchester-united-20-21-local-retro,120000,,https://cdn.shopify.com/s/files/1/0965/9354/3474/files/img-1780723389424-0.jpg?v=1780723392,https://cdn.shopify.com/s/files/1/0965/9354/3474/files/img-1780723390671-1.jpg?v=1780723392
Liga Inglesa,Manchester United,Camiseta Manchester United 20/21 Tercera Retro,https://camisetasdefutbol.com.co/products/camiseta-manchester-united-20-21-tercera-retro,120000,,https://cdn.shopify.com/s/files/1/0965/9354/3474/files/img-1780723381177-0.jpg?v=1780723384,https://cdn.shopify.com/s/files/1/0965/9354/3474/files/img-1780723382579-1.jpg?v=1780723384
Liga Inglesa,Manchester United,Camiseta Manchester United 20/21 Visitante Retro,https://camisetasdefutbol.com.co/products/camiseta-manchester-united-20-21-visitante-retro,120000,,https://cdn.shopify.com/s/files/1/0965/9354/3474/files/img-1780723767007-0.jpg?v=1780723771,https://cdn.shopify.com/s/files/1/0965/9354/3474/files/img-1780723769506-1.jpg?v=1780723771
Liga Inglesa,Manchester United,Camiseta Manchester United 21/22 Local Retro,https://camisetasdefutbol.com.co/products/camiseta-manchester-united-21-22-local-retro,120000,,https://cdn.shopify.com/s/files/1/0965/9354/3474/files/img-1780723290403-0.jpg?v=1780723293,https://cdn.shopify.com/s/files/1/0965/9354/3474/files/img-1780723291587-1.jpg?v=1780723293
Liga Inglesa,Manchester United,Camiseta Manchester United 21/22 Tercera Retro,https://camisetasdefutbol.com.co/products/camiseta-manchester-united-21-22-tercera-retro,120000,,https://cdn.shopify.com/s/files/1/0965/9354/3474/files/img-1780723283820-0.jpg?v=1780723287,https://cdn.shopify.com/s/files/1/0965/9354/3474/files/img-1780723285210-1.jpg?v=1780723287
Liga Inglesa,Manchester United,"Camiseta Manchester United 22/23 Visitante, Versión Jugador",https://camisetasdefutbol.com.co/products/camiseta-manchester-united-22-23-visitante-version-jugador,110000,,https://cdn.shopify.com/s/files/1/0965/9354/3474/files/img-1783730193533-0.jpg?v=1783730198,https://cdn.shopify.com/s/files/1/0965/9354/3474/files/img-1783730195744-1.jpg?v=1783730198
Liga Inglesa,Manchester United,Camiseta Manchester United 23/24 Local Retro,https://camisetasdefutbol.com.co/products/camiseta-manchester-united-23-24-local-retro,120000,,https://cdn.shopify.com/s/files/1/0965/9354/3474/files/img-1788019837494-0.jpg?v=1788019843,https://cdn.shopify.com/s/files/1/0965/9354/3474/files/img-1788019840734-9.jpg?v=1788019843
Liga Inglesa,Manchester United,Camiseta Manchester United 23/24 Local Retro Manga Larga,https://camisetasdefutbol.com.co/products/camiseta-manchester-united-23-24-local-retro-manga-larga,135000,,https://cdn.shopify.com/s/files/1/0965/9354/3474/files/img-1788020182898-0.jpg?v=1788020187,https://cdn.shopify.com/s/files/1/0965/9354/3474/files/img-1788020184582-1.jpg?v=1788020187
Liga Inglesa,Manchester United,"Camiseta Manchester United 23/24 Local, Versión Jugador",https://camisetasdefutbol.com.co/products/camiseta-manchester-united-23-24-local-version-jugador,110000,,https://cdn.shopify.com/s/files/1/0965/9354/3474/files/img-1783730101759-0.jpg?v=1783730106,https://cdn.shopify.com/s/files/1/0965/9354/3474/files/img-1783730103841-1.jpg?v=1783730106
Liga Inglesa,Manchester United,Camiseta Manchester United 23/24 Visitante Retro,https://camisetasdefutbol.com.co/products/camiseta-manchester-united-23-24-visitante-retro,120000,,https://cdn.shopify.com/s/files/1/0965/9354/3474/files/img-1780724880070-0.jpg?v=1780724883,https://cdn.shopify.com/s/files/1/0965/9354/3474/files/img-1780724881419-1.jpg?v=1780724883
Liga Inglesa,Manchester United,"Camiseta Manchester United 25/26 Local, Versión Jugador",https://camisetasdefutbol.com.co/products/camiseta-manchester-united-25-26-local-version-jugador,110000,,https://cdn.shopify.com/s/files/1/0965/9354/3474/files/img-1780731984562-0.jpg?v=1780731988,https://cdn.shopify.com/s/files/1/0965/9354/3474/files/img-1780731985831-1.jpg?v=1780731988
Liga Inglesa,Manchester United,Camiseta Manchester United 25/26 Portero Rosa,https://camisetasdefutbol.com.co/products/camiseta-manchester-united-25-26-portero-rosa,110000,,https://cdn.shopify.com/s/files/1/0965/9354/3474/files/img-1783301867165-0.jpg?v=1783301870,https://cdn.shopify.com/s/files/1/0965/9354/3474/files/img-1783301868748-1.jpg?v=1783301870
Liga Inglesa,Manchester United,Camiseta Manchester United 25/26 Tercera,https://camisetasdefutbol.com.co/products/camiseta-manchester-united-25-26-tercera,100000,,https://cdn.shopify.com/s/files/1/0965/9354/3474/files/img-1780740659645-0.jpg?v=1780740663,https://cdn.shopify.com/s/files/1/0965/9354/3474/files/img-1780740661424-1.jpg?v=1780740663
Liga Inglesa,Manchester United,"Camiseta Manchester United 25/26 Tercera Manga Larga, Versión Jugador",https://camisetasdefutbol.com.co/products/camiseta-manchester-united-25-26-tercera-manga-larga-version-jugador,125000,,https://cdn.shopify.com/s/files/1/0965/9354/3474/files/img-1784896600394-0.jpg?v=1784896604,https://cdn.shopify.com/s/files/1/0965/9354/3474/files/img-1784896602037-1.jpg?v=1784896604
Liga Inglesa,Manchester United,Camiseta Manchester United 25/26 Tercera Portero,https://camisetasdefutbol.com.co/products/camiseta-manchester-united-25-26-tercera-portero,100000,,https://cdn.shopify.com/s/files/1/0965/9354/3474/files/img-1784896637763-0.jpg?v=1784896640,https://cdn.shopify.com/s/files/1/0965/9354/3474/files/img-1784896638336-1.jpg?v=1784896640
Liga Inglesa,Manchester United,Camiseta Manchester United 25/26 Tercera Portero Verde,https://camisetasdefutbol.com.co/products/camiseta-manchester-united-25-26-tercera-portero-verde,100000,,https://cdn.shopify.com/s/files/1/0965/9354/3474/files/img-1784896643924-0.jpg?v=1784896647,https://cdn.shopify.com/s/files/1/0965/9354/3474/files/img-1784896645495-1.jpg?v=1784896648
Liga Inglesa,Manchester United,"Camiseta Manchester United 25/26 Tercera, Versión Jugador",https://camisetasdefutbol.com.co/products/camiseta-manchester-united-25-26-tercera-version-jugador,110000,,https://cdn.shopify.com/s/files/1/0965/9354/3474/files/img-1780728374557-0.jpg?v=1780728378,https://cdn.shopify.com/s/files/1/0965/9354/3474/files/img-1780728376217-1.jpg?v=1780728378
Liga Inglesa,Manchester United,Camiseta Manchester United 26/27 Local Manga Larga,https://camisetasdefutbol.com.co/products/camiseta-manchester-united-26-27-local-manga-larga,115000,,https://cdn.shopify.com/s/files/1/0965/9354/3474/files/img-1790546088622-0.jpg?v=1790546090,https://cdn.shopify.com/s/files/1/0965/9354/3474/files/img-1790546089791-1.jpg?v=1790546090
Liga Inglesa,Manchester United,"Camiseta Manchester United 26/27 Local Manga Larga, Versión Jugador",https://camisetasdefutbol.com.co/products/camiseta-manchester-united-26-27-local-manga-larga-version-jugador,125000,,https://cdn.shopify.com/s/files/1/0965/9354/3474/files/img-1788631642674-0.jpg?v=1788631646,https://cdn.shopify.com/s/files/1/0965/9354/3474/files/img-1788631643980-1.jpg?v=1788631646
Liga Inglesa,Manchester United,Camiseta Manchester United 26/27 Local para Mujer,https://camisetasdefutbol.com.co/products/camiseta-manchester-united-26-27-local-para-mujer,100000,,https://cdn.shopify.com/s/files/1/0965/9354/3474/files/img-1786161571710-0.jpg?v=1786161574,https://cdn.shopify.com/s/files/1/0965/9354/3474/files/img-1786161572683-1.jpg?v=1786161574
Liga Inglesa,Manchester United,Camiseta Manchester United 26/27 Pre Match,https://camisetasdefutbol.com.co/products/camiseta-manchester-united-26-27-pre-match,100000,,https://cdn.shopify.com/s/files/1/0965/9354/3474/files/fix-226970412-0.jpg?v=1780704609,https://cdn.shopify.com/s/files/1/0965/9354/3474/files/fix-226970412-1.jpg?v=1780704609
Liga Inglesa,Manchester United,"Camiseta Manchester United 26/27 Tercera Azul, Versión Jugador",https://camisetasdefutbol.com.co/products/camiseta-manchester-united-26-27-tercera-azul-version-jugador,110000,,https://cdn.shopify.com/s/files/1/0965/9354/3474/files/img-1787112658694-0.jpg?v=1787112663,https://cdn.shopify.com/s/files/1/0965/9354/3474/files/img-1787112661085-1.jpg?v=1787112663
Liga Inglesa,Manchester United,"Camiseta Manchester United 26/27 Tercera Manga Larga, Versión Jugador",https://camisetasdefutbol.com.co/products/camiseta-manchester-united-26-27-tercera-manga-larga-version-jugador,125000,,https://cdn.shopify.com/s/files/1/0965/9354/3474/files/img-1788631577257-0.jpg?v=1788631580,https://cdn.shopify.com/s/files/1/0965/9354/3474/files/img-1788631578647-1.jpg?v=1788631580
Liga Inglesa,Manchester United,Camiseta Manchester United 26/27 Visitante,https://camisetasdefutbol.com.co/products/camiseta-manchester-united-26-27-visitante,100000,,https://cdn.shopify.com/s/files/1/0965/9354/3474/files/img-1788631549093-0.jpg?v=1788631553,https://cdn.shopify.com/s/files/1/0965/9354/3474/files/img-1788631551546-1.jpg?v=1788631553
Liga Inglesa,Manchester United,Camiseta Manchester United 86/88 Local Retro,https://camisetasdefutbol.com.co/products/camiseta-manchester-united-86-88-local-retro,120000,,https://cdn.shopify.com/s/files/1/0965/9354/3474/files/img-1780731721045-0.jpg?v=1780731724,https://cdn.shopify.com/s/files/1/0965/9354/3474/files/img-1780731722881-1.jpg?v=1780731724
Liga Inglesa,Manchester United,Camiseta Manchester United 86/88 Visitante Retro,https://camisetasdefutbol.com.co/products/camiseta-manchester-united-86-88-visitante-retro,120000,,https://cdn.shopify.com/s/files/1/0965/9354/3474/files/img-1780731705537-0.jpg?v=1780731709,
Liga Inglesa,Manchester United,Camiseta Manchester United 96/98 2 Visitante Retro,https://camisetasdefutbol.com.co/products/camiseta-manchester-united-96-98-2-visitante-retro,120000,,https://cdn.shopify.com/s/files/1/0965/9354/3474/files/img-1780730622522-0.jpg?v=1780730626,https://cdn.shopify.com/s/files/1/0965/9354/3474/files/img-1780730624491-1.jpg?v=1780730626
Liga Inglesa,Manchester United,Camiseta Manchester United 99/00 Local Retro,https://camisetasdefutbol.com.co/products/camiseta-manchester-united-99-00-local-retro,120000,,https://cdn.shopify.com/s/files/1/0965/9354/3474/files/img-1780733973210-0.jpg?v=1780733976,https://cdn.shopify.com/s/files/1/0965/9354/3474/files/img-1780733974474-1.jpg?v=1780733976
Liga Inglesa,Manchester United,Camiseta Manchester United 99/00 Visitante Retro,https://camisetasdefutbol.com.co/products/camiseta-manchester-united-99-00-visitante-retro,120000,,https://cdn.shopify.com/s/files/1/0965/9354/3474/files/img-1780731483904-0.jpg?v=1780731487,https://cdn.shopify.com/s/files/1/0965/9354/3474/files/img-1780731485627-1.jpg?v=1780731487
Liga Inglesa,Middlesbrough,Camiseta Middlesbrough 26/27 Local,https://camisetasdefutbol.com.co/products/camiseta-middlesbrough-26-27-local,100000,,https://cdn.shopify.com/s/files/1/0965/9354/3474/files/img-1789258330659-0.jpg?v=1789258333,https://cdn.shopify.com/s/files/1/0965/9354/3474/files/img-1789258331643-1.jpg?v=1789258333
Liga Inglesa,Newcastle,"Camiseta Newcastle United 23/24 Local, Versión Jugador",https://camisetasdefutbol.com.co/products/camiseta-newcastle-united-23-24-local-version-jugador,110000,,https://cdn.shopify.com/s/files/1/0965/9354/3474/files/img-1783730086594-0.jpg?v=1783730090,https://cdn.shopify.com/s/files/1/0965/9354/3474/files/img-1783730088650-1.jpg?v=1783730090
Liga Inglesa,Newcastle,"Camiseta Newcastle United 25/26 Tercera, Versión Jugador",https://camisetasdefutbol.com.co/products/camiseta-newcastle-united-25-26-tercera-version-jugador,110000,,https://cdn.shopify.com/s/files/1/0965/9354/3474/files/img-1783732380280-0.jpg?v=1783732383,https://cdn.shopify.com/s/files/1/0965/9354/3474/files/img-1783732381480-1.jpg?v=1783732383
Liga Inglesa,Newcastle,Camiseta Newcastle United 26/27 Local,https://camisetasdefutbol.com.co/products/camiseta-newcastle-united-26-27-local,100000,,https://cdn.shopify.com/s/files/1/0965/9354/3474/files/img-1784346930053-0.jpg?v=1784346933,https://cdn.shopify.com/s/files/1/0965/9354/3474/files/img-1784346931471-1.jpg?v=1784346933
Liga Inglesa,Newcastle,Camiseta Newcastle United 26/27 Local Manga Larga,https://camisetasdefutbol.com.co/products/camiseta-newcastle-united-26-27-local-manga-larga,115000,,https://cdn.shopify.com/s/files/1/0965/9354/3474/files/img-1790546081810-0.jpg?v=1790546083,https://cdn.shopify.com/s/files/1/0965/9354/3474/files/img-1790546082740-1.jpg?v=1790546083
Liga Inglesa,Newcastle,"Camiseta Newcastle United 26/27 Local, Versión Jugador",https://camisetasdefutbol.com.co/products/camiseta-newcastle-united-26-27-local-version-jugador,110000,,https://cdn.shopify.com/s/files/1/0965/9354/3474/files/img-1787112521019-0.jpg?v=1787112524,https://cdn.shopify.com/s/files/1/0965/9354/3474/files/img-1787112522395-1.jpg?v=1787112524
Liga Inglesa,Newcastle,Camiseta Newcastle United 26/27 Visitante,https://camisetasdefutbol.com.co/products/camiseta-newcastle-united-26-27-visitante,100000,,https://cdn.shopify.com/s/files/1/0965/9354/3474/files/img-1789258178617-0.jpg?v=1789258181,https://cdn.shopify.com/s/files/1/0965/9354/3474/files/img-1789258179596-1.jpg?v=1789258181
Liga Inglesa,Newcastle,"Camiseta Newcastle United 26/27 Visitante, Versión Jugador",https://camisetasdefutbol.com.co/products/camiseta-newcastle-united-26-27-visitante-version-jugador,110000,,https://cdn.shopify.com/s/files/1/0965/9354/3474/files/img-1788631367214-0.jpg?v=1788631370,https://cdn.shopify.com/s/files/1/0965/9354/3474/files/img-1788631368339-1.jpg?v=1788631370
Liga Inglesa,Newcastle,Camiseta Newcastle United 95/96 Visitante Retro,https://camisetasdefutbol.com.co/products/camiseta-newcastle-united-95-96-visitante-retro,120000,,https://cdn.shopify.com/s/files/1/0965/9354/3474/files/img-1790546075604-0.jpg?v=1790546077,https://cdn.shopify.com/s/files/1/0965/9354/3474/files/img-1790546076492-1.jpg?v=1790546077
Liga Inglesa,Newcastle,Camiseta Newcastle United 96/97 Retro Edición Ciudad,https://camisetasdefutbol.com.co/products/camiseta-newcastle-united-96-97-retro-edicion-ciudad,120000,,https://cdn.shopify.com/s/files/1/0965/9354/3474/files/img-1786685083630-0.jpg?v=1786685087,https://cdn.shopify.com/s/files/1/0965/9354/3474/files/img-1786685084608-1.jpg?v=1786685087
Liga Inglesa,Newcastle,Camiseta Newcastle United 97/98 Portero Retro Manga Larga,https://camisetasdefutbol.com.co/products/camiseta-newcastle-united-97-98-portero-retro-manga-larga,125000,,https://cdn.shopify.com/s/files/1/0965/9354/3474/files/img-1783301756853-0.jpg?v=1783301761,https://cdn.shopify.com/s/files/1/0965/9354/3474/files/img-1783301758960-1.jpg?v=1783301761
Liga Inglesa,Newcastle,Camiseta Newcastle United 99/00 Visitante Retro,https://camisetasdefutbol.com.co/products/camiseta-newcastle-united-99-00-visitante-retro,120000,,https://cdn.shopify.com/s/files/1/0965/9354/3474/files/img-1781535842494-0.jpg?v=1781535846,https://cdn.shopify.com/s/files/1/0965/9354/3474/files/img-1781535843948-1.jpg?v=1781535846
Liga Inglesa,Nottingham Forest,Camiseta Nottingham Forest 25/26 Local,https://camisetasdefutbol.com.co/products/camiseta-nottingham-forest-25-26-local,100000,,https://cdn.shopify.com/s/files/1/0965/9354/3474/files/img-1784596158473-0.jpg?v=1784596162,https://cdn.shopify.com/s/files/1/0965/9354/3474/files/img-1784596159984-1.jpg?v=1784596162
Liga Inglesa,Nottingham Forest,Camiseta Nottingham Forest 25/26 Tercera,https://camisetasdefutbol.com.co/products/camiseta-nottingham-forest-25-26-tercera,100000,,https://cdn.shopify.com/s/files/1/0965/9354/3474/files/img-1784596186424-0.jpg?v=1784596189,https://cdn.shopify.com/s/files/1/0965/9354/3474/files/img-1784596187709-1.jpg?v=1784596189
Liga Inglesa,Nottingham Forest,Camiseta Nottingham Forest 26/27 Tercera,https://camisetasdefutbol.com.co/products/camiseta-nottingham-forest-26-27-tercera,100000,,https://cdn.shopify.com/s/files/1/0965/9354/3474/files/img-1790545073910-0.jpg?v=1790545076,https://cdn.shopify.com/s/files/1/0965/9354/3474/files/img-1790545075023-1.jpg?v=1790545076
Liga Inglesa,Nottingham Forest,Camiseta Nottingham Forest 77/80 Local Retro,https://camisetasdefutbol.com.co/products/camiseta-nottingham-forest-77-80-local-retro,120000,,https://cdn.shopify.com/s/files/1/0965/9354/3474/files/img-1784596252004-0.jpg?v=1784596255,https://cdn.shopify.com/s/files/1/0965/9354/3474/files/img-1784596253533-1.jpg?v=1784596255
Liga Inglesa,Nottingham Forest,Camiseta Nottingham Forest 77/80 Visitante Retro,https://camisetasdefutbol.com.co/products/camiseta-nottingham-forest-77-80-visitante-retro,120000,,https://cdn.shopify.com/s/files/1/0965/9354/3474/files/img-1784596244065-0.jpg?v=1784596247,https://cdn.shopify.com/s/files/1/0965/9354/3474/files/img-1784596245581-1.jpg?v=1784596247
Liga Inglesa,Nottingham Forest,Camiseta Nottingham Forest 82/84 Visitante Retro,https://camisetasdefutbol.com.co/products/camiseta-nottingham-forest-82-84-visitante-retro,120000,,https://cdn.shopify.com/s/files/1/0965/9354/3474/files/img-1784596258983-0.jpg?v=1784596262,https://cdn.shopify.com/s/files/1/0965/9354/3474/files/img-1784596260181-1.jpg?v=1784596262
Liga Inglesa,Portsmouth,Camiseta Portsmouth 26/27 Visitante,https://camisetasdefutbol.com.co/products/camiseta-portsmouth-26-27-visitante,100000,,https://cdn.shopify.com/s/files/1/0965/9354/3474/files/img-1789856935094-0.jpg?v=1789856938,https://cdn.shopify.com/s/files/1/0965/9354/3474/files/img-1789856936479-1.jpg?v=1789856938
Liga Inglesa,Queens Park Rangers,Camiseta Queens Park Rangers 26/27 Tercera,https://camisetasdefutbol.com.co/products/camiseta-queens-park-rangers-26-27-tercera,100000,,https://cdn.shopify.com/s/files/1/0965/9354/3474/files/img-1787112323315-0.jpg?v=1787112326,https://cdn.shopify.com/s/files/1/0965/9354/3474/files/img-1787112324615-1.jpg?v=1787112326
Liga Inglesa,Queens Park Rangers,Camiseta Queens Park Rangers 26/27 Visitante,https://camisetasdefutbol.com.co/products/camiseta-queens-park-rangers-26-27-visitante,100000,,https://cdn.shopify.com/s/files/1/0965/9354/3474/files/img-1787112141873-0.jpg?v=1787112145,https://cdn.shopify.com/s/files/1/0965/9354/3474/files/img-1787112143561-1.jpg?v=1787112145
Liga Inglesa,Sheffield United,Camiseta Sheffield United 26/27 Tercera,https://camisetasdefutbol.com.co/products/camiseta-sheffield-united-26-27-tercera,100000,,https://cdn.shopify.com/s/files/1/0965/9354/3474/files/img-1789856772153-0.jpg?v=1789856774,https://cdn.shopify.com/s/files/1/0965/9354/3474/files/img-1789856773020-1.jpg?v=1789856774
Liga Inglesa,Sheffield United,Camiseta Sheffield Wednesday 26/27 Visitante,https://camisetasdefutbol.com.co/products/camiseta-sheffield-wednesday-26-27-visitante,100000,,https://cdn.shopify.com/s/files/1/0965/9354/3474/files/img-1789856766394-0.jpg?v=1789856769,https://cdn.shopify.com/s/files/1/0965/9354/3474/files/img-1789856767421-1.jpg?v=1789856769
Liga Inglesa,Sunderland,Camiseta Sunderland 05/06 Local Retro,https://camisetasdefutbol.com.co/products/camiseta-sunderland-05-06-local-retro,120000,,https://cdn.shopify.com/s/files/1/0965/9354/3474/files/img-1790545853257-0.jpg?v=1790545855,https://cdn.shopify.com/s/files/1/0965/9354/3474/files/img-1790545854695-1.jpg?v=1790545855
Liga Inglesa,Sunderland,Camiseta Sunderland 05/06 Visitante Retro,https://camisetasdefutbol.com.co/products/camiseta-sunderland-05-06-visitante-retro,120000,,https://cdn.shopify.com/s/files/1/0965/9354/3474/files/img-1790545859559-0.jpg?v=1790545861,https://cdn.shopify.com/s/files/1/0965/9354/3474/files/img-1790545860487-1.jpg?v=1790545861
Liga Inglesa,Sunderland,Camiseta Sunderland 26/27 Local,https://camisetasdefutbol.com.co/products/camiseta-sunderland-26-27-local,100000,,https://cdn.shopify.com/s/files/1/0965/9354/3474/files/img-1789856759910-0.jpg?v=1789856762,https://cdn.shopify.com/s/files/1/0965/9354/3474/files/img-1789856761059-1.jpg?v=1789856762
Liga Inglesa,Sunderland,Camiseta Sunderland 26/27 Tercera,https://camisetasdefutbol.com.co/products/camiseta-sunderland-26-27-tercera,100000,,https://cdn.shopify.com/s/files/1/0965/9354/3474/files/img-1789856753195-0.jpg?v=1789856755,https://cdn.shopify.com/s/files/1/0965/9354/3474/files/img-1789856754108-1.jpg?v=1789856755
Liga Inglesa,Tottenham,Camiseta 2025-2026 Versión Jugador Tottenham Visitante,https://camisetasdefutbol.com.co/products/camiseta-2025-2026-version-jugador-tottenham-visitante,110000,,https://cdn.shopify.com/s/files/1/0965/9354/3474/files/download_95245fd2-b3b3-42cc-b786-fd49f3972201.jpg?v=1776655081,https://cdn.shopify.com/s/files/1/0965/9354/3474/files/download_e5afc213-957e-42cb-a56a-5b13a1fd810b.jpg?v=1776655082
Liga Inglesa,Tottenham,Camiseta Tottenham Hotspur 18/19 Local Retro,https://camisetasdefutbol.com.co/products/camiseta-tottenham-hotspur-18-19-local-retro,120000,,https://cdn.shopify.com/s/files/1/0965/9354/3474/files/fix-223179850-0.jpg?v=1780704434,https://cdn.shopify.com/s/files/1/0965/9354/3474/files/fix-223179850-1.jpg?v=1780704434
Liga Inglesa,Tottenham,Camiseta Tottenham Hotspur 18/19 Tercera Retro,https://camisetasdefutbol.com.co/products/camiseta-tottenham-hotspur-18-19-tercera-retro,120000,,https://cdn.shopify.com/s/files/1/0965/9354/3474/files/img-1780723656779-0.jpg?v=1780723660,https://cdn.shopify.com/s/files/1/0965/9354/3474/files/img-1780723658150-1.jpg?v=1780723660
Liga Inglesa,Tottenham,Camiseta Tottenham Hotspur 19/20 Local Retro,https://camisetasdefutbol.com.co/products/camiseta-tottenham-hotspur-19-20-local-retro,120000,,https://cdn.shopify.com/s/files/1/0965/9354/3474/files/fix-223179859-0.jpg?v=1780704440,https://cdn.shopify.com/s/files/1/0965/9354/3474/files/fix-223179859-1.jpg?v=1780704440
Liga Inglesa,Tottenham,Camiseta Tottenham Hotspur 1986 Local Retro,https://camisetasdefutbol.com.co/products/camiseta-tottenham-hotspur-1986-local-retro,120000,,https://cdn.shopify.com/s/files/1/0965/9354/3474/files/img-1780728673916-0.jpg?v=1780728677,https://cdn.shopify.com/s/files/1/0965/9354/3474/files/img-1780728675584-1.jpg?v=1780728678
Liga Inglesa,Tottenham,Camiseta Tottenham Hotspur 1994/95 Visitante Retro,https://camisetasdefutbol.com.co/products/camiseta-tottenham-hotspur-1994-95-visitante-retro,120000,,https://cdn.shopify.com/s/files/1/0965/9354/3474/files/img-1784483289989-0.jpg?v=1784483293,https://cdn.shopify.com/s/files/1/0965/9354/3474/files/img-1784483291365-1.jpg?v=1784483293
Liga Inglesa,Tottenham,"Camiseta Tottenham Hotspur 22/23 Visitante, Versión Jugador",https://camisetasdefutbol.com.co/products/camiseta-tottenham-hotspur-22-23-visitante-version-jugador,110000,,https://cdn.shopify.com/s/files/1/0965/9354/3474/files/img-1783730185350-0.jpg?v=1783730189,https://cdn.shopify.com/s/files/1/0965/9354/3474/files/img-1783730187120-1.jpg?v=1783730189
Liga Inglesa,Tottenham,"Camiseta Tottenham Hotspur 23/24 Local, Versión Jugador",https://camisetasdefutbol.com.co/products/camiseta-tottenham-hotspur-23-24-local-version-jugador,110000,,https://cdn.shopify.com/s/files/1/0965/9354/3474/files/img-1783730109952-0.jpg?v=1783730114,https://cdn.shopify.com/s/files/1/0965/9354/3474/files/img-1783730111763-1.jpg?v=1783730114
Liga Inglesa,Tottenham,Camiseta Tottenham Hotspur 25/26 Local,https://camisetasdefutbol.com.co/products/camiseta-tottenham-hotspur-25-26-local,100000,,https://cdn.shopify.com/s/files/1/0965/9354/3474/files/img-1780733608782-0.jpg?v=1780733612,https://cdn.shopify.com/s/files/1/0965/9354/3474/files/img-1780733609877-1.jpg?v=1780733612
Liga Inglesa,Tottenham,Camiseta Tottenham Hotspur 25/26 Tercera,https://camisetasdefutbol.com.co/products/camiseta-tottenham-hotspur-25-26-hotspur-tercera,100000,,https://cdn.shopify.com/s/files/1/0965/9354/3474/files/img-1784896688160-0.jpg?v=1784896692,https://cdn.shopify.com/s/files/1/0965/9354/3474/files/img-1784896689943-1.jpg?v=1784896692
Liga Inglesa,Tottenham,Camiseta Tottenham Hotspur 25/26 Tercera,https://camisetasdefutbol.com.co/products/camiseta-tottenham-hotspur-25-26-tercera,100000,,https://cdn.shopify.com/s/files/1/0965/9354/3474/files/img-1780725536848-0.jpg?v=1780725540,https://cdn.shopify.com/s/files/1/0965/9354/3474/files/img-1780725538196-1.jpg?v=1780725540
Liga Inglesa,Tottenham,Camiseta Tottenham Hotspur 25/26 Visitante,https://camisetasdefutbol.com.co/products/camiseta-tottenham-hotspur-25-26-visitante,100000,,https://cdn.shopify.com/s/files/1/0965/9354/3474/files/img-1780733598976-0.jpg?v=1780733602,https://cdn.shopify.com/s/files/1/0965/9354/3474/files/img-1780733600567-1.jpg?v=1780733602
Liga Inglesa,Tottenham,Camiseta Tottenham Hotspur 26/27 Local,https://camisetasdefutbol.com.co/products/camiseta-tottenham-hotspur-26-27-local,100000,,https://cdn.shopify.com/s/files/1/0965/9354/3474/files/img-1788631302480-0.jpg?v=1788631305,https://cdn.shopify.com/s/files/1/0965/9354/3474/files/img-1788631303900-1.jpg?v=1788631306
Liga Inglesa,Tottenham,Camiseta Tottenham Hotspur 26/27 Local para Mujer,https://camisetasdefutbol.com.co/products/camiseta-tottenham-hotspur-26-27-local-para-mujer,100000,,https://cdn.shopify.com/s/files/1/0965/9354/3474/files/img-1786161591537-0.jpg?v=1786161595,https://cdn.shopify.com/s/files/1/0965/9354/3474/files/img-1786161592893-1.jpg?v=1786161595
Liga Inglesa,Tottenham,Camiseta Tottenham Hotspur 26/27 Tercera,https://camisetasdefutbol.com.co/products/camiseta-tottenham-hotspur-26-27-tercera,100000,,https://cdn.shopify.com/s/files/1/0965/9354/3474/files/img-1789258050291-0.jpg?v=1789258053,https://cdn.shopify.com/s/files/1/0965/9354/3474/files/img-1789258051255-1.jpg?v=1789258053
Liga Inglesa,Tottenham,Camiseta Tottenham Hotspur 26/27 Visitante,https://camisetasdefutbol.com.co/products/camiseta-tottenham-hotspur-26-27-visitante,100000,,https://cdn.shopify.com/s/files/1/0965/9354/3474/files/img-1789258166845-0.jpg?v=1789258169,https://cdn.shopify.com/s/files/1/0965/9354/3474/files/img-1789258167773-1.jpg?v=1789258169
Liga Inglesa,Tottenham,Camiseta Tottenham Hotspur 26/27 Visitante para Mujer,https://camisetasdefutbol.com.co/products/camiseta-tottenham-hotspur-26-27-visitante-para-mujer,100000,,https://cdn.shopify.com/s/files/1/0965/9354/3474/files/img-1786161565073-0.jpg?v=1786161568,https://cdn.shopify.com/s/files/1/0965/9354/3474/files/img-1786161566417-1.jpg?v=1786161568
Liga Inglesa,Tottenham,"Camiseta Tottenham Hotspur 26/27 Visitante, Versión Jugador",https://camisetasdefutbol.com.co/products/camiseta-tottenham-hotspur-26-27-visitante-version-jugador,110000,,https://cdn.shopify.com/s/files/1/0965/9354/3474/files/img-1784696022227-0.jpg?v=1784696026,https://cdn.shopify.com/s/files/1/0965/9354/3474/files/img-1784696023906-1.jpg?v=1784696025
Liga Inglesa,Tottenham,Camiseta Tottenham Hotspur 97/99 Portero Retro Manga Larga,https://camisetasdefutbol.com.co/products/camiseta-tottenham-hotspur-97-99-hotspur-portero-retro-manga-larga,135000,,https://cdn.shopify.com/s/files/1/0965/9354/3474/files/img-1784896664105-0.jpg?v=1784896668,https://cdn.shopify.com/s/files/1/0965/9354/3474/files/img-1784896665505-1.jpg?v=1784896668
Liga Inglesa,Tottenham,Rompevientos Tottenham 25/26 Azul Marino,https://camisetasdefutbol.com.co/products/rompevientos-tottenham-25-26-azul-marino,250000,,https://cdn.shopify.com/s/files/1/0965/9354/3474/files/img-1782189927645-0.jpg?v=1782189931,https://cdn.shopify.com/s/files/1/0965/9354/3474/files/img-1782189929524-1.jpg?v=1782189931
Liga Inglesa,West Ham,"Camiseta West Ham United 25/26 Local, Versión Jugador",https://camisetasdefutbol.com.co/products/camiseta-west-ham-united-25-26-local-version-jugador,110000,,https://cdn.shopify.com/s/files/1/0965/9354/3474/files/img-1786685041016-0.jpg?v=1786685045,https://cdn.shopify.com/s/files/1/0965/9354/3474/files/img-1786685043107-1.jpg?v=1786685045
Liga Inglesa,West Ham,Camiseta West Ham United 26/27 Tercera,https://camisetasdefutbol.com.co/products/camiseta-west-ham-united-26-27-tercera,100000,,https://cdn.shopify.com/s/files/1/0965/9354/3474/files/img-1790544923075-0.jpg?v=1790544925,https://cdn.shopify.com/s/files/1/0965/9354/3474/files/img-1790544923974-1.jpg?v=1790544925
Liga Inglesa,West Ham,Camiseta West Ham United 76/80 Local Retro,https://camisetasdefutbol.com.co/products/camiseta-west-ham-united-76-80-local-retro,120000,,https://cdn.shopify.com/s/files/1/0965/9354/3474/files/img-1784483402879-0.jpg?v=1784483406,https://cdn.shopify.com/s/files/1/0965/9354/3474/files/img-1784483404072-1.jpg?v=1784483406
Liga Inglesa,West Ham,Equipación para niños 2025-2026 West Ham United Alternativa Visitante,https://camisetasdefutbol.com.co/products/camiseta-2025-2026-west-ham-united-alternativa-visitante,100000,,https://cdn.shopify.com/s/files/1/0965/9354/3474/files/download_bcdd0244-b03b-49f2-952b-555b36e5ad1e.jpg?v=1776655178,https://cdn.shopify.com/s/files/1/0965/9354/3474/files/download_c9145e9f-1388-4074-9e7d-5b0d548cbba8.jpg?v=1776655178
Liga Inglesa,Wolves,Camiseta Wolverhampton 02/04 Local Retro,https://camisetasdefutbol.com.co/products/camiseta-wolverhampton-02-04-local-retro-1,120000,,https://cdn.shopify.com/s/files/1/0965/9354/3474/files/img-1784596271230-0.jpg?v=1784596274,https://cdn.shopify.com/s/files/1/0965/9354/3474/files/img-1784596271905-1.jpg?v=1784596273
Liga Inglesa,Wolves,Camiseta Wolverhampton 18/19 Local Retro,https://camisetasdefutbol.com.co/products/camiseta-wolverhampton-18-19-local-retro,120000,,https://cdn.shopify.com/s/files/1/0965/9354/3474/files/img-1784596229681-0.jpg?v=1784596232,https://cdn.shopify.com/s/files/1/0965/9354/3474/files/img-1784596230856-1.jpg?v=1784596233
Liga Inglesa,Wolves,Camiseta Wolverhampton 25/26 Portero Negro,https://camisetasdefutbol.com.co/products/camiseta-wolverhampton-25-26-portero-negro,100000,,https://cdn.shopify.com/s/files/1/0965/9354/3474/files/img-1784596165498-0.jpg?v=1784596168,https://cdn.shopify.com/s/files/1/0965/9354/3474/files/img-1784596166664-1.jpg?v=1784596168
Liga Inglesa,Wolves,Camiseta Wolverhampton 26/27 Local,https://camisetasdefutbol.com.co/products/camiseta-wolverhampton-26-27-local,100000,,https://cdn.shopify.com/s/files/1/0965/9354/3474/files/img-1788631309228-0.jpg?v=1788631313,https://cdn.shopify.com/s/files/1/0965/9354/3474/files/img-1788631310605-1.jpg?v=1788631313
Liga Inglesa,Wolves,Camiseta Wolverhampton 26/27 Visitante,https://camisetasdefutbol.com.co/products/camiseta-wolverhampton-26-27-visitante,100000,,https://cdn.shopify.com/s/files/1/0965/9354/3474/files/img-1790544917220-0.jpg?v=1790544919,https://cdn.shopify.com/s/files/1/0965/9354/3474/files/img-1790544918186-1.jpg?v=1790544919
Liga Inglesa,Wolves,Camiseta Wolverhampton 70 Aniversario,https://camisetasdefutbol.com.co/products/camiseta-wolverhampton-70-aniversario,100000,,https://cdn.shopify.com/s/files/1/0965/9354/3474/files/img-1784596223100-0.jpg?v=1784596226,https://cdn.shopify.com/s/files/1/0965/9354/3474/files/img-1784596224290-1.jpg?v=1784596226
Liga Inglesa,Wolves,Camiseta Wolverhampton 85/86 Local Retro,https://camisetasdefutbol.com.co/products/camiseta-wolverhampton-85-86-local-retro-1,120000,,https://cdn.shopify.com/s/files/1/0965/9354/3474/files/img-1784596277050-0.jpg?v=1784596280,
Liga Inglesa,Wolves,Camiseta Wolverhampton 86/87 Local Retro,https://camisetasdefutbol.com.co/products/camiseta-wolverhampton-86-87-local-retro-1,120000,,https://cdn.shopify.com/s/files/1/0965/9354/3474/files/img-1784596289017-0.jpg?v=1784596292,
Liga Inglesa,Wolves,Camiseta Wolverhampton 86/88 Visitante Retro,https://camisetasdefutbol.com.co/products/camiseta-wolverhampton-86-88-visitante-retro,120000,,https://cdn.shopify.com/s/files/1/0965/9354/3474/files/img-1781535860625-0.jpg?v=1781535865,https://cdn.shopify.com/s/files/1/0965/9354/3474/files/img-1781535863076-1.jpg?v=1781535865
Liga Inglesa,Wolves,Camiseta Wolverhampton 96/98 Local Retro,https://camisetasdefutbol.com.co/products/camiseta-wolverhampton-96-98-local-retro,120000,,https://cdn.shopify.com/s/files/1/0965/9354/3474/files/img-1784596236726-0.jpg?v=1784596240,https://cdn.shopify.com/s/files/1/0965/9354/3474/files/img-1784596238335-1.jpg?v=1784596240
Liga Inglesa,Wolves,Camiseta Wolverhampton 98/99 Local Retro,https://camisetasdefutbol.com.co/products/camiseta-wolverhampton-98-99-local-retro-1,120000,,https://cdn.shopify.com/s/files/1/0965/9354/3474/files/img-1784596283279-0.jpg?v=1784596286,https://cdn.shopify.com/s/files/1/0965/9354/3474/files/img-1784596284001-1.jpg?v=1784596286
Liga Italiana,AC Milan,Camiseta 2025-2026 AC Milan Local,https://camisetasdefutbol.com.co/products/camiseta-ac-milan-2025-2026-local,100000,,https://cdn.shopify.com/s/files/1/0965/9354/3474/files/a9e8dfc47273233cffdfad9710208db1.jpg?v=1778104891,https://cdn.shopify.com/s/files/1/0965/9354/3474/files/c2394d70f18eaa1b533908c8407acf76.jpg?v=1778104893
Liga Italiana,AC Milan,Camiseta 2025-2026 Versión Jugador AC Milan Edición Especial,https://camisetasdefutbol.com.co/products/camiseta-2025-2026-version-jugador-ac-milan-edicion-especial,110000,,https://cdn.shopify.com/s/files/1/0965/9354/3474/files/download_99c95ab9-a7e3-4109-8dc8-9275d58cd19d.jpg?v=1776655082,https://cdn.shopify.com/s/files/1/0965/9354/3474/files/download_a47a2ffe-76a6-4028-b390-f7ba6c33d2ae.jpg?v=1776655082
Liga Italiana,AC Milan,Camiseta AC Milan 02/03 Visitante Retro,https://camisetasdefutbol.com.co/products/camiseta-ac-milan-02-03-visitante-retro,120000,,https://cdn.shopify.com/s/files/1/0965/9354/3474/files/img-1780730866994-0.jpg?v=1780730870,https://cdn.shopify.com/s/files/1/0965/9354/3474/files/img-1780730868223-1.jpg?v=1780730870
Liga Italiana,AC Milan,Camiseta AC Milan 04/05 Local Retro,https://camisetasdefutbol.com.co/products/camiseta-ac-milan-04-05-local-retro,120000,,https://cdn.shopify.com/s/files/1/0965/9354/3474/files/img-1780730751945-0.jpg?v=1780730755,https://cdn.shopify.com/s/files/1/0965/9354/3474/files/img-1780730753384-1.jpg?v=1780730755
Liga Italiana,AC Milan,Camiseta AC Milan 10/11 Local Manga Larga Retro,https://camisetasdefutbol.com.co/products/camiseta-ac-milan-10-11-local-manga-larga-retro,135000,,https://cdn.shopify.com/s/files/1/0965/9354/3474/files/img-1788752184671-0.jpg?v=1788752187,https://cdn.shopify.com/s/files/1/0965/9354/3474/files/img-1788752185941-1.jpg?v=1788752187
Liga Italiana,AC Milan,Camiseta AC Milan 120º Aniversario,https://camisetasdefutbol.com.co/products/camiseta-ac-milan-120º-aniversario,120000,,https://cdn.shopify.com/s/files/1/0965/9354/3474/files/img-1784436843302-0.jpg?v=1784436846,https://cdn.shopify.com/s/files/1/0965/9354/3474/files/img-1784436844499-1.jpg?v=1784436846
Liga Italiana,AC Milan,"Camiseta AC Milan 125º Aniversario Negra, Versión Jugador",https://camisetasdefutbol.com.co/products/camiseta-ac-milan-125º-aniversario-negra-version-jugador,120000,,https://cdn.shopify.com/s/files/1/0965/9354/3474/files/img-1784436849033-0.jpg?v=1784436852,https://cdn.shopify.com/s/files/1/0965/9354/3474/files/img-1784436850462-1.jpg?v=1784436852
Liga Italiana,AC Milan,Camiseta AC Milan 1993-1994 Local Manga Larga,https://camisetasdefutbol.com.co/products/camiseta-ac-milan-1993-1994-local-manga-larga,120000,,https://cdn.shopify.com/s/files/1/0965/9354/3474/files/download_eb58ca77-e765-4b13-b1c2-d9609eefdc49.jpg?v=1776655258,https://cdn.shopify.com/s/files/1/0965/9354/3474/files/download_93e48ce7-0b3f-49aa-b4c9-b8f832d7a7e0.jpg?v=1776655258
Liga Italiana,AC Milan,Camiseta AC Milan 20/21 Local Retro,https://camisetasdefutbol.com.co/products/camiseta-ac-milan-20-21-local-retro,120000,,https://cdn.shopify.com/s/files/1/0965/9354/3474/files/img-1780723650460-0.jpg?v=1780723654,https://cdn.shopify.com/s/files/1/0965/9354/3474/files/img-1780723651896-1.jpg?v=1780723653
Liga Italiana,AC Milan,Camiseta AC Milan 20/21 Tercera Retro,https://camisetasdefutbol.com.co/products/camiseta-ac-milan-20-21-tercera-retro,120000,,https://cdn.shopify.com/s/files/1/0965/9354/3474/files/img-1780723636031-0.jpg?v=1780723639,https://cdn.shopify.com/s/files/1/0965/9354/3474/files/img-1780723637254-1.jpg?v=1780723639
Liga Italiana,AC Milan,Camiseta AC Milan 2002-2003 Retro Local,https://camisetasdefutbol.com.co/products/camiseta-ac-milan-2002-2003-retro-local,120000,,https://cdn.shopify.com/s/files/1/0965/9354/3474/files/download_5257eacd-9ace-497e-8376-4412a53447fd.jpg?v=1776655217,https://cdn.shopify.com/s/files/1/0965/9354/3474/files/download_58a0a9c2-10bb-4e9a-a90d-14cb68acfd04.jpg?v=1776655217
Liga Italiana,AC Milan,Camiseta AC Milan 2006-2007 Visitante Versión Jugador Retro,https://camisetasdefutbol.com.co/products/camiseta-ac-milan-2006-2007-visitante-version-jugador-retro,110000,,https://cdn.shopify.com/s/files/1/0965/9354/3474/files/download_2b3e5209-1590-4c04-9c24-cdd9afd1577f.jpg?v=1776655221,https://cdn.shopify.com/s/files/1/0965/9354/3474/files/download_19f224e4-56b5-45cf-91f5-39b50a7c79c0.jpg?v=1776655221
Liga Italiana,AC Milan,Camiseta AC Milan 2020-2021 Retro Local,https://camisetasdefutbol.com.co/products/camiseta-ac-milan-2020-2021-retro-local,120000,,https://cdn.shopify.com/s/files/1/0965/9354/3474/files/download_113d52b6-0313-4438-8e6a-6257ba3d497d.jpg?v=1776655233,https://cdn.shopify.com/s/files/1/0965/9354/3474/files/download_5e1e987c-c644-45f7-ba2d-03d4838d3afb.jpg?v=1776655233
Liga Italiana,AC Milan,Camiseta AC Milan 2025-2026 Versión Jugador Visitante,https://camisetasdefutbol.com.co/products/camiseta-ac-milan-2025-2026-version-jugador-visitante,110000,,https://cdn.shopify.com/s/files/1/0965/9354/3474/files/download_e037ab71-e81c-4c66-bba7-a78b070a6ff9.jpg?v=1776655239,https://cdn.shopify.com/s/files/1/0965/9354/3474/files/download_54356989-25ca-4226-8915-45e80b483922.jpg?v=1776655239
Liga Italiana,AC Milan,Camiseta AC Milan 21/22 Local Retro,https://camisetasdefutbol.com.co/products/camiseta-ac-milan-21-22-local-retro,120000,,https://cdn.shopify.com/s/files/1/0965/9354/3474/files/img-1780723643007-0.jpg?v=1780723646,https://cdn.shopify.com/s/files/1/0965/9354/3474/files/img-1780723644188-1.jpg?v=1780723646
Liga Italiana,AC Milan,"Camiseta AC Milan 22/23 Visitante, Versión Jugador",https://camisetasdefutbol.com.co/products/camiseta-ac-milan-22-23-visitante-version-jugador,110000,,https://cdn.shopify.com/s/files/1/0965/9354/3474/files/img-1783730375528-0.jpg?v=1783730379,https://cdn.shopify.com/s/files/1/0965/9354/3474/files/img-1783730377148-1.jpg?v=1783730379
Liga Italiana,AC Milan,Camiseta AC Milan 25/26 Edición Especial,https://camisetasdefutbol.com.co/products/camiseta-ac-milan-25-26-edicion-especial,100000,,https://cdn.shopify.com/s/files/1/0965/9354/3474/files/img-1784896402833-0.jpg?v=1784896406,https://cdn.shopify.com/s/files/1/0965/9354/3474/files/img-1784896404293-1.jpg?v=1784896406
Liga Italiana,AC Milan,Camiseta AC Milan 25/26 Local,https://camisetasdefutbol.com.co/products/camiseta-ac-milan-25-26-local,100000,,https://cdn.shopify.com/s/files/1/0965/9354/3474/files/img-1780734014241-0.jpg?v=1780734017,https://cdn.shopify.com/s/files/1/0965/9354/3474/files/img-1780734015433-1.jpg?v=1780734017
Liga Italiana,AC Milan,"Camiseta AC Milan 25/26 Visitante Manga Larga, Versión Jugador",https://camisetasdefutbol.com.co/products/camiseta-ac-milan-25-26-visitante-manga-larga-version-jugador,125000,,https://cdn.shopify.com/s/files/1/0965/9354/3474/files/img-1784896562053-0.jpg?v=1784896565,https://cdn.shopify.com/s/files/1/0965/9354/3474/files/img-1784896563224-1.jpg?v=1784896565
Liga Italiana,AC Milan,"Camiseta AC Milan 25/26 Visitante, Versión Jugador",https://camisetasdefutbol.com.co/products/camiseta-ac-milan-25-26-visitante-version-jugador,110000,,https://cdn.shopify.com/s/files/1/0965/9354/3474/files/img-1780731156309-0.jpg?v=1780731159,https://cdn.shopify.com/s/files/1/0965/9354/3474/files/img-1780731157553-1.jpg?v=1780731159
Liga Italiana,AC Milan,Camiseta AC Milan 26/27 Cuarta Manga Larga,https://camisetasdefutbol.com.co/products/camiseta-ac-milan-26-27-cuarta-manga-larga,115000,,https://cdn.shopify.com/s/files/1/0965/9354/3474/files/img-1790545983647-0.jpg?v=1790545986,https://cdn.shopify.com/s/files/1/0965/9354/3474/files/img-1790545984815-1.jpg?v=1790545985
Liga Italiana,AC Milan,Camiseta AC Milan 26/27 Tercera,https://camisetasdefutbol.com.co/products/camiseta-ac-milan-26-27-tercera-leaked,100000,,https://cdn.shopify.com/s/files/1/0965/9354/3474/files/fix-226970296-0.jpg?v=1780704589,https://cdn.shopify.com/s/files/1/0965/9354/3474/files/fix-226970296-1.jpg?v=1780704589
Liga Italiana,AC Milan,Camiseta AC Milan 97/98 Visitante Retro,https://camisetasdefutbol.com.co/products/camiseta-ac-milan-97-98-visitante-retro,120000,,https://cdn.shopify.com/s/files/1/0965/9354/3474/files/img-1780728575248-0.jpg?v=1780728579,https://cdn.shopify.com/s/files/1/0965/9354/3474/files/img-1780728576958-1.jpg?v=1780728579
Liga Italiana,AC Milan,Rompevientos AC Milan 2026 Verde,https://camisetasdefutbol.com.co/products/rompevientos-ac-milan-2026-verde,250000,,https://cdn.shopify.com/s/files/1/0965/9354/3474/files/img-1786161656178-0.jpg?v=1786161659,https://cdn.shopify.com/s/files/1/0965/9354/3474/files/img-1786161657583-1.jpg?v=1786161659
Liga Italiana,AS Roma,Camiseta 2025-2026 Versión Jugador Roma Local,https://camisetasdefutbol.com.co/products/camiseta-2025-2026-version-jugador-roma-local,110000,,https://cdn.shopify.com/s/files/1/0965/9354/3474/files/download_f40c6805-62d2-4d33-8005-cf52fb75dbe2.jpg?v=1776655077,https://cdn.shopify.com/s/files/1/0965/9354/3474/files/download_dc0f1ac6-7951-4e38-a6ff-df1a30000f55.jpg?v=1776655077
Liga Italiana,AS Roma,Camiseta AS Roma 00/01 Local Manga Larga Retro,https://camisetasdefutbol.com.co/products/camiseta-as-roma-00-01-local-manga-larga-retro,135000,,https://cdn.shopify.com/s/files/1/0965/9354/3474/files/img-1788752082523-0.jpg?v=1788752085,https://cdn.shopify.com/s/files/1/0965/9354/3474/files/img-1788752083842-1.jpg?v=1788752085
Liga Italiana,AS Roma,Camiseta AS Roma 06/07 Local Retro,https://camisetasdefutbol.com.co/products/camiseta-as-roma-06-07-local-retro,120000,,https://cdn.shopify.com/s/files/1/0965/9354/3474/files/img-1780726738568-0.jpg?v=1780726742,https://cdn.shopify.com/s/files/1/0965/9354/3474/files/img-1780726739896-1.jpg?v=1780726742
Liga Italiana,AS Roma,Camiseta AS Roma 23/24 Tercera Retro,https://camisetasdefutbol.com.co/products/camiseta-as-roma-23-24-tercera-retro,120000,,https://cdn.shopify.com/s/files/1/0965/9354/3474/files/fix-226971145-0.jpg?v=1780704659,https://cdn.shopify.com/s/files/1/0965/9354/3474/files/fix-226971145-1.jpg?v=1780704659
Liga Italiana,AS Roma,Camiseta AS Roma 25/26 Local,https://camisetasdefutbol.com.co/products/camiseta-as-roma-25-26-local,100000,,https://cdn.shopify.com/s/files/1/0965/9354/3474/files/img-1780726100478-0.jpg?v=1780726104,https://cdn.shopify.com/s/files/1/0965/9354/3474/files/img-1780726102035-1.jpg?v=1780726104
Liga Italiana,AS Roma,"Camiseta AS Roma 25/26 Tercera, Versión Jugador",https://camisetasdefutbol.com.co/products/camiseta-as-roma-25-26-tercera-version-jugador,110000,,https://cdn.shopify.com/s/files/1/0965/9354/3474/files/img-1780727369910-0.jpg?v=1780727373,https://cdn.shopify.com/s/files/1/0965/9354/3474/files/img-1780727371190-1.jpg?v=1780727373
Liga Italiana,AS Roma,"Camiseta AS Roma 26/27 Local, Versión Jugador",https://camisetasdefutbol.com.co/products/camiseta-as-roma-26-27-local-version-jugador,110000,,https://cdn.shopify.com/s/files/1/0965/9354/3474/files/img-1789856778072-0.jpg?v=1789856780,https://cdn.shopify.com/s/files/1/0965/9354/3474/files/img-1789856779158-1.jpg?v=1789856780
Liga Italiana,AS Roma,"Camiseta AS Roma 26/27 Visitante, Versión Jugador",https://camisetasdefutbol.com.co/products/camiseta-as-roma-26-27-visitante-version-jugador,110000,,https://cdn.shopify.com/s/files/1/0965/9354/3474/files/img-1789856784589-0.jpg?v=1789856787,https://cdn.shopify.com/s/files/1/0965/9354/3474/files/img-1789856785606-1.jpg?v=1789856787
Liga Italiana,AS Roma,Camiseta AS Roma 82/83 Local Retro,https://camisetasdefutbol.com.co/products/camiseta-as-roma-82-83-local-retro,120000,,https://cdn.shopify.com/s/files/1/0965/9354/3474/files/img-1780726871447-0.jpg?v=1780726875,https://cdn.shopify.com/s/files/1/0965/9354/3474/files/img-1780726872754-1.jpg?v=1780726874
Liga Italiana,AS Roma,Camiseta AS Roma 83/84 Local Retro,https://camisetasdefutbol.com.co/products/camiseta-as-roma-83-84-local-retro,120000,,https://cdn.shopify.com/s/files/1/0965/9354/3474/files/img-1780726910264-0.jpg?v=1780726913,https://cdn.shopify.com/s/files/1/0965/9354/3474/files/img-1780726911533-1.jpg?v=1780726913
Liga Italiana,AS Roma,Camiseta AS Roma 89/90 Local Retro,https://camisetasdefutbol.com.co/products/camiseta-as-roma-89-90-local-retro,120000,,https://cdn.shopify.com/s/files/1/0965/9354/3474/files/img-1790545872188-0.jpg?v=1790545874,https://cdn.shopify.com/s/files/1/0965/9354/3474/files/img-1790545873135-1.jpg?v=1790545874
Liga Italiana,AS Roma,Camiseta AS Roma 91/92 Tercera Retro,https://camisetasdefutbol.com.co/products/camiseta-as-roma-91-92-tercera-retro,120000,,https://cdn.shopify.com/s/files/1/0965/9354/3474/files/img-1790545865830-0.jpg?v=1790545868,https://cdn.shopify.com/s/files/1/0965/9354/3474/files/img-1790545866991-1.jpg?v=1790545868
Liga Italiana,AS Roma,Camiseta AS Roma 95/96 Entrenamiento Retro,https://camisetasdefutbol.com.co/products/camiseta-as-roma-95-96-entrenamiento-retro,100000,,https://cdn.shopify.com/s/files/1/0965/9354/3474/files/img-1788145216919-0.jpg?v=1788145220,https://cdn.shopify.com/s/files/1/0965/9354/3474/files/img-1788145218431-1.jpg?v=1788145220
Liga Italiana,AS Roma,Camiseta AS Roma 99/00 Visitante Retro,https://camisetasdefutbol.com.co/products/camiseta-as-roma-99-00-visitante-retro,120000,,https://cdn.shopify.com/s/files/1/0965/9354/3474/files/img-1780725022212-0.jpg?v=1780725025,https://cdn.shopify.com/s/files/1/0965/9354/3474/files/img-1780725023710-1.jpg?v=1780725025
Liga Italiana,AS Roma,"Camiseta Roma 25/26 Visitante, Versión Jugador",https://camisetasdefutbol.com.co/products/camiseta-roma-25-26-visitante-version-jugador,110000,,https://cdn.shopify.com/s/files/1/0965/9354/3474/files/img-1783732470949-0.jpg?v=1783732474,https://cdn.shopify.com/s/files/1/0965/9354/3474/files/img-1783732472449-1.jpg?v=1783732474
Liga Italiana,Atalanta,Camiseta Atalanta 25/26 Local,https://camisetasdefutbol.com.co/products/camiseta-atalanta-25-26-local,100000,,https://cdn.shopify.com/s/files/1/0965/9354/3474/files/img-1786685012247-0.jpg?v=1786685016,https://cdn.shopify.com/s/files/1/0965/9354/3474/files/img-1786685013712-1.jpg?v=1786685016
Liga Italiana,Bologna,Camiseta Bologna 25/26 Local,https://camisetasdefutbol.com.co/products/camiseta-bologna-25-26-local,100000,,https://cdn.shopify.com/s/files/1/0965/9354/3474/files/img-1786685066309-0.jpg?v=1786685070,https://cdn.shopify.com/s/files/1/0965/9354/3474/files/img-1786685067587-1.jpg?v=1786685070
Liga Italiana,Bologna,Camiseta Bologna 26/27 Local,https://camisetasdefutbol.com.co/products/camiseta-bologna-26-27-local,100000,,https://cdn.shopify.com/s/files/1/0965/9354/3474/files/img-1790545976860-0.jpg?v=1790545979,https://cdn.shopify.com/s/files/1/0965/9354/3474/files/img-1790545977904-1.jpg?v=1790545979
Liga Italiana,Cagliari,Camiseta Cagliari 26/27 Visitante,https://camisetasdefutbol.com.co/products/camiseta-cagliari-26-27-visitante,100000,,https://cdn.shopify.com/s/files/1/0965/9354/3474/files/img-1790545970740-0.jpg?v=1790545973,https://cdn.shopify.com/s/files/1/0965/9354/3474/files/img-1790545971963-1.jpg?v=1790545972
Liga Italiana,Como,Camiseta Como 26/27 Local,https://camisetasdefutbol.com.co/products/camiseta-como-26-27-local,100000,,https://cdn.shopify.com/s/files/1/0965/9354/3474/files/lo-como-0.jpg?v=1786924597,https://cdn.shopify.com/s/files/1/0965/9354/3474/files/lo-como-1.jpg?v=1786924597
Liga Italiana,Fiorentina,Camiseta Fiorentina 1998 Local Retro,https://camisetasdefutbol.com.co/products/camiseta-fiorentina-1998-local-retro,120000,,https://cdn.shopify.com/s/files/1/0965/9354/3474/files/img-1783229118595-0.jpg?v=1783229121,https://cdn.shopify.com/s/files/1/0965/9354/3474/files/img-1783229119707-1.jpg?v=1783229121
Liga Italiana,Fiorentina,Camiseta Fiorentina 25/26 Cuarta,https://camisetasdefutbol.com.co/products/camiseta-fiorentina-25-26-cuarta,100000,,https://cdn.shopify.com/s/files/1/0965/9354/3474/files/img-1783229100910-0.jpg?v=1783229104,https://cdn.shopify.com/s/files/1/0965/9354/3474/files/img-1783229101978-1.jpg?v=1783229104
Liga Italiana,Fiorentina,Camiseta Fiorentina 25/26 Tercera,https://camisetasdefutbol.com.co/products/camiseta-fiorentina-25-26-tercera,100000,,https://cdn.shopify.com/s/files/1/0965/9354/3474/files/img-1783229094657-0.jpg?v=1783229098,https://cdn.shopify.com/s/files/1/0965/9354/3474/files/img-1783229095959-1.jpg?v=1783229098
Liga Italiana,Fiorentina,Camiseta Fiorentina 26/27 Local,https://camisetasdefutbol.com.co/products/camiseta-fiorentina-26-27-local,100000,,https://cdn.shopify.com/s/files/1/0965/9354/3474/files/lo-fiorentina-0.jpg?v=1786924577,https://cdn.shopify.com/s/files/1/0965/9354/3474/files/lo-fiorentina-1.jpg?v=1786924576
Liga Italiana,Fiorentina,Camiseta Fiorentina 79/80 Local Retro,https://camisetasdefutbol.com.co/products/camiseta-fiorentina-79-80-local-retro,120000,,https://cdn.shopify.com/s/files/1/0965/9354/3474/files/img-1783229112994-0.jpg?v=1783229116,https://cdn.shopify.com/s/files/1/0965/9354/3474/files/img-1783229114012-1.jpg?v=1783229116
Liga Italiana,Fiorentina,Camiseta Fiorentina 95/96 Visitante Retro,https://camisetasdefutbol.com.co/products/camiseta-fiorentina-95-96-visitante-retro,120000,,https://cdn.shopify.com/s/files/1/0965/9354/3474/files/img-1781536072400-0.jpg?v=1781536075,https://cdn.shopify.com/s/files/1/0965/9354/3474/files/img-1781536073543-1.jpg?v=1781536075
Liga Italiana,Fiorentina,Camiseta Fiorentina 97/98 Visitante Retro,https://camisetasdefutbol.com.co/products/camiseta-fiorentina-97-98-visitante-retro,120000,,https://cdn.shopify.com/s/files/1/0965/9354/3474/files/img-1783229106751-0.jpg?v=1783229110,https://cdn.shopify.com/s/files/1/0965/9354/3474/files/img-1783229108176-1.jpg?v=1783229110
Liga Italiana,Inter de Milán,Camiseta 2025-2026 Inter Milan Local,https://camisetasdefutbol.com.co/products/camiseta-2025-2026-inter-milan-local,100000,,https://cdn.shopify.com/s/files/1/0965/9354/3474/files/download_9a8deea4-e976-4d9f-bbe2-f18a5ada607d.jpg?v=1776654980,https://cdn.shopify.com/s/files/1/0965/9354/3474/files/download_1efb485a-e50d-4936-a806-99cad0023fdd.jpg?v=1776654980
Liga Italiana,Inter de Milán,Camiseta Inter de Milán 02/03 Tercera Retro,https://camisetasdefutbol.com.co/products/camiseta-inter-de-milan-02-03-tercera-retro,120000,,https://cdn.shopify.com/s/files/1/0965/9354/3474/files/img-1780728713736-0.jpg?v=1780728717,https://cdn.shopify.com/s/files/1/0965/9354/3474/files/img-1780728714965-1.jpg?v=1780728717
Liga Italiana,Inter de Milán,Camiseta Inter de Milán 04/05 Local Manga Larga Retro,https://camisetasdefutbol.com.co/products/camiseta-inter-de-milan-04-05-local-manga-larga-retro,135000,,https://cdn.shopify.com/s/files/1/0965/9354/3474/files/img-1790545964017-0.jpg?v=1790545966,https://cdn.shopify.com/s/files/1/0965/9354/3474/files/img-1790545964948-1.jpg?v=1790545966
Liga Italiana,Inter de Milán,Camiseta Inter de Milán 07/08 Local Retro,https://camisetasdefutbol.com.co/products/camiseta-inter-de-milan-07-08-local-retro,120000,,https://cdn.shopify.com/s/files/1/0965/9354/3474/files/img-1780728532984-0.jpg?v=1780728536,https://cdn.shopify.com/s/files/1/0965/9354/3474/files/img-1780728534477-1.jpg?v=1780728536
Liga Italiana,Inter de Milán,Camiseta Inter de Milán 09/10 Local Retro,https://camisetasdefutbol.com.co/products/camiseta-inter-de-milan-09-10-local-retro,120000,,https://cdn.shopify.com/s/files/1/0965/9354/3474/files/img-1780728117584-0.jpg?v=1780728121,https://cdn.shopify.com/s/files/1/0965/9354/3474/files/img-1780728119376-1.jpg?v=1780728121
Liga Italiana,Inter de Milán,Camiseta Inter de Milán 10/11 Visitante Retro,https://camisetasdefutbol.com.co/products/camiseta-inter-de-milan-10-11-visitante-retro,120000,,https://cdn.shopify.com/s/files/1/0965/9354/3474/files/img-1780728706442-0.jpg?v=1780728709,https://cdn.shopify.com/s/files/1/0965/9354/3474/files/img-1780728707668-1.jpg?v=1780728709
Liga Italiana,Inter de Milán,Camiseta Inter de Milán 11/12 Local Retro,https://camisetasdefutbol.com.co/products/camiseta-inter-de-milan-11-12-local-retro,120000,,https://cdn.shopify.com/s/files/1/0965/9354/3474/files/img-1786161867529-0.jpg?v=1786161871,https://cdn.shopify.com/s/files/1/0965/9354/3474/files/img-1786161868499-1.jpg?v=1786161871
Liga Italiana,Inter de Milán,Camiseta Inter de Milán 19/20 Local Retro,https://camisetasdefutbol.com.co/products/camiseta-inter-de-milan-19-20-local-retro,120000,,https://cdn.shopify.com/s/files/1/0965/9354/3474/files/img-1780723514235-0.jpg?v=1780723517,https://cdn.shopify.com/s/files/1/0965/9354/3474/files/img-1780723515534-1.jpg?v=1780723517
Liga Italiana,Inter de Milán,Camiseta Inter de Milán 19/20 Tercera Retro,https://camisetasdefutbol.com.co/products/camiseta-inter-de-milan-19-20-tercera-retro,120000,,https://cdn.shopify.com/s/files/1/0965/9354/3474/files/img-1780723505388-0.jpg?v=1780723509,https://cdn.shopify.com/s/files/1/0965/9354/3474/files/img-1780723506774-1.jpg?v=1780723509
Liga Italiana,Inter de Milán,Camiseta Inter de Milán 1992 Local,https://camisetasdefutbol.com.co/products/camiseta-inter-de-milan-1992-local,120000,,https://cdn.shopify.com/s/files/1/0965/9354/3474/files/camiseta-inter-milan-1992.jpg?v=1768350281,https://cdn.shopify.com/s/files/1/0965/9354/3474/files/camiseta-inter-milan-1992-back.jpg?v=1768350281
Liga Italiana,Inter de Milán,Camiseta Inter de Milán 1998/99 Visitante Retro,https://camisetasdefutbol.com.co/products/camiseta-inter-de-milan-1998-99-visitante-retro,120000,,https://cdn.shopify.com/s/files/1/0965/9354/3474/files/img-1784483337892-0.jpg?v=1784483341,https://cdn.shopify.com/s/files/1/0965/9354/3474/files/img-1784483339057-1.jpg?v=1784483341
Liga Italiana,Inter de Milán,Camiseta Inter de Milán 2010 Local Manga Larga Retro,https://camisetasdefutbol.com.co/products/camiseta-inter-de-milan-2010-local-manga-larga-retro,135000,,https://cdn.shopify.com/s/files/1/0965/9354/3474/files/img-1790545957724-0.jpg?v=1790545960,https://cdn.shopify.com/s/files/1/0965/9354/3474/files/img-1790545959332-1.jpg?v=1790545960
Liga Italiana,Inter de Milán,"Camiseta Inter de Milán 22/23 Local, Versión Jugador",https://camisetasdefutbol.com.co/products/camiseta-inter-de-milan-22-23-local-version-jugador,110000,,https://cdn.shopify.com/s/files/1/0965/9354/3474/files/img-1783730344927-0.jpg?v=1783730348,https://cdn.shopify.com/s/files/1/0965/9354/3474/files/img-1783730346411-1.jpg?v=1783730348
Liga Italiana,Inter de Milán,"Camiseta Inter de Milán 25/26 Local Manga Larga, Versión Jugador",https://camisetasdefutbol.com.co/products/camiseta-inter-de-milan-25-26-local-manga-larga-version-jugador,125000,,https://cdn.shopify.com/s/files/1/0965/9354/3474/files/img-1784896584327-0.jpg?v=1784896588,https://cdn.shopify.com/s/files/1/0965/9354/3474/files/img-1784896585876-1.jpg?v=1784896588
Liga Italiana,Inter de Milán,Camiseta Inter de Milán 25/26 Tercera,https://camisetasdefutbol.com.co/products/camiseta-inter-de-milan-25-26-tercera,100000,,https://cdn.shopify.com/s/files/1/0965/9354/3474/files/img-1780726246465-0.jpg?v=1780726250,https://cdn.shopify.com/s/files/1/0965/9354/3474/files/img-1780726248027-1.jpg?v=1780726250
Liga Italiana,Inter de Milán,"Camiseta Inter de Milán 25/26 Tercera, Versión Jugador",https://camisetasdefutbol.com.co/products/camiseta-inter-de-milan-25-26-tercera-version-jugador,110000,,https://cdn.shopify.com/s/files/1/0965/9354/3474/files/img-1780727249294-0.jpg?v=1780727253,https://cdn.shopify.com/s/files/1/0965/9354/3474/files/img-1780727251241-1.jpg?v=1780727253
Liga Italiana,Inter de Milán,Camiseta Inter de Milán 26/27 Local Manga Larga,https://camisetasdefutbol.com.co/products/camiseta-inter-de-milan-26-27-local-manga-larga,115000,,https://cdn.shopify.com/s/files/1/0965/9354/3474/files/img-1790545945114-0.jpg?v=1790545947,https://cdn.shopify.com/s/files/1/0965/9354/3474/files/img-1790545946096-1.jpg?v=1790545947
Liga Italiana,Inter de Milán,"Camiseta Inter de Milán 26/27 Local Manga Larga, Versión Jugador",https://camisetasdefutbol.com.co/products/camiseta-inter-de-milan-26-27-local-manga-larga-version-jugador,125000,,https://cdn.shopify.com/s/files/1/0965/9354/3474/files/img-1784695926099-0.jpg?v=1784695929,https://cdn.shopify.com/s/files/1/0965/9354/3474/files/img-1784695927561-1.jpg?v=1784695930
Liga Italiana,Inter de Milán,"Camiseta Inter de Milán 26/27 Tercera, Versión Jugador",https://camisetasdefutbol.com.co/products/camiseta-inter-de-milan-26-27-tercera-version-jugador,110000,,https://cdn.shopify.com/s/files/1/0965/9354/3474/files/img-1788631396557-0.jpg?v=1788631400,https://cdn.shopify.com/s/files/1/0965/9354/3474/files/img-1788631397836-1.jpg?v=1788631400
Liga Italiana,Inter de Milán,"Camiseta Inter de Milán 26/27 Visitante Manga Larga, Versión Jugador",https://camisetasdefutbol.com.co/products/camiseta-inter-de-milan-26-27-visitante-manga-larga-version-jugador,125000,,https://cdn.shopify.com/s/files/1/0965/9354/3474/files/img-1790545951047-0.jpg?v=1790545953,https://cdn.shopify.com/s/files/1/0965/9354/3474/files/img-1790545952061-1.jpg?v=1790545953
Liga Italiana,Inter de Milán,"Camiseta Inter de Milán 26/27 Visitante, Versión Jugador",https://camisetasdefutbol.com.co/products/camiseta-inter-de-milan-26-27-visitante-version-jugador,110000,,https://cdn.shopify.com/s/files/1/0965/9354/3474/files/img-1788631404108-0.jpg?v=1788631408,https://cdn.shopify.com/s/files/1/0965/9354/3474/files/img-1788631405746-1.jpg?v=1788631407
Liga Italiana,Inter de Milán,Camiseta Inter de Milán 90/91 Visitante Retro,https://camisetasdefutbol.com.co/products/camiseta-inter-de-milan-90-91-visitante-retro,120000,,https://cdn.shopify.com/s/files/1/0965/9354/3474/files/img-1780729020935-0.jpg?v=1780729027,https://cdn.shopify.com/s/files/1/0965/9354/3474/files/img-1780729024712-1.jpg?v=1780729026
Liga Italiana,Inter de Milán,Camiseta Inter de Milán 92/94 Tercera Retro,https://camisetasdefutbol.com.co/products/camiseta-inter-de-milan-92-94-tercera-retro,120000,,https://cdn.shopify.com/s/files/1/0965/9354/3474/files/fix-223180763-0.jpg?v=1780704468,https://cdn.shopify.com/s/files/1/0965/9354/3474/files/fix-223180763-1.jpg?v=1780704468
Liga Italiana,Inter de Milán,Camiseta Inter de Milán 93/94 Local Retro,https://camisetasdefutbol.com.co/products/camiseta-inter-de-milan-93-94-local-retro,120000,,https://cdn.shopify.com/s/files/1/0965/9354/3474/files/img-1790545939158-0.jpg?v=1790545941,https://cdn.shopify.com/s/files/1/0965/9354/3474/files/img-1790545940100-1.jpg?v=1790545941
Liga Italiana,Inter de Milán,Camiseta Inter de Milán 96/97 Tercera Retro,https://camisetasdefutbol.com.co/products/camiseta-inter-de-milan-96-97-tercera-retro,120000,,https://cdn.shopify.com/s/files/1/0965/9354/3474/files/img-1786161879759-0.jpg?v=1786161883,https://cdn.shopify.com/s/files/1/0965/9354/3474/files/img-1786161880824-1.jpg?v=1786161883
Liga Italiana,Inter de Milán,Camiseta Inter de Milán 97/98 Local Manga Larga Retro,https://camisetasdefutbol.com.co/products/camiseta-inter-de-milan-97-98-local-manga-larga-retro,135000,,https://cdn.shopify.com/s/files/1/0965/9354/3474/files/img-1788752191472-0.jpg?v=1788752194,https://cdn.shopify.com/s/files/1/0965/9354/3474/files/img-1788752192763-1.jpg?v=1788752194
Liga Italiana,Inter de Milán,Camiseta Inter de Milán 98/99 Local Manga Larga Retro,https://camisetasdefutbol.com.co/products/camiseta-inter-de-milan-98-99-local-manga-larga-retro,135000,,https://cdn.shopify.com/s/files/1/0965/9354/3474/files/img-1790545933135-0.jpg?v=1790545935,https://cdn.shopify.com/s/files/1/0965/9354/3474/files/img-1790545934464-1.jpg?v=1790545935
Liga Italiana,Inter de Milán,Rompevientos Inter de Milán 25/26 Negro,https://camisetasdefutbol.com.co/products/rompevientos-inter-de-milan-25-26-negro,250000,,https://cdn.shopify.com/s/files/1/0965/9354/3474/files/img-1786161638111-0.jpg?v=1786161641,https://cdn.shopify.com/s/files/1/0965/9354/3474/files/img-1786161639577-1.jpg?v=1786161641
Liga Italiana,Juventus,"Camiseta Juventus 22/23 Visitante, Versión Jugador",https://camisetasdefutbol.com.co/products/camiseta-juventus-22-23-visitante-version-jugador,110000,,https://cdn.shopify.com/s/files/1/0965/9354/3474/files/img-1783730352381-0.jpg?v=1783730356,https://cdn.shopify.com/s/files/1/0965/9354/3474/files/img-1783730353909-1.jpg?v=1783730356
Liga Italiana,Juventus,Camiseta Juventus 26/27 Local,https://camisetasdefutbol.com.co/products/camiseta-juventus-26-27-local,100000,,https://cdn.shopify.com/s/files/1/0965/9354/3474/files/lo-juventus-0.jpg?v=1786924586,https://cdn.shopify.com/s/files/1/0965/9354/3474/files/lo-juventus-1.jpg?v=1786924586
Liga Italiana,Juventus,Camiseta Juventus 26/27 Tercera,https://camisetasdefutbol.com.co/products/camiseta-juventus-26-27-tercera,100000,,https://cdn.shopify.com/s/files/1/0965/9354/3474/files/img-1789258095740-0.jpg?v=1789258099,https://cdn.shopify.com/s/files/1/0965/9354/3474/files/img-1789258096684-1.jpg?v=1789258099
Liga Italiana,Juventus,Camiseta Juventus 26/27 Visitante,https://camisetasdefutbol.com.co/products/camiseta-juventus-26-27-visitante,100000,,https://cdn.shopify.com/s/files/1/0965/9354/3474/files/img-1789258184771-0.jpg?v=1789258187,https://cdn.shopify.com/s/files/1/0965/9354/3474/files/img-1789258185676-1.jpg?v=1789258187
Liga Italiana,Lazio,Camiseta Lazio 18/19 Local Retro,https://camisetasdefutbol.com.co/products/camiseta-lazio-18-19-local-retro,120000,,https://cdn.shopify.com/s/files/1/0965/9354/3474/files/img-1787023955050-0.jpg?v=1787023958,https://cdn.shopify.com/s/files/1/0965/9354/3474/files/img-1787023956096-1.jpg?v=1787023958
Liga Italiana,Lazio,Camiseta Lazio 25/26 Local,https://camisetasdefutbol.com.co/products/camiseta-lazio-25-26-local,100000,,https://cdn.shopify.com/s/files/1/0965/9354/3474/files/img-1786685018585-0.jpg?v=1786685022,https://cdn.shopify.com/s/files/1/0965/9354/3474/files/img-1786685019630-1.jpg?v=1786685022
Liga Italiana,Lazio,Camiseta Lazio 26/27 Tercera,https://camisetasdefutbol.com.co/products/camiseta-lazio-26-27-tercera,100000,,https://cdn.shopify.com/s/files/1/0965/9354/3474/files/img-1790545921588-0.jpg?v=1790545923,https://cdn.shopify.com/s/files/1/0965/9354/3474/files/img-1790545922748-1.jpg?v=1790545923
Liga Italiana,Lazio,Camiseta Lazio 96/97 Local Retro,https://camisetasdefutbol.com.co/products/camiseta-lazio-96-97-local-retro,120000,,https://cdn.shopify.com/s/files/1/0965/9354/3474/files/img-1790545915762-0.jpg?v=1790545918,https://cdn.shopify.com/s/files/1/0965/9354/3474/files/img-1790545916683-1.jpg?v=1790545918
Liga Italiana,Lazio,Camiseta Lazio 96/97 Visitante Retro,https://camisetasdefutbol.com.co/products/camiseta-lazio-96-97-visitante-retro,120000,,https://cdn.shopify.com/s/files/1/0965/9354/3474/files/img-1787023968212-0.jpg?v=1787023971,https://cdn.shopify.com/s/files/1/0965/9354/3474/files/img-1787023969519-1.jpg?v=1787023971
Liga Italiana,Lazio,Camiseta Lazio 98/00 Segunda Retro,https://camisetasdefutbol.com.co/products/camiseta-lazio-98-00-segunda-retro,120000,,https://cdn.shopify.com/s/files/1/0965/9354/3474/files/img-1781535905013-0.jpg?v=1781535908,https://cdn.shopify.com/s/files/1/0965/9354/3474/files/img-1781535906255-1.jpg?v=1781535908
Liga Italiana,Lazio,Camiseta Lazio 99/00 Centenario Retro,https://camisetasdefutbol.com.co/products/camiseta-lazio-99-00-centenario-retro,120000,,https://cdn.shopify.com/s/files/1/0965/9354/3474/files/img-1787023961233-0.jpg?v=1787023964,https://cdn.shopify.com/s/files/1/0965/9354/3474/files/img-1787023962232-1.jpg?v=1787023964
Liga Italiana,Napoli,Camiseta 2025-2026 Napoli Edición Especial,https://camisetasdefutbol.com.co/products/camiseta-2025-2026-napoli-edicion-especial,100000,,https://cdn.shopify.com/s/files/1/0965/9354/3474/files/download_ee367cd5-b553-4bca-911f-3e31bd8552a4.jpg?v=1776655037,https://cdn.shopify.com/s/files/1/0965/9354/3474/files/download_98c5f7e5-eed6-410c-bfb9-e6c608aec8c0.jpg?v=1776655037
Liga Italiana,Napoli,Camiseta 2025-2026 Napoli Visitante,https://camisetasdefutbol.com.co/products/camiseta-2025-2026-napoli-visitante,100000,,https://cdn.shopify.com/s/files/1/0965/9354/3474/files/download_9a434592-8f37-4398-87e0-569ba8d7cb8e.jpg?v=1776655030,
Liga Italiana,Napoli,Camiseta Napoli 19/20 Blanco Retro,https://camisetasdefutbol.com.co/products/camiseta-napoli-19-20-blanco-retro,120000,,https://cdn.shopify.com/s/files/1/0965/9354/3474/files/img-1780733826052-0.jpg?v=1780733830,https://cdn.shopify.com/s/files/1/0965/9354/3474/files/img-1780733828353-1.jpg?v=1780733830
Liga Italiana,Napoli,"Camiseta Napoli 25/26 Halloween Naranja, Versión Jugador",https://camisetasdefutbol.com.co/products/camiseta-napoli-25-26-halloween-naranja-version-jugador,110000,,https://cdn.shopify.com/s/files/1/0965/9354/3474/files/img-1780724454519-0.jpg?v=1780724459,https://cdn.shopify.com/s/files/1/0965/9354/3474/files/img-1780724456923-1.jpg?v=1780724459
Liga Italiana,Napoli,Camiseta Napoli 26/27 Local,https://camisetasdefutbol.com.co/products/camiseta-napoli-26-27-local,100000,,https://cdn.shopify.com/s/files/1/0965/9354/3474/files/lo-napoli-0.jpg?v=1786924545,https://cdn.shopify.com/s/files/1/0965/9354/3474/files/lo-napoli-1.jpg?v=1786924545
Liga Italiana,Napoli,Camiseta Napoli 88/89 Visitante Retro,https://camisetasdefutbol.com.co/products/camiseta-napoli-88-89-visitante-retro,120000,,https://cdn.shopify.com/s/files/1/0965/9354/3474/files/img-1780726599539-0.jpg?v=1780726603,https://cdn.shopify.com/s/files/1/0965/9354/3474/files/img-1780726600924-1.jpg?v=1780726603
Liga Italiana,Napoli,Camiseta SSC Napoli 13/14 Visitante Retro,https://camisetasdefutbol.com.co/products/camiseta-ssc-napoli-13-14-visitante-retro,120000,,https://cdn.shopify.com/s/files/1/0965/9354/3474/files/img-1780730469698-0.jpg?v=1780730475,https://cdn.shopify.com/s/files/1/0965/9354/3474/files/img-1780730471476-1.jpg?v=1780730474
Liga Italiana,Napoli,"Camiseta SSC Napoli 26/27 Local, Versión Jugador",https://camisetasdefutbol.com.co/products/camiseta-ssc-napoli-26-27-local-version-jugador,110000,,https://cdn.shopify.com/s/files/1/0965/9354/3474/files/img-1788631323309-0.jpg?v=1788631326,https://cdn.shopify.com/s/files/1/0965/9354/3474/files/img-1788631324677-1.jpg?v=1788631327
Liga Italiana,Napoli,"Camiseta SSC Napoli 26/27 Tercera, Versión Jugador",https://camisetasdefutbol.com.co/products/camiseta-ssc-napoli-26-27-tercera-version-jugador,110000,,https://cdn.shopify.com/s/files/1/0965/9354/3474/files/img-1790545080403-0.jpg?v=1790545083,https://cdn.shopify.com/s/files/1/0965/9354/3474/files/img-1790545081906-1.jpg?v=1790545083
Liga Italiana,Napoli,"Camiseta SSC Napoli 26/27 Visitante, Versión Jugador",https://camisetasdefutbol.com.co/products/camiseta-ssc-napoli-26-27-visitante-version-jugador,110000,,https://cdn.shopify.com/s/files/1/0965/9354/3474/files/img-1790545087942-0.jpg?v=1790545090,
Liga Italiana,Napoli,Camiseta SSC Napoli 88/89 Local Retro,https://camisetasdefutbol.com.co/products/camiseta-ssc-napoli-88-89-local-retro,120000,,https://cdn.shopify.com/s/files/1/0965/9354/3474/files/img-1790545890337-0.jpg?v=1790545892,https://cdn.shopify.com/s/files/1/0965/9354/3474/files/img-1790545891547-1.jpg?v=1790545892
Liga Italiana,Napoli,Camiseta SSC Napoli 88/89 Visitante Retro,https://camisetasdefutbol.com.co/products/camiseta-ssc-napoli-88-89-visitante-retro,120000,,https://cdn.shopify.com/s/files/1/0965/9354/3474/files/img-1788752075284-0.jpg?v=1788752079,https://cdn.shopify.com/s/files/1/0965/9354/3474/files/img-1788752077508-1.jpg?v=1788752078
Liga Italiana,Napoli,Camiseta SSC Napoli 89/90 Local Retro,https://camisetasdefutbol.com.co/products/camiseta-ssc-napoli-89-90-local-retro,120000,,https://cdn.shopify.com/s/files/1/0965/9354/3474/files/img-1788752029731-0.jpg?v=1788752032,https://cdn.shopify.com/s/files/1/0965/9354/3474/files/img-1788752030940-1.jpg?v=1788752032
Liga Italiana,Napoli,Camiseta SSC Napoli 90/91 Local Retro,https://camisetasdefutbol.com.co/products/camiseta-ssc-napoli-90-91-local-retro,120000,,https://cdn.shopify.com/s/files/1/0965/9354/3474/files/img-1780726476843-0.jpg?v=1780726480,https://cdn.shopify.com/s/files/1/0965/9354/3474/files/img-1780726477969-1.jpg?v=1780726480
Liga Italiana,Napoli,Camiseta SSC Napoli 91/93 Local Retro,https://camisetasdefutbol.com.co/products/camiseta-ssc-napoli-91-93-local-retro,120000,,https://cdn.shopify.com/s/files/1/0965/9354/3474/files/img-1790545896244-0.jpg?v=1790545898,https://cdn.shopify.com/s/files/1/0965/9354/3474/files/img-1790545897224-1.jpg?v=1790545898
Liga Italiana,Napoli,Rompevientos Napoli 88/89 Azul,https://camisetasdefutbol.com.co/products/rompevientos-napoli-88-89-azul,250000,,https://cdn.shopify.com/s/files/1/0965/9354/3474/files/img-1782189806537-0.jpg?v=1782189810,https://cdn.shopify.com/s/files/1/0965/9354/3474/files/img-1782189808667-1.jpg?v=1782189810
Liga Italiana,Palermo,Camiseta Palermo FC 26/27 Local,https://camisetasdefutbol.com.co/products/camiseta-palermo-fc-26-27-local,100000,,https://cdn.shopify.com/s/files/1/0965/9354/3474/files/img-1789258488377-0.jpg?v=1789258492,https://cdn.shopify.com/s/files/1/0965/9354/3474/files/img-1789258490010-1.jpg?v=1789258492
Liga Italiana,Parma,Camiseta Parma 05/06 Local Retro,https://camisetasdefutbol.com.co/products/camiseta-parma-05-06-local-retro,120000,,https://cdn.shopify.com/s/files/1/0965/9354/3474/files/img-1786161855525-0.jpg?v=1786161858,https://cdn.shopify.com/s/files/1/0965/9354/3474/files/img-1786161856436-1.jpg?v=1786161858
Liga Italiana,Parma,Camiseta Parma 12/13 Local Retro,https://camisetasdefutbol.com.co/products/camiseta-parma-12-13-local-retro,120000,,https://cdn.shopify.com/s/files/1/0965/9354/3474/files/img-1786161788026-0.jpg?v=1786161791,https://cdn.shopify.com/s/files/1/0965/9354/3474/files/img-1786161789176-1.jpg?v=1786161791
Liga Italiana,Parma,Camiseta Parma 98/99 Tercera Retro,https://camisetasdefutbol.com.co/products/camiseta-parma-98-99-tercera-retro,120000,,https://cdn.shopify.com/s/files/1/0965/9354/3474/files/img-1790545883821-0.jpg?v=1790545886,https://cdn.shopify.com/s/files/1/0965/9354/3474/files/img-1790545884790-1.jpg?v=1790545885
Liga Italiana,Parma,Camiseta Parma 99/00 Visitante Retro,https://camisetasdefutbol.com.co/products/camiseta-parma-99-00-visitante-retro,120000,,https://cdn.shopify.com/s/files/1/0965/9354/3474/files/img-1790545878265-0.jpg?v=1790545880,https://cdn.shopify.com/s/files/1/0965/9354/3474/files/img-1790545879218-1.jpg?v=1790545880
Liga Italiana,Parma,Camiseta Parma Calcio 95/97 Visitante Retro,https://camisetasdefutbol.com.co/products/camiseta-parma-calcio-95-97-visitante-retro,120000,,https://cdn.shopify.com/s/files/1/0965/9354/3474/files/img-1784596143626-0.jpg?v=1784596147,https://cdn.shopify.com/s/files/1/0965/9354/3474/files/img-1784596145034-1.jpg?v=1784596147
Liga Alemana,Bayer Leverkusen,Camiseta Bayer Leverkusen 25/26 Local,https://camisetasdefutbol.com.co/products/camiseta-bayer-leverkusen-25-26-local,100000,,https://cdn.shopify.com/s/files/1/0965/9354/3474/files/img-1786685005846-0.jpg?v=1786685009,https://cdn.shopify.com/s/files/1/0965/9354/3474/files/img-1786685007096-1.jpg?v=1786685010
Liga Alemana,Bayer Leverkusen,Camiseta Bayer Leverkusen 98/00 Local Retro,https://camisetasdefutbol.com.co/products/camiseta-bayer-leverkusen-98-00-local-retro,120000,,https://cdn.shopify.com/s/files/1/0965/9354/3474/files/img-1784483429834-0.jpg?v=1784483433,https://cdn.shopify.com/s/files/1/0965/9354/3474/files/img-1784483431114-1.jpg?v=1784483433
Liga Alemana,Bayern Munich,Camiseta 2024-2025 Versión Jugador Retro Bayern Munich,https://camisetasdefutbol.com.co/products/camiseta-2024-2025-version-jugador-retro-bayern-munich,110000,,https://cdn.shopify.com/s/files/1/0965/9354/3474/files/download_aaf8e994-63dc-4bac-a8f4-0fe0657f140e.jpg?v=1776654846,https://cdn.shopify.com/s/files/1/0965/9354/3474/files/download_89921e0f-cf9b-45a5-8db9-bc93e35b1b76.jpg?v=1776654846
Liga Alemana,Bayern Munich,Camiseta 2025-2026 Bayern Munich Alternativa Visitante,https://camisetasdefutbol.com.co/products/camiseta-2025-2026-bayern-munich-alternativa-visitante,100000,,https://cdn.shopify.com/s/files/1/0965/9354/3474/files/download_537e4ecc-ae43-4d2c-bdf9-6ee732488e18.jpg?v=1776654901,https://cdn.shopify.com/s/files/1/0965/9354/3474/files/download_eb178cd8-c94e-4b28-9799-17b366694e91.jpg?v=1776654901
Liga Alemana,Bayern Munich,Camiseta 2025-2026 Bayern Munich Edición Especial,https://camisetasdefutbol.com.co/products/camiseta-2025-2026-bayern-munich-edicion-especial,100000,,https://cdn.shopify.com/s/files/1/0965/9354/3474/files/download_79f37e4c-f490-41df-ab4d-3afc0bea0f85.jpg?v=1776654899,https://cdn.shopify.com/s/files/1/0965/9354/3474/files/download_89b20922-75ce-435d-857d-f6727002d764.jpg?v=1776654899
Liga Alemana,Bayern Munich,Camiseta Bayern Munich 03/04 Local Retro,https://camisetasdefutbol.com.co/products/camiseta-bayern-munich-03-04-local-retro,120000,,https://cdn.shopify.com/s/files/1/0965/9354/3474/files/img-1780728540351-0.jpg?v=1780728545,https://cdn.shopify.com/s/files/1/0965/9354/3474/files/img-1780728543339-1.jpg?v=1780728545
Liga Alemana,Bayern Munich,Camiseta Bayern Munich 21/22 Local Retro,https://camisetasdefutbol.com.co/products/camiseta-bayern-munich-21-22-local-retro,120000,,https://cdn.shopify.com/s/files/1/0965/9354/3474/files/img-1780723526803-0.jpg?v=1780723530,https://cdn.shopify.com/s/files/1/0965/9354/3474/files/img-1780723528194-1.jpg?v=1780723530
Liga Alemana,Bayern Munich,Camiseta Bayern Munich 21/22 Visitante Retro,https://camisetasdefutbol.com.co/products/camiseta-bayern-munich-21-22-visitante-retro,120000,,https://cdn.shopify.com/s/files/1/0965/9354/3474/files/img-1780723534956-0.jpg?v=1780723539,https://cdn.shopify.com/s/files/1/0965/9354/3474/files/img-1780723536874-1.jpg?v=1780723539
Liga Alemana,Bayern Munich,Camiseta Bayern Munich 23/24 Local Retro,https://camisetasdefutbol.com.co/products/camiseta-bayern-munich-23-24-local-retro,120000,,https://cdn.shopify.com/s/files/1/0965/9354/3474/files/img-1780724886810-0.jpg?v=1780724890,https://cdn.shopify.com/s/files/1/0965/9354/3474/files/img-1780724887973-1.jpg?v=1780724890
Liga Alemana,Bayern Munich,Camiseta Bayern Munich 24/25 Retro,https://camisetasdefutbol.com.co/products/camiseta-bayern-munich-24-25-retro,120000,,https://cdn.shopify.com/s/files/1/0965/9354/3474/files/img-1784896517832-0.jpg?v=1784896521,https://cdn.shopify.com/s/files/1/0965/9354/3474/files/img-1784896519084-1.jpg?v=1784896521
Liga Alemana,Bayern Munich,"Camiseta Bayern Munich 25/26 125 Aniversario Manga Larga, Versión Jugador",https://camisetasdefutbol.com.co/products/camiseta-bayern-munich-25-26-125-aniversario-manga-larga-version-jugador,125000,,https://cdn.shopify.com/s/files/1/0965/9354/3474/files/img-1784896569490-0.jpg?v=1784896573,https://cdn.shopify.com/s/files/1/0965/9354/3474/files/img-1784896570757-1.jpg?v=1784896573
Liga Alemana,Bayern Munich,Camiseta Bayern Munich 25/26 Edición Especial Retro,https://camisetasdefutbol.com.co/products/camiseta-bayern-munich-25-26-edicion-especial-retro,120000,,https://cdn.shopify.com/s/files/1/0965/9354/3474/files/img-1784896510072-0.jpg?v=1784896514,https://cdn.shopify.com/s/files/1/0965/9354/3474/files/img-1784896511326-1.jpg?v=1784896513
Liga Alemana,Bayern Munich,"Camiseta Bayern Munich 25/26 Local, Versión Jugador",https://camisetasdefutbol.com.co/products/camiseta-bayern-munich-25-26-local-version-jugador,110000,,https://cdn.shopify.com/s/files/1/0965/9354/3474/files/img-1780732225239-0.jpg?v=1780732229,https://cdn.shopify.com/s/files/1/0965/9354/3474/files/img-1780732226862-1.jpg?v=1780732229
Liga Alemana,Bayern Munich,"Camiseta Bayern Munich 25/26 Tercera, Versión Jugador",https://camisetasdefutbol.com.co/products/camiseta-bayern-munich-25-26-tercera-version-jugador,110000,,https://cdn.shopify.com/s/files/1/0965/9354/3474/files/img-1780727397122-0.jpg?v=1780727400,https://cdn.shopify.com/s/files/1/0965/9354/3474/files/img-1780727398422-1.jpg?v=1780727400
Liga Alemana,Bayern Munich,"Camiseta Bayern Munich 26/27 Local Manga Larga, Versión Jugador",https://camisetasdefutbol.com.co/products/camiseta-bayern-munich-26-27-local-manga-larga-version-jugador,125000,,https://cdn.shopify.com/s/files/1/0965/9354/3474/files/img-1784695903405-0.jpg?v=1784695907,https://cdn.shopify.com/s/files/1/0965/9354/3474/files/img-1784695904820-1.jpg?v=1784695906
Liga Alemana,Bayern Munich,Camiseta Bayern Munich 26/27 Visitante,https://camisetasdefutbol.com.co/products/camiseta-bayern-munich-26-27-visitante,100000,,https://cdn.shopify.com/s/files/1/0965/9354/3474/files/fix-237052860-0.jpg?v=1780704896,https://cdn.shopify.com/s/files/1/0965/9354/3474/files/fix-237052860-1.jpg?v=1780704896
Liga Alemana,Bayern Munich,Camiseta Bayern Munich 95/97 Local Retro,https://camisetasdefutbol.com.co/products/camiseta-bayern-munich-95-97-local-retro,120000,,https://cdn.shopify.com/s/files/1/0965/9354/3474/files/img-1780730600372-0.jpg?v=1780730604,https://cdn.shopify.com/s/files/1/0965/9354/3474/files/img-1780730601683-1.jpg?v=1780730603
Liga Alemana,Bayern Munich,Camiseta Bayern Munich 98/99 Visitante Retro,https://camisetasdefutbol.com.co/products/camiseta-bayern-munich-98-99-visitante-retro,120000,,https://cdn.shopify.com/s/files/1/0965/9354/3474/files/img-1780732792846-0.jpg?v=1780732796,https://cdn.shopify.com/s/files/1/0965/9354/3474/files/img-1780732794278-1.jpg?v=1780732796
Liga Alemana,Bayern Munich,Camiseta Bayern Munich Adicolor Rojo Retro,https://camisetasdefutbol.com.co/products/camiseta-bayern-munich-adicolor-rojo-retro,120000,,https://cdn.shopify.com/s/files/1/0965/9354/3474/files/img-1780732408550-0.jpg?v=1780732412,https://cdn.shopify.com/s/files/1/0965/9354/3474/files/img-1780732409836-1.jpg?v=1780732412
Liga Alemana,Bayern Munich,Camiseta Bayern Múnich 00/01 Visitante Retro,https://camisetasdefutbol.com.co/products/camiseta-bayern-munich-00-01-visitante-retro,120000,,https://cdn.shopify.com/s/files/1/0965/9354/3474/files/img-1790546178787-0.jpg?v=1790546181,https://cdn.shopify.com/s/files/1/0965/9354/3474/files/img-1790546180135-1.jpg?v=1790546181
Liga Alemana,Bayern Munich,Camiseta Bayern Múnich 05/06 Local Retro,https://camisetasdefutbol.com.co/products/camiseta-bayern-munich-05-06-local-retro,120000,,https://cdn.shopify.com/s/files/1/0965/9354/3474/files/img-1790546042815-0.jpg?v=1790546045,https://cdn.shopify.com/s/files/1/0965/9354/3474/files/img-1790546044111-1.jpg?v=1790546045
Liga Alemana,Bayern Munich,Camiseta Bayern Múnich 06/07 Local Retro,https://camisetasdefutbol.com.co/products/camiseta-bayern-munich-06-07-local-retro,120000,,https://cdn.shopify.com/s/files/1/0965/9354/3474/files/img-1780728837539-0.jpg?v=1780728842,https://cdn.shopify.com/s/files/1/0965/9354/3474/files/img-1780728839977-1.jpg?v=1780728842
Liga Alemana,Bayern Munich,Camiseta Bayern Múnich 12/13 Local Retro,https://camisetasdefutbol.com.co/products/camiseta-bayern-munich-12-13-local-retro,120000,,https://cdn.shopify.com/s/files/1/0965/9354/3474/files/img-1780729183853-0.jpg?v=1780729187,https://cdn.shopify.com/s/files/1/0965/9354/3474/files/img-1780729185108-1.jpg?v=1780729187
Liga Alemana,Bayern Munich,Camiseta Bayern Múnich 1997/98 Local Retro,https://camisetasdefutbol.com.co/products/camiseta-bayern-munich-1997-98-local-retro,120000,,https://cdn.shopify.com/s/files/1/0965/9354/3474/files/img-1784483324625-0.jpg?v=1784483327,https://cdn.shopify.com/s/files/1/0965/9354/3474/files/img-1784483325708-1.jpg?v=1784483327
Liga Alemana,Bayern Munich,Camiseta Bayern Múnich 1998/00 Visitante Retro,https://camisetasdefutbol.com.co/products/camiseta-bayern-munich-1998-00-visitante-retro,120000,,https://cdn.shopify.com/s/files/1/0965/9354/3474/files/img-1784483318657-0.jpg?v=1784483321,https://cdn.shopify.com/s/files/1/0965/9354/3474/files/img-1784483319785-1.jpg?v=1784483322
Liga Alemana,Bayern Munich,"Camiseta Bayern Múnich 23/24 Blanca, Versión Jugador",https://camisetasdefutbol.com.co/products/camiseta-bayern-munich-23-24-blanca-version-jugador,110000,,https://cdn.shopify.com/s/files/1/0965/9354/3474/files/img-1783730155444-0.jpg?v=1783730159,https://cdn.shopify.com/s/files/1/0965/9354/3474/files/img-1783730157195-1.jpg?v=1783730159
Liga Alemana,Bayern Munich,Camiseta Bayern Múnich 26/27 Local Manga Larga,https://camisetasdefutbol.com.co/products/camiseta-bayern-munich-26-27-local-manga-larga,115000,,https://cdn.shopify.com/s/files/1/0965/9354/3474/files/img-1790546172551-0.jpg?v=1790546174,https://cdn.shopify.com/s/files/1/0965/9354/3474/files/img-1790546173471-1.jpg?v=1790546174
Liga Alemana,Bayern Munich,"Camiseta Bayern Múnich 26/27 Tercera, Versión Jugador",https://camisetasdefutbol.com.co/products/camiseta-bayern-munich-26-27-tercera-version-jugador,110000,,https://cdn.shopify.com/s/files/1/0965/9354/3474/files/img-1790545272222-0.jpg?v=1790545274,https://cdn.shopify.com/s/files/1/0965/9354/3474/files/img-1790545273735-1.jpg?v=1790545274
Liga Alemana,Bayern Munich,"Camiseta Bayern Múnich 26/27 Visitante Manga Larga, Versión Jugador",https://camisetasdefutbol.com.co/products/camiseta-bayern-munich-26-27-visitante-manga-larga-version-jugador,125000,,https://cdn.shopify.com/s/files/1/0965/9354/3474/files/img-1788631424266-0.jpg?v=1788631428,https://cdn.shopify.com/s/files/1/0965/9354/3474/files/img-1788631425577-1.jpg?v=1788631428
Liga Alemana,Bayern Munich,"Camiseta Bayern Múnich 26/27 Visitante, Versión Jugador",https://camisetasdefutbol.com.co/products/camiseta-bayern-munich-26-27-visitante-version-jugador,110000,,https://cdn.shopify.com/s/files/1/0965/9354/3474/files/WhatsApp_Image_2026-07-21_at_9.34.39_PM.jpg?v=1784687995,https://cdn.shopify.com/s/files/1/0965/9354/3474/files/WhatsApp_Image_2026-07-21_at_9.34.52_PM.jpg?v=1784687995
Liga Alemana,Bayern Munich,Rompevientos Bayern Munich Rojo,https://camisetasdefutbol.com.co/products/rompevientos-bayern-munich-rojo,250000,,https://cdn.shopify.com/s/files/1/0965/9354/3474/files/img-1782190008627-0.jpg?v=1782190012,https://cdn.shopify.com/s/files/1/0965/9354/3474/files/img-1782190010147-1.jpg?v=1782190012
Liga Alemana,Borussia Dortmund,Camiseta Borussia Dortmund 11/12 Local Retro,https://camisetasdefutbol.com.co/products/camiseta-borussia-dortmund-11-12-local-retro,120000,,https://cdn.shopify.com/s/files/1/0965/9354/3474/files/img-1790546031337-0.jpg?v=1790546033,https://cdn.shopify.com/s/files/1/0965/9354/3474/files/img-1790546032338-1.jpg?v=1790546033
Liga Alemana,Borussia Dortmund,Camiseta Borussia Dortmund 25/26 Version,https://camisetasdefutbol.com.co/products/camiseta-borussia-dortmund-25-26-version,100000,,https://cdn.shopify.com/s/files/1/0965/9354/3474/files/img-1784896431598-0.jpg?v=1784896435,https://cdn.shopify.com/s/files/1/0965/9354/3474/files/img-1784896432853-1.jpg?v=1784896435
Liga Alemana,Borussia Dortmund,"Camiseta Borussia Dortmund 25/26, Versión Jugador",https://camisetasdefutbol.com.co/products/camiseta-borussia-dortmund-25-26-version-jugador,110000,,https://cdn.shopify.com/s/files/1/0965/9354/3474/files/img-1780724208355-0.jpg?v=1780724211,https://cdn.shopify.com/s/files/1/0965/9354/3474/files/img-1780724209602-1.jpg?v=1780724211
Liga Alemana,Borussia Dortmund,Camiseta Borussia Dortmund 26/27 Local Manga Larga,https://camisetasdefutbol.com.co/products/camiseta-borussia-dortmund-26-27-local-manga-larga,115000,,https://cdn.shopify.com/s/files/1/0965/9354/3474/files/img-1790546152558-0.jpg?v=1790546155,https://cdn.shopify.com/s/files/1/0965/9354/3474/files/img-1790546153952-1.jpg?v=1790546155
Liga Alemana,Borussia Dortmund,"Camiseta Borussia Dortmund 26/27 Local, Versión Jugador",https://camisetasdefutbol.com.co/products/camiseta-borussia-dortmund-26-27-local-version-jugador,110000,,https://cdn.shopify.com/s/files/1/0965/9354/3474/files/fix-235732158-0.jpg?v=1780704868,https://cdn.shopify.com/s/files/1/0965/9354/3474/files/fix-235732158-1.jpg?v=1780704868
Liga Alemana,Borussia Dortmund,Camiseta Borussia Dortmund 26/27 Tercera,https://camisetasdefutbol.com.co/products/camiseta-borussia-dortmund-26-27-tercera,100000,,https://cdn.shopify.com/s/files/1/0965/9354/3474/files/img-1789258215696-0.jpg?v=1789258219,https://cdn.shopify.com/s/files/1/0965/9354/3474/files/img-1789258216624-1.jpg?v=1789258219
Liga Alemana,Borussia Dortmund,"Camiseta Borussia Dortmund 26/27 Visitante, Versión Jugador",https://camisetasdefutbol.com.co/products/camiseta-borussia-dortmund-26-27-visitante-version-jugador,110000,,https://cdn.shopify.com/s/files/1/0965/9354/3474/files/img-1790546159361-0.jpg?v=1790546162,https://cdn.shopify.com/s/files/1/0965/9354/3474/files/img-1790546160866-1.jpg?v=1790546162
Liga Alemana,Borussia Dortmund,Camiseta Borussia Dortmund 94/95 Local Retro,https://camisetasdefutbol.com.co/products/camiseta-borussia-dortmund-94-95-local-retro,120000,,https://cdn.shopify.com/s/files/1/0965/9354/3474/files/img-1790546025528-0.jpg?v=1790546028,https://cdn.shopify.com/s/files/1/0965/9354/3474/files/img-1790546026804-1.jpg?v=1790546028
Liga Alemana,Borussia Dortmund,Camiseta Borussia Dortmund 96/97 Local Retro Manga Larga,https://camisetasdefutbol.com.co/products/camiseta-borussia-dortmund-96-97-local-retro-manga-larga,135000,,https://cdn.shopify.com/s/files/1/0965/9354/3474/files/img-1784896621619-0.jpg?v=1784896626,https://cdn.shopify.com/s/files/1/0965/9354/3474/files/img-1784896624381-1.jpg?v=1784896627
Liga Alemana,Borussia Dortmund,Camiseta Borussia Dortmund 96/97 Visitante Retro,https://camisetasdefutbol.com.co/products/camiseta-borussia-dortmund-96-97-visitante-retro,120000,,https://cdn.shopify.com/s/files/1/0965/9354/3474/files/img-1790546018892-0.jpg?v=1790546020,https://cdn.shopify.com/s/files/1/0965/9354/3474/files/img-1790546019827-1.jpg?v=1790546020
Liga Alemana,Borussia Mönchengladbach,Camiseta Borussia Mönchengladbach 1986 Local Retro,https://camisetasdefutbol.com.co/products/camiseta-borussia-monchengladbach-1986-local-retro,120000,,https://cdn.shopify.com/s/files/1/0965/9354/3474/files/img-1790545227009-0.jpg?v=1790545235,https://cdn.shopify.com/s/files/1/0965/9354/3474/files/img-1790545233647-1.jpg?v=1790545234
Liga Alemana,Borussia Mönchengladbach,Camiseta Borussia Mönchengladbach 26/27 Edición Especial,https://camisetasdefutbol.com.co/products/camiseta-borussia-monchengladbach-26-27-edicion-especial,100000,,https://cdn.shopify.com/s/files/1/0965/9354/3474/files/img-1784696181731-0.jpg?v=1784696185,https://cdn.shopify.com/s/files/1/0965/9354/3474/files/img-1784696183042-1.jpg?v=1784696185
Liga Alemana,Borussia Mönchengladbach,Camiseta Borussia Mönchengladbach 26/27 Local,https://camisetasdefutbol.com.co/products/camiseta-borussia-monchengladbach-26-27-local,100000,,https://cdn.shopify.com/s/files/1/0965/9354/3474/files/img-1790546145318-0.jpg?v=1790546148,https://cdn.shopify.com/s/files/1/0965/9354/3474/files/img-1790546146631-1.jpg?v=1790546148
Liga Alemana,Borussia Mönchengladbach,Camiseta Borussia Mönchengladbach 26/27 Visitante,https://camisetasdefutbol.com.co/products/camiseta-borussia-monchengladbach-26-27-visitante,100000,,https://cdn.shopify.com/s/files/1/0965/9354/3474/files/img-1784400538342-0.jpg?v=1784400542,https://cdn.shopify.com/s/files/1/0965/9354/3474/files/img-1784400539831-1.jpg?v=1784400542
Liga Alemana,Borussia Mönchengladbach,Camiseta Borussia Mönchengladbach 95/96 Local Retro,https://camisetasdefutbol.com.co/products/camiseta-borussia-monchengladbach-95-96-local-retro,120000,,https://cdn.shopify.com/s/files/1/0965/9354/3474/files/img-1784896524853-0.jpg?v=1784896528,https://cdn.shopify.com/s/files/1/0965/9354/3474/files/img-1784896526084-1.jpg?v=1784896528
Liga Alemana,Borussia Mönchengladbach,Camiseta Borussia Mönchengladbach 95/96 Local Retro Manga Larga,https://camisetasdefutbol.com.co/products/camiseta-borussia-monchengladbach-95-96-local-retro-manga-larga,135000,,https://cdn.shopify.com/s/files/1/0965/9354/3474/files/img-1784896630946-0.jpg?v=1784896635,https://cdn.shopify.com/s/files/1/0965/9354/3474/files/img-1784896632858-1.jpg?v=1784896635
Liga Alemana,Borussia Mönchengladbach,Camiseta Borussia Mönchengladbach 95/96 Visitante Retro,https://camisetasdefutbol.com.co/products/camiseta-borussia-monchengladbach-95-96-visitante-retro,120000,,https://cdn.shopify.com/s/files/1/0965/9354/3474/files/img-1781536114633-0.jpg?v=1781536118,https://cdn.shopify.com/s/files/1/0965/9354/3474/files/img-1781536116104-1.jpg?v=1781536118
Liga Alemana,Borussia Mönchengladbach,Camiseta Borussia Mönchengladbach 96/97 Local,https://camisetasdefutbol.com.co/products/camiseta-borussia-monchengladbach-96-97-local,100000,,https://cdn.shopify.com/s/files/1/0965/9354/3474/files/img-1784896438235-0.jpg?v=1784896441,
Liga Alemana,Eintracht Frankfurt,Camiseta Eintracht Frankfurt 25/26 Tercera,https://camisetasdefutbol.com.co/products/camiseta-eintracht-frankfurt-25-26-tercera,100000,,https://cdn.shopify.com/s/files/1/0965/9354/3474/files/img-1784896445449-0.jpg?v=1784896449,https://cdn.shopify.com/s/files/1/0965/9354/3474/files/img-1784896447341-1.jpg?v=1784896449
Liga Alemana,Eintracht Frankfurt,Camiseta Eintracht Frankfurt 26/27 Edición Especial,https://camisetasdefutbol.com.co/products/camiseta-eintracht-frankfurt-26-27-edicion-especial,100000,,https://cdn.shopify.com/s/files/1/0965/9354/3474/files/img-1784696202268-0.jpg?v=1784696206,https://cdn.shopify.com/s/files/1/0965/9354/3474/files/img-1784696203871-1.jpg?v=1784696206
Liga Alemana,Eintracht Frankfurt,Camiseta Eintracht Frankfurt 91/92 Local Retro,https://camisetasdefutbol.com.co/products/camiseta-eintracht-frankfurt-91-92-local-retro,120000,,https://cdn.shopify.com/s/files/1/0965/9354/3474/files/img-1781536107771-0.jpg?v=1781536111,https://cdn.shopify.com/s/files/1/0965/9354/3474/files/img-1781536108966-1.jpg?v=1781536111
Liga Alemana,Fortuna Düsseldorf,Camiseta Fortuna Düsseldorf 26/27 Local,https://camisetasdefutbol.com.co/products/camiseta-fortuna-dusseldorf-26-27-local,100000,,https://cdn.shopify.com/s/files/1/0965/9354/3474/files/img-1789258203395-0.jpg?v=1789258207,https://cdn.shopify.com/s/files/1/0965/9354/3474/files/img-1789258204605-1.jpg?v=1789258207
Liga Alemana,Fortuna Düsseldorf,Camiseta Fortuna Düsseldorf 26/27 Tercera,https://camisetasdefutbol.com.co/products/camiseta-fortuna-dusseldorf-26-27-tercera,100000,,https://cdn.shopify.com/s/files/1/0965/9354/3474/files/img-1789258196499-0.jpg?v=1789258199,https://cdn.shopify.com/s/files/1/0965/9354/3474/files/img-1789258197398-1.jpg?v=1789258199
Liga Alemana,Fortuna Düsseldorf,Camiseta Fortuna Düsseldorf 26/27 Visitante,https://camisetasdefutbol.com.co/products/camiseta-fortuna-dusseldorf-26-27-visitante,100000,,https://cdn.shopify.com/s/files/1/0965/9354/3474/files/img-1789258209859-0.jpg?v=1789258213,https://cdn.shopify.com/s/files/1/0965/9354/3474/files/img-1789258210801-1.jpg?v=1789258213
Liga Alemana,Hamburgo SV,Camiseta Hamburgo 1983 Local Retro,https://camisetasdefutbol.com.co/products/camiseta-hamburgo-1983-local-retro,120000,,https://cdn.shopify.com/s/files/1/0965/9354/3474/files/img-1784596193144-0.jpg?v=1784596196,https://cdn.shopify.com/s/files/1/0965/9354/3474/files/img-1784596194246-1.jpg?v=1784596196
Liga Alemana,Hamburgo SV,Camiseta Hamburgo 25/26 Edición Especial,https://camisetasdefutbol.com.co/products/camiseta-hamburgo-25-26-edicion-especial-1,100000,,https://cdn.shopify.com/s/files/1/0965/9354/3474/files/img-1784596302177-0.jpg?v=1784596305,https://cdn.shopify.com/s/files/1/0965/9354/3474/files/img-1784596303113-1.jpg?v=1784596305
Liga Alemana,Hamburgo SV,Camiseta Hamburgo 26/27 Local,https://camisetasdefutbol.com.co/products/camiseta-hamburgo-26-27-local,100000,,https://cdn.shopify.com/s/files/1/0965/9354/3474/files/img-1790546120331-0.jpg?v=1790546123,https://cdn.shopify.com/s/files/1/0965/9354/3474/files/img-1790546121436-1.jpg?v=1790546123
Liga Alemana,Hamburgo SV,Camiseta Hamburgo 74/75 Visitante Retro,https://camisetasdefutbol.com.co/products/camiseta-hamburgo-74-75-visitante-retro,120000,,https://cdn.shopify.com/s/files/1/0965/9354/3474/files/img-1784596172424-0.jpg?v=1784596176,https://cdn.shopify.com/s/files/1/0965/9354/3474/files/img-1784596173573-1.jpg?v=1784596175
Liga Alemana,Hamburgo SV,Camiseta Hamburgo 79/80 Local Retro,https://camisetasdefutbol.com.co/products/camiseta-hamburgo-79-80-local-retro,120000,,https://cdn.shopify.com/s/files/1/0965/9354/3474/files/img-1784596209437-0.jpg?v=1784596212,https://cdn.shopify.com/s/files/1/0965/9354/3474/files/img-1784596210599-1.jpg?v=1784596212
Liga Alemana,Hamburgo SV,Camiseta Hamburgo 83/84 Visitante Retro,https://camisetasdefutbol.com.co/products/camiseta-hamburgo-83-84-visitante-retro,120000,,https://cdn.shopify.com/s/files/1/0965/9354/3474/files/img-1784596179654-0.jpg?v=1784596182,https://cdn.shopify.com/s/files/1/0965/9354/3474/files/img-1784596180899-1.jpg?v=1784596182
Liga Alemana,Hamburgo SV,Camiseta Hamburgo 94/95 Local Retro,https://camisetasdefutbol.com.co/products/camiseta-hamburgo-94-95-local-retro,120000,,https://cdn.shopify.com/s/files/1/0965/9354/3474/files/img-1784596216307-0.jpg?v=1784596219,https://cdn.shopify.com/s/files/1/0965/9354/3474/files/img-1784596217472-1.jpg?v=1784596219
Liga Alemana,Hamburgo SV,Camiseta Hamburgo 98/99 Local Retro,https://camisetasdefutbol.com.co/products/camiseta-hamburgo-98-99-local-retro,120000,,https://cdn.shopify.com/s/files/1/0965/9354/3474/files/img-1784596200529-0.jpg?v=1784596203,https://cdn.shopify.com/s/files/1/0965/9354/3474/files/img-1784596201730-1.jpg?v=1784596203
Liga Alemana,Hannover 96,Camiseta Hannover 96 26/27 Local,https://camisetasdefutbol.com.co/products/camiseta-hannover-96-26-27-local,100000,,https://cdn.shopify.com/s/files/1/0965/9354/3474/files/img-1789258343254-0.jpg?v=1789258346,https://cdn.shopify.com/s/files/1/0965/9354/3474/files/img-1789258344247-1.jpg?v=1789258346
Liga Alemana,Kaiserslautern,Camiseta Kaiserslautern 26/27 Local,https://camisetasdefutbol.com.co/products/camiseta-kaiserslautern-26-27-local,100000,,https://cdn.shopify.com/s/files/1/0965/9354/3474/files/img-1787112230010-0.jpg?v=1787112233,https://cdn.shopify.com/s/files/1/0965/9354/3474/files/img-1787112231325-1.jpg?v=1787112233
Liga Alemana,Kaiserslautern,Camiseta Kaiserslautern 26/27 Tercera,https://camisetasdefutbol.com.co/products/camiseta-kaiserslautern-26-27-tercera,100000,,https://cdn.shopify.com/s/files/1/0965/9354/3474/files/img-1787112302462-0.jpg?v=1787112305,https://cdn.shopify.com/s/files/1/0965/9354/3474/files/img-1787112303536-1.jpg?v=1787112305
Liga Alemana,Köln,Camiseta 1. FC Köln 26/27 Local,https://camisetasdefutbol.com.co/products/camiseta-1-fc-koln-26-27-local,100000,,https://cdn.shopify.com/s/files/1/0965/9354/3474/files/img-1784347208083-0.jpg?v=1784347213,https://cdn.shopify.com/s/files/1/0965/9354/3474/files/img-1784347209856-1.jpg?v=1784347213
Liga Alemana,Köln,Camiseta 1. FC Köln 26/27 Visitante,https://camisetasdefutbol.com.co/products/camiseta-1-fc-koln-26-27-visitante,100000,,https://cdn.shopify.com/s/files/1/0965/9354/3474/files/img-1787112282260-0.jpg?v=1787112286,https://cdn.shopify.com/s/files/1/0965/9354/3474/files/img-1787112283833-1.jpg?v=1787112286
Liga Alemana,Köln,Camiseta 1. FC Köln 95/96 Local Retro,https://camisetasdefutbol.com.co/products/camiseta-1-fc-koln-95-96-local-retro,120000,,https://cdn.shopify.com/s/files/1/0965/9354/3474/files/img-1790546132820-0.jpg?v=1790546135,https://cdn.shopify.com/s/files/1/0965/9354/3474/files/img-1790546134231-1.jpg?v=1790546135
Liga Alemana,RB Leipzig,"Camiseta RB Leipzig 22/23 Visitante, Versión Jugador",https://camisetasdefutbol.com.co/products/camiseta-rb-leipzig-22-23-visitante-version-jugador,110000,,https://cdn.shopify.com/s/files/1/0965/9354/3474/files/img-1783729977457-0.jpg?v=1783729981,https://cdn.shopify.com/s/files/1/0965/9354/3474/files/img-1783729979083-1.jpg?v=1783729981
Liga Alemana,Schalke 04,Camiseta Schalke 04 10/11 Visitante Retro,https://camisetasdefutbol.com.co/products/camiseta-schalke-04-10-11-visitante-retro,120000,,https://cdn.shopify.com/s/files/1/0965/9354/3474/files/img-1790546012870-0.jpg?v=1790546014,https://cdn.shopify.com/s/files/1/0965/9354/3474/files/img-1790546013722-1.jpg?v=1790546014
Liga Alemana,Schalke 04,Camiseta Schalke 04 26/27 Visitante,https://camisetasdefutbol.com.co/products/camiseta-schalke-04-26-27-visitante,100000,,https://cdn.shopify.com/s/files/1/0965/9354/3474/files/img-1787112165501-0.jpg?v=1787112168,https://cdn.shopify.com/s/files/1/0965/9354/3474/files/img-1787112166832-1.jpg?v=1787112169
Liga Alemana,Schalke 04,Camiseta Schalke 04 88/89 Local Retro,https://camisetasdefutbol.com.co/products/camiseta-schalke-04-88-89-local-retro,120000,,https://cdn.shopify.com/s/files/1/0965/9354/3474/files/img-1781536086628-0.jpg?v=1781536090,https://cdn.shopify.com/s/files/1/0965/9354/3474/files/img-1781536087988-1.jpg?v=1781536091
Liga Alemana,St. Pauli,Camiseta St. Pauli 00/01 Local Retro,https://camisetasdefutbol.com.co/products/camiseta-st-pauli-00-01-local-retro,120000,,https://cdn.shopify.com/s/files/1/0965/9354/3474/files/img-1783229067364-0.jpg?v=1783229071,https://cdn.shopify.com/s/files/1/0965/9354/3474/files/img-1783229068989-1.jpg?v=1783229071
Liga Alemana,St. Pauli,Camiseta St. Pauli 13/14 Visitante Retro,https://camisetasdefutbol.com.co/products/camiseta-st-pauli-13-14-visitante-retro,120000,,https://cdn.shopify.com/s/files/1/0965/9354/3474/files/img-1784483448450-0.jpg?v=1784483452,https://cdn.shopify.com/s/files/1/0965/9354/3474/files/img-1784483450056-1.jpg?v=1784483452
Liga Alemana,St. Pauli,Camiseta St. Pauli 15/16 Local Retro,https://camisetasdefutbol.com.co/products/camiseta-st-pauli-15-16-local-retro,120000,,https://cdn.shopify.com/s/files/1/0965/9354/3474/files/img-1783229060222-0.jpg?v=1783229063,https://cdn.shopify.com/s/files/1/0965/9354/3474/files/img-1783229061418-1.jpg?v=1783229063
Liga Alemana,St. Pauli,Camiseta St. Pauli 1994 Visitante Retro,https://camisetasdefutbol.com.co/products/camiseta-st-pauli-1994-visitante-retro,120000,,https://cdn.shopify.com/s/files/1/0965/9354/3474/files/img-1784483383919-0.jpg?v=1784483387,https://cdn.shopify.com/s/files/1/0965/9354/3474/files/img-1784483385039-1.jpg?v=1784483387
Liga Alemana,St. Pauli,Camiseta St. Pauli 26/27 Visitante,https://camisetasdefutbol.com.co/products/camiseta-st-pauli-26-27-visitante,100000,,https://cdn.shopify.com/s/files/1/0965/9354/3474/files/img-1790546126724-0.jpg?v=1790546128,https://cdn.shopify.com/s/files/1/0965/9354/3474/files/img-1790546127655-1.jpg?v=1790546128
Liga Alemana,St. Pauli,Camiseta St. Pauli 97/98 Visitante Retro,https://camisetasdefutbol.com.co/products/camiseta-st-pauli-97-98-visitante-retro,120000,,https://cdn.shopify.com/s/files/1/0965/9354/3474/files/img-1783229053959-0.jpg?v=1783229057,https://cdn.shopify.com/s/files/1/0965/9354/3474/files/img-1783229055718-1.jpg?v=1783229058
Liga Francesa,AS Monaco,"Camiseta AS Monaco 25/26 Local, Versión Jugador",https://camisetasdefutbol.com.co/products/camiseta-as-monaco-25-26-local-version-jugador,110000,,https://cdn.shopify.com/s/files/1/0965/9354/3474/files/img-1783732352948-0.jpg?v=1783732356,https://cdn.shopify.com/s/files/1/0965/9354/3474/files/img-1783732354368-1.jpg?v=1783732356
Liga Francesa,AS Monaco,Camiseta AS Monaco 26/27 Local,https://camisetasdefutbol.com.co/products/camiseta-as-monaco-26-27-local,100000,,https://cdn.shopify.com/s/files/1/0965/9354/3474/files/img-1789258324725-0.jpg?v=1789258327,https://cdn.shopify.com/s/files/1/0965/9354/3474/files/img-1789258325665-1.jpg?v=1789258327
Liga Francesa,AS Monaco,"Camiseta AS Monaco 26/27 Local, Versión Jugador",https://camisetasdefutbol.com.co/products/camiseta-as-monaco-26-27-local-version-jugador,110000,,https://cdn.shopify.com/s/files/1/0965/9354/3474/files/img-1789258017142-0.jpg?v=1789258020,https://cdn.shopify.com/s/files/1/0965/9354/3474/files/img-1789258018199-1.jpg?v=1789258020
Liga Francesa,AS Monaco,Camiseta AS Monaco 26/27 Tercera,https://camisetasdefutbol.com.co/products/camiseta-as-monaco-26-27-tercera,100000,,https://cdn.shopify.com/s/files/1/0965/9354/3474/files/img-1790545308984-0.jpg?v=1790545311,https://cdn.shopify.com/s/files/1/0965/9354/3474/files/img-1790545310059-1.jpg?v=1790545311
Liga Francesa,AS Monaco,"Camiseta AS Monaco 26/27 Visitante, Versión Jugador",https://camisetasdefutbol.com.co/products/camiseta-as-monaco-26-27-visitante-version-jugador,110000,,https://cdn.shopify.com/s/files/1/0965/9354/3474/files/img-1789258024143-0.jpg?v=1789258027,https://cdn.shopify.com/s/files/1/0965/9354/3474/files/img-1789258025407-1.jpg?v=1789258027
Liga Francesa,Bordeaux,Camiseta Girondins de Bordeaux 96/97 Local Retro,https://camisetasdefutbol.com.co/products/camiseta-girondins-de-bordeaux-96-97-local-retro,120000,,https://cdn.shopify.com/s/files/1/0965/9354/3474/files/img-1783228990567-0.jpg?v=1783228994,https://cdn.shopify.com/s/files/1/0965/9354/3474/files/img-1783228992584-1.jpg?v=1783228994
Liga Francesa,Lille,Camiseta LOSC Lille 95/96 Visitante Retro,https://camisetasdefutbol.com.co/products/camiseta-losc-lille-95-96-visitante-retro,120000,,https://cdn.shopify.com/s/files/1/0965/9354/3474/files/img-1787023981187-0.jpg?v=1787023984,https://cdn.shopify.com/s/files/1/0965/9354/3474/files/img-1787023982481-1.jpg?v=1787023984
Liga Francesa,Olympique Lyon,Camiseta 2025-2026 Lyon Local,https://camisetasdefutbol.com.co/products/camiseta-2025-2026-lyon-local,100000,,https://cdn.shopify.com/s/files/1/0965/9354/3474/files/download_e0395766-e343-4eeb-a05d-84793b1ec34c.jpg?v=1776655007,https://cdn.shopify.com/s/files/1/0965/9354/3474/files/download_6db3276d-d48a-4a16-9bec-15c27c74e293.jpg?v=1776655007
Liga Francesa,Olympique Lyon,Camiseta Olympique Lyonnais 08/09 Local Retro,https://camisetasdefutbol.com.co/products/camiseta-olympique-lyonnais-08-09-local-retro,120000,,https://cdn.shopify.com/s/files/1/0965/9354/3474/files/img-1780725035895-0.jpg?v=1780725039,https://cdn.shopify.com/s/files/1/0965/9354/3474/files/img-1780725037171-1.jpg?v=1780725039
Liga Francesa,Olympique Lyon,Camiseta Olympique Lyonnais 25/26 Tercera,https://camisetasdefutbol.com.co/products/camiseta-olympique-lyonnais-25-26-tercera,100000,,https://cdn.shopify.com/s/files/1/0965/9354/3474/files/img-1780725731916-0.jpg?v=1780725736,https://cdn.shopify.com/s/files/1/0965/9354/3474/files/img-1780725733775-1.jpg?v=1780725736
Liga Francesa,Olympique Lyon,Camiseta Olympique Lyonnais 26/27 Local,https://camisetasdefutbol.com.co/products/camiseta-olympique-lyonnais-26-27-local,100000,,https://cdn.shopify.com/s/files/1/0965/9354/3474/files/img-1787112124991-0.jpg?v=1787112129,https://cdn.shopify.com/s/files/1/0965/9354/3474/files/img-1787112126871-1.jpg?v=1787112129
Liga Francesa,Olympique Lyon,"Camiseta Olympique Lyonnais 26/27 Local, Versión Jugador",https://camisetasdefutbol.com.co/products/camiseta-olympique-lyonnais-26-27-local-version-jugador,110000,,https://cdn.shopify.com/s/files/1/0965/9354/3474/files/img-1784696158510-0.jpg?v=1784696161,https://cdn.shopify.com/s/files/1/0965/9354/3474/files/img-1784696159164-1.jpg?v=1784696161
Liga Francesa,Olympique Lyon,Camiseta Olympique Lyonnais 26/27 Visitante,https://camisetasdefutbol.com.co/products/camiseta-olympique-lyonnais-26-27-visitante,100000,,https://cdn.shopify.com/s/files/1/0965/9354/3474/files/img-1784696209028-0.jpg?v=1784696212,https://cdn.shopify.com/s/files/1/0965/9354/3474/files/img-1784696209644-1.jpg?v=1784696211
Liga Francesa,Olympique Lyon,Camiseta Olympique Lyonnais 95/96 Local Retro,https://camisetasdefutbol.com.co/products/camiseta-olympique-lyonnais-95-96-local-retro,120000,,https://cdn.shopify.com/s/files/1/0965/9354/3474/files/img-1780729010722-0.jpg?v=1780729016,https://cdn.shopify.com/s/files/1/0965/9354/3474/files/img-1780729014364-1.jpg?v=1780729016
Liga Francesa,Olympique Lyon,"Camiseta Olympique de Lyon 26/27 Local, Versión Jugador",https://camisetasdefutbol.com.co/products/camiseta-olympique-de-lyon-26-27-local-version-jugador,110000,,https://cdn.shopify.com/s/files/1/0965/9354/3474/files/img-1783732144626-0.jpg?v=1783732148,https://cdn.shopify.com/s/files/1/0965/9354/3474/files/img-1783732145822-1.jpg?v=1783732148
Liga Francesa,Olympique Lyon,Camiseta Olympique de Lyon 26/27 Visitante,https://camisetasdefutbol.com.co/products/camiseta-olympique-de-lyon-26-27-visitante,100000,,https://cdn.shopify.com/s/files/1/0965/9354/3474/files/img-1784400532021-0.jpg?v=1784400535,https://cdn.shopify.com/s/files/1/0965/9354/3474/files/img-1784400533046-1.jpg?v=1784400535
Liga Francesa,PSG,Camiseta 2024-2025 Versión Jugador PSG Alternativa Visitante,https://camisetasdefutbol.com.co/products/camiseta-psg-2024-2025-alternativa-visitante-version-jugador,110000,,https://cdn.shopify.com/s/files/1/0965/9354/3474/files/download_de913939-cfbe-4807-a8b9-8002da3323be.jpg?v=1776654849,https://cdn.shopify.com/s/files/1/0965/9354/3474/files/download_a85e5ca9-a421-4bef-b718-99b169417042.jpg?v=1776654849
Liga Francesa,PSG,Camiseta PSG 04/05 Local Retro,https://camisetasdefutbol.com.co/products/camiseta-psg-04-05-local-retro,120000,,https://cdn.shopify.com/s/files/1/0965/9354/3474/files/img-1784483248809-0.jpg?v=1784483252,https://cdn.shopify.com/s/files/1/0965/9354/3474/files/img-1784483250063-1.jpg?v=1784483252
Liga Francesa,PSG,Camiseta PSG 04/05 Visitante Retro,https://camisetasdefutbol.com.co/products/camiseta-psg-04-05-visitante-retro,120000,,https://cdn.shopify.com/s/files/1/0965/9354/3474/files/img-1780725922564-0.jpg?v=1780725926,https://cdn.shopify.com/s/files/1/0965/9354/3474/files/img-1780725924033-1.jpg?v=1780725926
Liga Francesa,PSG,Camiseta PSG 06/07 Visitante Retro,https://camisetasdefutbol.com.co/products/camiseta-psg-06-07-visitante-retro,120000,,https://cdn.shopify.com/s/files/1/0965/9354/3474/files/img-1780724224468-0.jpg?v=1780724228,https://cdn.shopify.com/s/files/1/0965/9354/3474/files/img-1780724225932-1.jpg?v=1780724228
Liga Francesa,PSG,Camiseta PSG 19/20 Visitante Retro,https://camisetasdefutbol.com.co/products/camiseta-psg-19-20-visitante-retro,120000,,https://cdn.shopify.com/s/files/1/0965/9354/3474/files/img-1780723672899-0.jpg?v=1780723676,https://cdn.shopify.com/s/files/1/0965/9354/3474/files/img-1780723674140-1.jpg?v=1780723676
Liga Francesa,PSG,Camiseta PSG 1975 Visitante Retro,https://camisetasdefutbol.com.co/products/camiseta-psg-1975-visitante-retro,120000,,https://cdn.shopify.com/s/files/1/0965/9354/3474/files/img-1790545687854-0.jpg?v=1790545689,https://cdn.shopify.com/s/files/1/0965/9354/3474/files/img-1790545688795-1.jpg?v=1790545689
Liga Francesa,PSG,Camiseta PSG 21/22 Visitante Retro,https://camisetasdefutbol.com.co/products/camiseta-psg-21-22-visitante-retro,120000,,https://cdn.shopify.com/s/files/1/0965/9354/3474/files/img-1780723274213-0.jpg?v=1780723278,https://cdn.shopify.com/s/files/1/0965/9354/3474/files/img-1780723276217-1.jpg?v=1780723278
Liga Francesa,PSG,"Camiseta PSG 24/25 Cuarta, Versión Jugador",https://camisetasdefutbol.com.co/products/camiseta-psg-24-25-cuarta-version-jugador,110000,,https://cdn.shopify.com/s/files/1/0965/9354/3474/files/img-1780732383876-0.jpg?v=1780732387,https://cdn.shopify.com/s/files/1/0965/9354/3474/files/img-1780732385361-1.jpg?v=1780732387
Liga Francesa,PSG,Camiseta PSG 25/26 Tercera,https://camisetasdefutbol.com.co/products/camiseta-psg-25-26-tercera,100000,,https://cdn.shopify.com/s/files/1/0965/9354/3474/files/img-1786684999186-0.jpg?v=1786685002,https://cdn.shopify.com/s/files/1/0965/9354/3474/files/img-1786685000356-1.jpg?v=1786685002
Liga Francesa,PSG,"Camiseta PSG 25/26 Tercera, Versión Jugador",https://camisetasdefutbol.com.co/products/camiseta-psg-25-26-tercera-version-jugador,110000,,https://cdn.shopify.com/s/files/1/0965/9354/3474/files/img-1780727239462-0.jpg?v=1780727243,https://cdn.shopify.com/s/files/1/0965/9354/3474/files/img-1780727241318-1.jpg?v=1780727243
Liga Francesa,PSG,Camiseta PSG 26/27 Local Manga Larga,https://camisetasdefutbol.com.co/products/camiseta-psg-26-27-local-manga-larga,115000,,https://cdn.shopify.com/s/files/1/0965/9354/3474/files/img-1790545682075-0.jpg?v=1790545684,https://cdn.shopify.com/s/files/1/0965/9354/3474/files/img-1790545683028-1.jpg?v=1790545684
Liga Francesa,PSG,"Camiseta PSG 26/27 Local, Versión Jugador",https://camisetasdefutbol.com.co/products/camiseta-psg-26-27-local-version-jugador,110000,,https://cdn.shopify.com/s/files/1/0965/9354/3474/files/img-1788631634608-0.jpg?v=1788631639,https://cdn.shopify.com/s/files/1/0965/9354/3474/files/img-1788631636675-1.jpg?v=1788631638
Liga Francesa,PSG,Camiseta PSG 26/27 Pre Match,https://camisetasdefutbol.com.co/products/camiseta-psg-26-27-pre-match,100000,,https://cdn.shopify.com/s/files/1/0965/9354/3474/files/img-1789258299082-0.jpg?v=1789258302,https://cdn.shopify.com/s/files/1/0965/9354/3474/files/img-1789258300059-1.jpg?v=1789258302
Liga Francesa,PSG,Camiseta PSG 26/27 Visitante,https://camisetasdefutbol.com.co/products/camiseta-psg-26-27-visitante,100000,,https://cdn.shopify.com/s/files/1/0965/9354/3474/files/img-1788631431764-0.jpg?v=1788631435,https://cdn.shopify.com/s/files/1/0965/9354/3474/files/img-1788631432997-1.jpg?v=1788631435
Liga Francesa,PSG,"Camiseta PSG 26/27 Visitante Manga Larga, Versión Jugador",https://camisetasdefutbol.com.co/products/camiseta-psg-26-27-visitante-manga-larga-version-jugador,125000,,https://cdn.shopify.com/s/files/1/0965/9354/3474/files/img-1788631437859-0.jpg?v=1788631441,https://cdn.shopify.com/s/files/1/0965/9354/3474/files/img-1788631438876-1.jpg?v=1788631441
Liga Francesa,PSG,"Camiseta PSG 26/27 Visitante, Versión Jugador",https://camisetasdefutbol.com.co/products/camiseta-psg-26-27-visitante-version-jugador,110000,,https://cdn.shopify.com/s/files/1/0965/9354/3474/files/img-1788631563974-0.jpg?v=1788631567,https://cdn.shopify.com/s/files/1/0965/9354/3474/files/img-1788631565159-1.jpg?v=1788631567
Liga Francesa,PSG,Camiseta PSG 90/92 Visitante Retro,https://camisetasdefutbol.com.co/products/camiseta-psg-90-92-visitante-retro,120000,,https://cdn.shopify.com/s/files/1/0965/9354/3474/files/img-1790545676369-0.jpg?v=1790545678,https://cdn.shopify.com/s/files/1/0965/9354/3474/files/img-1790545677300-1.jpg?v=1790545678
Liga Francesa,PSG,Camiseta PSG 91/92 Local Retro,https://camisetasdefutbol.com.co/products/camiseta-psg-91-92-local-retro,120000,,https://cdn.shopify.com/s/files/1/0965/9354/3474/files/img-1780727025633-0.jpg?v=1780727029,https://cdn.shopify.com/s/files/1/0965/9354/3474/files/img-1780727026863-1.jpg?v=1780727029
Liga Francesa,PSG,Camiseta PSG 92/93 Local Retro,https://camisetasdefutbol.com.co/products/camiseta-psg-92-93-local-retro,120000,,https://cdn.shopify.com/s/files/1/0965/9354/3474/files/img-1780727051823-0.jpg?v=1780727055,https://cdn.shopify.com/s/files/1/0965/9354/3474/files/img-1780727053300-1.jpg?v=1780727055
Liga Francesa,PSG,Camiseta PSG 94/95 Local Retro,https://camisetasdefutbol.com.co/products/camiseta-psg-94-95-local-retro,120000,,https://cdn.shopify.com/s/files/1/0965/9354/3474/files/img-1780727044680-0.jpg?v=1780727048,https://cdn.shopify.com/s/files/1/0965/9354/3474/files/img-1780727046075-1.jpg?v=1780727048
Liga Francesa,PSG,"Camiseta París Saint-Germain (PSG) 23/24 Local, Versión Jugador",https://camisetasdefutbol.com.co/products/camiseta-paris-saint-germain-psg-23-24-local-version-jugador,110000,,https://cdn.shopify.com/s/files/1/0965/9354/3474/files/img-1783730316554-0.jpg?v=1783730320,https://cdn.shopify.com/s/files/1/0965/9354/3474/files/img-1783730317992-1.jpg?v=1783730320
Liga Francesa,PSG,Rompevientos PSG 25/26 Azul Oscuro,https://camisetasdefutbol.com.co/products/rompevientos-psg-25-26-azul-oscuro,250000,,https://cdn.shopify.com/s/files/1/0965/9354/3474/files/img-1782189940505-0.jpg?v=1782189945,https://cdn.shopify.com/s/files/1/0965/9354/3474/files/img-1782189942966-1.jpg?v=1782189945
Liga Francesa,Paris FC,Camiseta Paris FC 26/27 Local,https://camisetasdefutbol.com.co/products/camiseta-paris-fc-26-27-local,100000,,https://cdn.shopify.com/s/files/1/0965/9354/3474/files/img-1789258064827-0.jpg?v=1789258068,https://cdn.shopify.com/s/files/1/0965/9354/3474/files/img-1789258066046-1.jpg?v=1789258068
Liga Francesa,Saint-Étienne,Camiseta AS Saint-Étienne 26/27 Local,https://camisetasdefutbol.com.co/products/camiseta-as-saint-etienne-26-27-local,100000,,https://cdn.shopify.com/s/files/1/0965/9354/3474/files/img-1790545302451-0.jpg?v=1790545304,https://cdn.shopify.com/s/files/1/0965/9354/3474/files/img-1790545303593-1.jpg?v=1790545304
Liga Francesa,Strasbourg,Camiseta RC Strasbourg 26/27 Local,https://camisetasdefutbol.com.co/products/camiseta-rc-strasbourg-26-27-local,100000,,https://cdn.shopify.com/s/files/1/0965/9354/3474/files/img-1790545061440-0.jpg?v=1790545063,https://cdn.shopify.com/s/files/1/0965/9354/3474/files/img-1790545062517-1.jpg?v=1790545063
Liga Francesa,Strasbourg,Camiseta RC Strasbourg 26/27 Visitante,https://camisetasdefutbol.com.co/products/camiseta-rc-strasbourg-26-27-visitante,100000,,https://cdn.shopify.com/s/files/1/0965/9354/3474/files/img-1789258455218-0.jpg?v=1789258458,https://cdn.shopify.com/s/files/1/0965/9354/3474/files/img-1789258456195-1.jpg?v=1789258458
Liga Argentina,Boca Juniors,Camiseta  Boca Juniors 2005 Local,https://camisetasdefutbol.com.co/products/camiseta-boca-junior-2005-local,120000,,https://cdn.shopify.com/s/files/1/0965/9354/3474/files/download_a599069b-ab92-4a13-a7d5-78bb39440b5f.jpg?v=1776635875,https://cdn.shopify.com/s/files/1/0965/9354/3474/files/download_eb0f621c-3915-48fd-a9f1-6b1b1af077ac.jpg?v=1776635875
Liga Argentina,Boca Juniors,Camiseta 2025-2026 Versión Jugador Boca Juniors Visitante,https://camisetasdefutbol.com.co/products/camiseta-2025-2026-version-jugador-boca-juniors-visitante,110000,,https://cdn.shopify.com/s/files/1/0965/9354/3474/files/download_8727c574-a800-4f65-ac45-68c6e3daf249.jpg?v=1776655062,https://cdn.shopify.com/s/files/1/0965/9354/3474/files/download_96f27f48-1e55-4862-a4ad-77aba002f932.jpg?v=1776655061
Liga Argentina,Boca Juniors,Camiseta Boca Juniors 00/01 Local Retro,https://camisetasdefutbol.com.co/products/camiseta-boca-juniors-00-01-local-retro,120000,,https://cdn.shopify.com/s/files/1/0965/9354/3474/files/img-1780726757181-0.jpg?v=1780726760,https://cdn.shopify.com/s/files/1/0965/9354/3474/files/img-1780726758395-1.jpg?v=1780726760
Liga Argentina,Boca Juniors,Camiseta Boca Juniors 02/03 Local Retro,https://camisetasdefutbol.com.co/products/camiseta-boca-juniors-02-03-local-retro,120000,,https://cdn.shopify.com/s/files/1/0965/9354/3474/files/img-1780727060072-0.jpg?v=1780727063,https://cdn.shopify.com/s/files/1/0965/9354/3474/files/img-1780727061491-1.jpg?v=1780727063
Liga Argentina,Boca Juniors,Camiseta Boca Juniors 03/04 Local Manga Larga Retro,https://camisetasdefutbol.com.co/products/camiseta-boca-juniors-03-04-local-manga-larga-retro,135000,,https://cdn.shopify.com/s/files/1/0965/9354/3474/files/img-1788752198176-0.jpg?v=1788752200,https://cdn.shopify.com/s/files/1/0965/9354/3474/files/img-1788752199378-1.jpg?v=1788752200
Liga Argentina,Boca Juniors,Camiseta Boca Juniors 07/08 Visitante Retro,https://camisetasdefutbol.com.co/products/camiseta-boca-juniors-07-08-visitante-retro,120000,,https://cdn.shopify.com/s/files/1/0965/9354/3474/files/img-1780727073853-0.jpg?v=1780727077,https://cdn.shopify.com/s/files/1/0965/9354/3474/files/img-1780727075690-1.jpg?v=1780727078
Liga Argentina,Boca Juniors,Camiseta Boca Juniors 20/21 Local Retro,https://camisetasdefutbol.com.co/products/camiseta-boca-juniors-20-21-local-retro,120000,,https://cdn.shopify.com/s/files/1/0965/9354/3474/files/img-1780723789912-0.jpg?v=1780723793,https://cdn.shopify.com/s/files/1/0965/9354/3474/files/img-1780723791410-1.jpg?v=1780723793
Liga Argentina,Boca Juniors,"Camiseta Boca Juniors 22/23 Tercera, Versión Jugador",https://camisetasdefutbol.com.co/products/camiseta-boca-juniors-22-23-tercera-version-jugador,110000,,https://cdn.shopify.com/s/files/1/0965/9354/3474/files/img-1783730071227-0.jpg?v=1783730075,https://cdn.shopify.com/s/files/1/0965/9354/3474/files/img-1783730073296-1.jpg?v=1783730075
Liga Argentina,Boca Juniors,"Camiseta Boca Juniors 25/26 Segunda, Versión Jugador",https://camisetasdefutbol.com.co/products/camiseta-boca-juniors-25-26-segunda-version-jugador,110000,,https://cdn.shopify.com/s/files/1/0965/9354/3474/files/img-1780732375568-0.jpg?v=1780732379,https://cdn.shopify.com/s/files/1/0965/9354/3474/files/img-1780732376914-1.jpg?v=1780732379
Liga Argentina,Boca Juniors,"Camiseta Boca Juniors 26/27 Local, Versión Jugador",https://camisetasdefutbol.com.co/products/camiseta-boca-juniors-26-27-local-version-jugador,110000,,https://cdn.shopify.com/s/files/1/0965/9354/3474/files/img-1788631331115-0.jpg?v=1788631334,https://cdn.shopify.com/s/files/1/0965/9354/3474/files/img-1788631332257-1.jpg?v=1788631334
Liga Argentina,Boca Juniors,Camiseta Boca Juniors 85/86 Local Retro,https://camisetasdefutbol.com.co/products/camiseta-boca-juniors-85-86-local-retro,120000,,https://cdn.shopify.com/s/files/1/0965/9354/3474/files/img-1780726592134-0.jpg?v=1780726595,https://cdn.shopify.com/s/files/1/0965/9354/3474/files/img-1780726593298-1.jpg?v=1780726595
Liga Argentina,Boca Juniors,Camiseta Boca Juniors 86/88 Local Retro,https://camisetasdefutbol.com.co/products/camiseta-boca-juniors-86-88-local-retro,120000,,https://cdn.shopify.com/s/files/1/0965/9354/3474/files/img-1780726629383-0.jpg?v=1780726632,https://cdn.shopify.com/s/files/1/0965/9354/3474/files/img-1780726630543-1.jpg?v=1780726632
Liga Argentina,Boca Juniors,Camiseta Boca Juniors 90/91 Local Retro,https://camisetasdefutbol.com.co/products/camiseta-boca-juniors-90-91-local-retro,120000,,https://cdn.shopify.com/s/files/1/0965/9354/3474/files/img-1780727198122-0.jpg?v=1780727201,https://cdn.shopify.com/s/files/1/0965/9354/3474/files/img-1780727199399-1.jpg?v=1780727201
Liga Argentina,Boca Juniors,Rompevientos Boca Juniors 25/26,https://camisetasdefutbol.com.co/products/rompevientos-boca-juniors-25-26,250000,,https://cdn.shopify.com/s/files/1/0965/9354/3474/files/img-1782189951018-0.jpg?v=1782189954,https://cdn.shopify.com/s/files/1/0965/9354/3474/files/img-1782189952774-1.jpg?v=1782189954
Liga Argentina,Independiente,Camiseta Independiente 1978 Local Retro,https://camisetasdefutbol.com.co/products/camiseta-independiente-1978-local-retro,120000,,https://cdn.shopify.com/s/files/1/0965/9354/3474/files/img-1784579872643-0.jpg?v=1784579875,https://cdn.shopify.com/s/files/1/0965/9354/3474/files/img-1784579873940-1.jpg?v=1784579876
Liga Argentina,Independiente,Camiseta Independiente 82/85 Local Retro,https://camisetasdefutbol.com.co/products/camiseta-independiente-82-85-local-retro,120000,,https://cdn.shopify.com/s/files/1/0965/9354/3474/files/img-1784579857993-0.jpg?v=1784579861,https://cdn.shopify.com/s/files/1/0965/9354/3474/files/img-1784579859187-1.jpg?v=1784579861
Liga Argentina,Independiente,Camiseta Independiente 86/88 Local Retro,https://camisetasdefutbol.com.co/products/camiseta-independiente-86-88-local-retro,120000,,https://cdn.shopify.com/s/files/1/0965/9354/3474/files/img-1781536704014-0.jpg?v=1781536708,https://cdn.shopify.com/s/files/1/0965/9354/3474/files/img-1781536705938-1.jpg?v=1781536707
Liga Argentina,Independiente,Camiseta Independiente 89/90 Local Retro,https://camisetasdefutbol.com.co/products/camiseta-independiente-89-90-local-retro,120000,,https://cdn.shopify.com/s/files/1/0965/9354/3474/files/img-1784579865213-0.jpg?v=1784579868,https://cdn.shopify.com/s/files/1/0965/9354/3474/files/img-1784579866538-1.jpg?v=1784579868
Liga Argentina,Independiente,Camiseta Independiente 94/95 Local Retro,https://camisetasdefutbol.com.co/products/camiseta-independiente-94-95-local-retro,120000,,https://cdn.shopify.com/s/files/1/0965/9354/3474/files/img-1784579850686-0.jpg?v=1784579854,https://cdn.shopify.com/s/files/1/0965/9354/3474/files/img-1784579852018-1.jpg?v=1784579854
Liga Argentina,Independiente,Camiseta Independiente 97/98 Local Retro,https://camisetasdefutbol.com.co/products/camiseta-independiente-97-98-local-retro,120000,,https://cdn.shopify.com/s/files/1/0965/9354/3474/files/img-1784579887135-0.jpg?v=1784579890,https://cdn.shopify.com/s/files/1/0965/9354/3474/files/img-1784579888551-1.jpg?v=1784579890
Liga Argentina,Independiente,Camiseta Independiente 98/00 Local Retro,https://camisetasdefutbol.com.co/products/camiseta-independiente-98-00-local-retro,120000,,https://cdn.shopify.com/s/files/1/0965/9354/3474/files/img-1784579879733-0.jpg?v=1784579883,https://cdn.shopify.com/s/files/1/0965/9354/3474/files/img-1784579881335-1.jpg?v=1784579883
Liga Argentina,Racing Club,Camiseta Racing Club 00/01 Local Retro,https://camisetasdefutbol.com.co/products/camiseta-racing-club-00-01-local-retro,120000,,https://cdn.shopify.com/s/files/1/0965/9354/3474/files/img-1786685117936-0.jpg?v=1786685121,https://cdn.shopify.com/s/files/1/0965/9354/3474/files/img-1786685118961-1.jpg?v=1786685121
Liga Argentina,Racing Club,Camiseta Racing Club 00/01 Visitante Retro,https://camisetasdefutbol.com.co/products/camiseta-racing-club-00-01-visitante-retro,120000,,https://cdn.shopify.com/s/files/1/0965/9354/3474/files/img-1787024023319-0.jpg?v=1787024026,https://cdn.shopify.com/s/files/1/0965/9354/3474/files/img-1787024024417-1.jpg?v=1787024026
Liga Argentina,Racing Club,Camiseta Racing Club 02/03 Local Retro,https://camisetasdefutbol.com.co/products/camiseta-racing-club-02-03-local-retro,120000,,https://cdn.shopify.com/s/files/1/0965/9354/3474/files/img-1787024029072-0.jpg?v=1787024032,https://cdn.shopify.com/s/files/1/0965/9354/3474/files/img-1787024030264-1.jpg?v=1787024032
Liga Argentina,Racing Club,Camiseta Racing Club 03/04 Local Retro,https://camisetasdefutbol.com.co/products/camiseta-racing-club-03-04-local-retro,120000,,https://cdn.shopify.com/s/files/1/0965/9354/3474/files/img-1787024036161-0.jpg?v=1787024039,https://cdn.shopify.com/s/files/1/0965/9354/3474/files/img-1787024037454-1.jpg?v=1787024039
Liga Argentina,Racing Club,Camiseta Racing Club 07/08 Local Retro,https://camisetasdefutbol.com.co/products/camiseta-racing-club-07-08-local-retro,120000,,https://cdn.shopify.com/s/files/1/0965/9354/3474/files/img-1787024042245-0.jpg?v=1787024046,https://cdn.shopify.com/s/files/1/0965/9354/3474/files/img-1787024044733-1.jpg?v=1787024047
Liga Argentina,Racing Club,Camiseta Racing Club 1995 Local Retro,https://camisetasdefutbol.com.co/products/camiseta-racing-club-1995-local-retro,120000,,https://cdn.shopify.com/s/files/1/0965/9354/3474/files/img-1781536697119-0.jpg?v=1781536700,https://cdn.shopify.com/s/files/1/0965/9354/3474/files/img-1781536698474-1.jpg?v=1781536701
Liga Argentina,Racing Club,Camiseta Racing Club 97/98 Local Retro,https://camisetasdefutbol.com.co/products/camiseta-racing-club-97-98-local-retro,120000,,https://cdn.shopify.com/s/files/1/0965/9354/3474/files/img-1787024002050-0.jpg?v=1787024005,https://cdn.shopify.com/s/files/1/0965/9354/3474/files/img-1787024003640-1.jpg?v=1787024005
Liga Argentina,Racing Club,Camiseta Racing Club 99/00 Local Retro,https://camisetasdefutbol.com.co/products/camiseta-racing-club-99-00-local-retro,120000,,https://cdn.shopify.com/s/files/1/0965/9354/3474/files/img-1787024009348-0.jpg?v=1787024013,https://cdn.shopify.com/s/files/1/0965/9354/3474/files/img-1787024011279-1.jpg?v=1787024013
Liga Argentina,Racing Club,Camiseta Racing Club 99/00 Visitante Retro,https://camisetasdefutbol.com.co/products/camiseta-racing-club-99-00-visitante-retro,120000,,https://cdn.shopify.com/s/files/1/0965/9354/3474/files/img-1787024017022-0.jpg?v=1787024020,https://cdn.shopify.com/s/files/1/0965/9354/3474/files/img-1787024018205-1.jpg?v=1787024020
Liga Argentina,River Plate,Camiseta 2025-2026 River Plate Edición Especial,https://camisetasdefutbol.com.co/products/camiseta-2025-2026-river-plate-edicion-especial,100000,,https://cdn.shopify.com/s/files/1/0965/9354/3474/files/download_ee66f41b-953f-44d0-83a4-a9d88b0d1e36.jpg?v=1776655133,https://cdn.shopify.com/s/files/1/0965/9354/3474/files/download_fb10e2ca-2274-496a-8b89-9f8801106835.jpg?v=1776655133
Liga Argentina,River Plate,Camiseta 2025-2026 Versión Jugador River Plate Visitante,https://camisetasdefutbol.com.co/products/camiseta-2025-2026-version-jugador-river-plate-visitante,110000,,https://cdn.shopify.com/s/files/1/0965/9354/3474/files/download_95511a84-8566-4873-bb42-db1b4c91ee9a.jpg?v=1776655075,https://cdn.shopify.com/s/files/1/0965/9354/3474/files/download_85af744c-a43d-4465-881a-b1cae1ca1770.jpg?v=1776655074
Liga Argentina,River Plate,Camiseta River Plate 03/04 Visitante Manga Larga Retro,https://camisetasdefutbol.com.co/products/camiseta-river-plate-03-04-visitante-manga-larga-retro,135000,,https://cdn.shopify.com/s/files/1/0965/9354/3474/files/img-1788752205083-0.jpg?v=1788752207,https://cdn.shopify.com/s/files/1/0965/9354/3474/files/img-1788752206188-1.jpg?v=1788752207
Liga Argentina,River Plate,Camiseta River Plate 05/06 Visitante Retro,https://camisetasdefutbol.com.co/products/camiseta-river-plate-05-06-visitante-retro,120000,,https://cdn.shopify.com/s/files/1/0965/9354/3474/files/img-1780727034649-0.jpg?v=1780727038,https://cdn.shopify.com/s/files/1/0965/9354/3474/files/img-1780727035945-1.jpg?v=1780727038
Liga Argentina,River Plate,Camiseta River Plate 2018 Final Copa Libertadores Madrid (ya incluye parches),https://camisetasdefutbol.com.co/products/camiseta-river-plate-2018-final-copa-libertadores-madrid,130000,,https://cdn.shopify.com/s/files/1/0965/9354/3474/files/rp-rp2018final-0.jpg?v=1789076122,
Liga Argentina,River Plate,Camiseta River Plate 2018 Local Retro,https://camisetasdefutbol.com.co/products/camiseta-river-plate-2018-local-retro,120000,,https://cdn.shopify.com/s/files/1/0965/9354/3474/files/rp-rp2018local-0.jpg?v=1789076115,
Liga Argentina,River Plate,Camiseta River Plate 2025-2026 Versión Jugador Local,https://camisetasdefutbol.com.co/products/camiseta-river-plate-2025-2026-version-jugador-local,110000,,https://cdn.shopify.com/s/files/1/0965/9354/3474/files/download_7603189a-5f58-4ddc-afd5-cea80b6917cd.jpg?v=1776655709,https://cdn.shopify.com/s/files/1/0965/9354/3474/files/download_6c57473a-555d-4b5d-9e30-044aaf992648.jpg?v=1776655709
Liga Argentina,River Plate,"Camiseta River Plate 25/26 Local, Versión Jugador",https://camisetasdefutbol.com.co/products/camiseta-river-plate-25-26-local-version-jugador,110000,,https://cdn.shopify.com/s/files/1/0965/9354/3474/files/img-1780730996853-0.jpg?v=1780731002,https://cdn.shopify.com/s/files/1/0965/9354/3474/files/img-1780730999773-1.jpg?v=1780731002
Liga Argentina,River Plate,Camiseta River Plate 26/27 Visitante,https://camisetasdefutbol.com.co/products/camiseta-river-plate-26-27-edicion-visitante,100000,,https://cdn.shopify.com/s/files/1/0965/9354/3474/files/ChatGPTImage8sept2026_13_29_24.png?v=1788892750,https://cdn.shopify.com/s/files/1/0965/9354/3474/files/ChatGPTImage8sept2026_13_39_02.png?v=1788892750
Liga Argentina,River Plate,Camiseta River Plate 26/27 Visitante Versión Jugador,https://camisetasdefutbol.com.co/products/camiseta-river-plate-26-27-visitante-version-jugador,110000,,https://cdn.shopify.com/s/files/1/0965/9354/3474/files/riverplateawayfrente.png?v=1788997913,https://cdn.shopify.com/s/files/1/0965/9354/3474/files/48be932a.jpg?v=1788997913
Liga Argentina,River Plate,Camiseta River Plate 96/98 Tercera Retro,https://camisetasdefutbol.com.co/products/camiseta-river-plate-96-98-tercera-retro,120000,,https://cdn.shopify.com/s/files/1/0965/9354/3474/files/fix-232975310-0.jpg?v=1780704808,https://cdn.shopify.com/s/files/1/0965/9354/3474/files/fix-232975310-1.jpg?v=1780704808
Liga Argentina,Rosario Central,Camiseta Rosario Central 06/07 Local Retro,https://camisetasdefutbol.com.co/products/camiseta-rosario-central-06-07-local-retro,120000,,https://cdn.shopify.com/s/files/1/0965/9354/3474/files/img-1787023809479-0.jpg?v=1787023813,https://cdn.shopify.com/s/files/1/0965/9354/3474/files/img-1787023810695-1.jpg?v=1787023813
Liga Argentina,Rosario Central,Camiseta Rosario Central 87/88 Local Retro,https://camisetasdefutbol.com.co/products/camiseta-rosario-central-87-88-local-retro,120000,,https://cdn.shopify.com/s/files/1/0965/9354/3474/files/img-1787023802405-0.jpg?v=1787023806,https://cdn.shopify.com/s/files/1/0965/9354/3474/files/img-1787023803681-1.jpg?v=1787023806
Liga Brasileña,Atlético Mineiro,Camiseta 2025-2026 Atlético Mineiro Local,https://camisetasdefutbol.com.co/products/camiseta-2025-2026-atletico-mineiro-local,100000,,https://cdn.shopify.com/s/files/1/0965/9354/3474/files/download_b3d2a3b6-58e8-47d2-8c51-99d20d8e0973.jpg?v=1776654880,https://cdn.shopify.com/s/files/1/0965/9354/3474/files/download_a803e846-6c1f-4038-bf7f-e36e083839a4.jpg?v=1776654880
Liga Brasileña,Atlético Mineiro,Camiseta 2025-2026 Atlético Mineiro Visitante,https://camisetasdefutbol.com.co/products/camiseta-2025-2026-mujer-atletico-mineiro-visitante,100000,,https://cdn.shopify.com/s/files/1/0965/9354/3474/files/download_0895910e-bc9e-447a-b0ab-bf06409024cc.jpg?v=1776655183,https://cdn.shopify.com/s/files/1/0965/9354/3474/files/download_95ac9dc1-c722-4755-808b-05c8d938fde8.jpg?v=1776655183
Liga Brasileña,Atlético Mineiro,Camiseta 2025-2026 Atlético Mineiro Visitante,https://camisetasdefutbol.com.co/products/camiseta-2025-2026-atletico-mineiro-visitante,100000,,https://cdn.shopify.com/s/files/1/0965/9354/3474/files/download_53ccb98b-ffff-4dde-a4e1-5602a7e7a0e3.jpg?v=1776654878,https://cdn.shopify.com/s/files/1/0965/9354/3474/files/download_28194d10-f7d1-478b-b93f-11e1e29ca7a5.jpg?v=1776654878
Liga Brasileña,Atlético Mineiro,Camiseta Atlético Mineiro 1995 Local Retro,https://camisetasdefutbol.com.co/products/camiseta-atletico-mineiro-1995-local-retro,120000,,https://cdn.shopify.com/s/files/1/0965/9354/3474/files/img-1786161774336-0.jpg?v=1786161777,https://cdn.shopify.com/s/files/1/0965/9354/3474/files/img-1786161775530-1.jpg?v=1786161777
Liga Brasileña,Atlético Mineiro,"Camiseta Atlético Mineiro 22/23 Local, Versión Jugador",https://camisetasdefutbol.com.co/products/camiseta-atletico-mineiro-22-23-local-version-jugador,110000,,https://cdn.shopify.com/s/files/1/0965/9354/3474/files/img-1783730216924-0.jpg?v=1783730220,https://cdn.shopify.com/s/files/1/0965/9354/3474/files/img-1783730218518-1.jpg?v=1783730220
Liga Brasileña,Atlético Mineiro,Camiseta Atlético Mineiro 26/27 Local,https://camisetasdefutbol.com.co/products/camiseta-atletico-mineiro-26-27-local,100000,,https://cdn.shopify.com/s/files/1/0965/9354/3474/files/img-1784347069739-0.jpg?v=1784347073,https://cdn.shopify.com/s/files/1/0965/9354/3474/files/img-1784347071036-1.jpg?v=1784347073
Liga Brasileña,Atlético Mineiro,Camiseta Atlético Mineiro 26/27 Pre Match,https://camisetasdefutbol.com.co/products/camiseta-atletico-mineiro-26-27-pre-match,100000,,https://cdn.shopify.com/s/files/1/0965/9354/3474/files/img-1788145178172-0.jpg?v=1788145181,https://cdn.shopify.com/s/files/1/0965/9354/3474/files/img-1788145179740-1.jpg?v=1788145181
Liga Brasileña,Bahia,Camiseta 2025-2026 Bahia Entrenamiento,https://camisetasdefutbol.com.co/products/camiseta-2025-2026-bahia-entrenamiento,100000,,https://cdn.shopify.com/s/files/1/0965/9354/3474/files/download_4eec8746-cf6d-43d9-8a93-dc41a24534d5.jpg?v=1776654885,
Liga Brasileña,Bahia,Camiseta 2025-2026 Bahia Superman Edición,https://camisetasdefutbol.com.co/products/camiseta-2025-2026-bahia-superman-edicion,100000,,https://cdn.shopify.com/s/files/1/0965/9354/3474/files/download_64fe226d-96cb-4223-8649-4a3f62043d8c.jpg?v=1776654884,https://cdn.shopify.com/s/files/1/0965/9354/3474/files/download_a82b6724-41fa-4a67-bb68-a81e3cd0e4ca.jpg?v=1776654883
Liga Brasileña,Bahia,Camiseta Bahía 26/27 Portero Morado,https://camisetasdefutbol.com.co/products/camiseta-bahia-26-27-portero-morado,110000,,https://cdn.shopify.com/s/files/1/0965/9354/3474/files/img-1783301481150-0.jpg?v=1783301484,https://cdn.shopify.com/s/files/1/0965/9354/3474/files/img-1783301482201-1.jpg?v=1783301484
Liga Brasileña,Bahia,Camiseta Bahía 26/27 Portero Naranja,https://camisetasdefutbol.com.co/products/camiseta-bahia-26-27-portero-naranja,110000,,https://cdn.shopify.com/s/files/1/0965/9354/3474/files/img-1783301595879-0.jpg?v=1783301599,https://cdn.shopify.com/s/files/1/0965/9354/3474/files/img-1783301597455-1.jpg?v=1783301599
Liga Brasileña,Bahia,Camiseta Bahía 26/27 Portero Verde,https://camisetasdefutbol.com.co/products/camiseta-bahia-26-27-portero-verde,110000,,https://cdn.shopify.com/s/files/1/0965/9354/3474/files/img-1783301602623-0.jpg?v=1783301606,
Liga Brasileña,Botafogo,Camiseta Botafogo 02/03 Local Retro,https://camisetasdefutbol.com.co/products/camiseta-botafogo-02-03-local-retro,120000,,https://cdn.shopify.com/s/files/1/0965/9354/3474/files/img-1781536679991-0.jpg?v=1781536685,https://cdn.shopify.com/s/files/1/0965/9354/3474/files/img-1781536683075-1.jpg?v=1781536685
Liga Brasileña,Botafogo,Camiseta Botafogo 26/27 Local Sin Patrocinadores,https://camisetasdefutbol.com.co/products/camiseta-botafogo-26-27-local-sin-patrocinadores,100000,,https://cdn.shopify.com/s/files/1/0965/9354/3474/files/img-1786161704525-0.jpg?v=1786161709,https://cdn.shopify.com/s/files/1/0965/9354/3474/files/img-1786161706560-1.jpg?v=1786161708
Liga Brasileña,Botafogo,Camiseta Botafogo 26/27 Pre Match,https://camisetasdefutbol.com.co/products/camiseta-botafogo-26-27-pre-match,100000,,https://cdn.shopify.com/s/files/1/0965/9354/3474/files/img-1788145172894-0.jpg?v=1788145175,https://cdn.shopify.com/s/files/1/0965/9354/3474/files/img-1788145173856-1.jpg?v=1788145175
Liga Brasileña,Botafogo,Camiseta Botafogo 26/27 Tercera,https://camisetasdefutbol.com.co/products/camiseta-botafogo-26-27-tercera,100000,,https://cdn.shopify.com/s/files/1/0965/9354/3474/files/img-1786161697360-0.jpg?v=1786161700,https://cdn.shopify.com/s/files/1/0965/9354/3474/files/img-1786161698451-1.jpg?v=1786161700
Liga Brasileña,Botafogo-SP,Camiseta Botafogo-SP 26/27 Visitante,https://camisetasdefutbol.com.co/products/camiseta-botafogo-sp-26-27-visitante,100000,,https://cdn.shopify.com/s/files/1/0965/9354/3474/files/img-1790546513426-0.jpg?v=1790546515,https://cdn.shopify.com/s/files/1/0965/9354/3474/files/img-1790546514543-1.jpg?v=1790546515
Liga Brasileña,Corinthians,Camiseta 2025-2026 Corinthians Visitante,https://camisetasdefutbol.com.co/products/camiseta-2025-2026-corinthians-visitante,100000,,https://cdn.shopify.com/s/files/1/0965/9354/3474/files/download_5cc2c9a8-21f3-4cea-8544-f059ab1bf7f8.jpg?v=1776654937,https://cdn.shopify.com/s/files/1/0965/9354/3474/files/download_2394e5b0-6299-475e-8e77-4fbcefe108d8.jpg?v=1776654938
Liga Brasileña,Corinthians,Camiseta Corinthians 1982 Local Retro - Democracia Corinthiana,https://camisetasdefutbol.com.co/products/camiseta-corinthians-1982-local-retro,120000,,https://cdn.shopify.com/s/files/1/0965/9354/3474/files/img-1786161963237-0.jpg?v=1786161966,https://cdn.shopify.com/s/files/1/0965/9354/3474/files/img-1786161964297-1.jpg?v=1786161966
Liga Brasileña,Corinthians,Camiseta Corinthians 1988 Local Retro,https://camisetasdefutbol.com.co/products/camiseta-corinthians-1988-local-retro,120000,,https://cdn.shopify.com/s/files/1/0965/9354/3474/files/img-1784437031133-0.jpg?v=1784437034,https://cdn.shopify.com/s/files/1/0965/9354/3474/files/img-1784437032417-1.jpg?v=1784437034
Liga Brasileña,Corinthians,Camiseta Corinthians 1990 Visitante Retro,https://camisetasdefutbol.com.co/products/camiseta-corinthians-1990-visitante-retro,120000,,https://cdn.shopify.com/s/files/1/0965/9354/3474/files/img-1790546505732-0.jpg?v=1790546508,https://cdn.shopify.com/s/files/1/0965/9354/3474/files/img-1790546507016-1.jpg?v=1790546508
Liga Brasileña,Corinthians,Camiseta Corinthians 1994 Tercera Retro,https://camisetasdefutbol.com.co/products/camiseta-corinthians-1994-tercera-retro,120000,,https://cdn.shopify.com/s/files/1/0965/9354/3474/files/img-1790546499432-0.jpg?v=1790546501,https://cdn.shopify.com/s/files/1/0965/9354/3474/files/img-1790546500331-1.jpg?v=1790546501
Liga Brasileña,Corinthians,Camiseta Corinthians 1998 Tercera Retro,https://camisetasdefutbol.com.co/products/camiseta-corinthians-1998-tercera-retro,120000,,https://cdn.shopify.com/s/files/1/0965/9354/3474/files/img-1790546487241-0.jpg?v=1790546489,https://cdn.shopify.com/s/files/1/0965/9354/3474/files/img-1790546488196-1.jpg?v=1790546489
Liga Brasileña,Corinthians,Camiseta Corinthians 1998 Visitante Retro,https://camisetasdefutbol.com.co/products/camiseta-corinthians-1998-visitante-retro,120000,,https://cdn.shopify.com/s/files/1/0965/9354/3474/files/img-1790546493182-0.jpg?v=1790546495,https://cdn.shopify.com/s/files/1/0965/9354/3474/files/img-1790546494145-1.jpg?v=1790546495
Liga Brasileña,Corinthians,Camiseta Corinthians 2009 Local Retro,https://camisetasdefutbol.com.co/products/camiseta-corinthians-2009-local-retro,120000,,https://cdn.shopify.com/s/files/1/0965/9354/3474/files/img-1784483222036-0.jpg?v=1784483225,
Liga Brasileña,Corinthians,Camiseta Corinthians 2010 Naranja Retro,https://camisetasdefutbol.com.co/products/camiseta-corinthians-2010-naranja-retro,120000,,https://cdn.shopify.com/s/files/1/0965/9354/3474/files/img-1786685107063-0.jpg?v=1786685110,https://cdn.shopify.com/s/files/1/0965/9354/3474/files/img-1786685108021-1.jpg?v=1786685110
Liga Brasileña,Corinthians,Camiseta Corinthians 2013 Visitante Retro,https://camisetasdefutbol.com.co/products/camiseta-corinthians-2013-visitante-retro,120000,,https://cdn.shopify.com/s/files/1/0965/9354/3474/files/img-1784483188108-0.jpg?v=1784483191,https://cdn.shopify.com/s/files/1/0965/9354/3474/files/img-1784483189167-1.jpg?v=1784483191
Liga Brasileña,Corinthians,"Camiseta Corinthians 24/25 Visitante, Versión Jugador",https://camisetasdefutbol.com.co/products/camiseta-corinthians-24-25-visitante-version-jugador,110000,,https://cdn.shopify.com/s/files/1/0965/9354/3474/files/img-1783732413589-0.jpg?v=1783732416,https://cdn.shopify.com/s/files/1/0965/9354/3474/files/img-1783732414813-1.jpg?v=1783732416
Liga Brasileña,Corinthians,"Camiseta Corinthians 25/26 Tercera, Versión Jugador",https://camisetasdefutbol.com.co/products/camiseta-corinthians-25-26-tercera-version-jugador,110000,,https://cdn.shopify.com/s/files/1/0965/9354/3474/files/img-1783732331228-0.jpg?v=1783732334,https://cdn.shopify.com/s/files/1/0965/9354/3474/files/img-1783732332404-1.jpg?v=1783732334
Liga Brasileña,Corinthians,"Camiseta Corinthians 26/27 Local, Versión Jugador",https://camisetasdefutbol.com.co/products/camiseta-corinthians-26-27-local-version-jugador,110000,,https://cdn.shopify.com/s/files/1/0965/9354/3474/files/img-1783229031283-0.jpg?v=1783229034,https://cdn.shopify.com/s/files/1/0965/9354/3474/files/img-1783229032328-1.jpg?v=1783229034
Liga Brasileña,Corinthians,Camiseta Corinthians 26/27 Portero Gris,https://camisetasdefutbol.com.co/products/camiseta-corinthians-26-27-portero-gris,100000,,https://cdn.shopify.com/s/files/1/0965/9354/3474/files/img-1784696045724-0.jpg?v=1784696049,https://cdn.shopify.com/s/files/1/0965/9354/3474/files/img-1784696047794-1.jpg?v=1784696049
Liga Brasileña,Corinthians,Camiseta Corinthians 26/27 Portero Morado,https://camisetasdefutbol.com.co/products/camiseta-corinthians-26-27-portero-morado,100000,,https://cdn.shopify.com/s/files/1/0965/9354/3474/files/img-1784696038089-0.jpg?v=1784696041,https://cdn.shopify.com/s/files/1/0965/9354/3474/files/img-1784696039444-1.jpg?v=1784696041
Liga Brasileña,Corinthians,Camiseta Corinthians 26/27 Pre Match,https://camisetasdefutbol.com.co/products/camiseta-corinthians-26-27-pre-match,100000,,https://cdn.shopify.com/s/files/1/0965/9354/3474/files/img-1784696059745-0.jpg?v=1784696064,https://cdn.shopify.com/s/files/1/0965/9354/3474/files/img-1784696062064-1.jpg?v=1784696064
Liga Brasileña,Corinthians,"Camiseta Corinthians 26/27 Visitante, Versión Jugador",https://camisetasdefutbol.com.co/products/camiseta-corinthians-26-27-visitante-version-jugador,110000,,https://cdn.shopify.com/s/files/1/0965/9354/3474/files/img-1783228897573-0.jpg?v=1783228901,https://cdn.shopify.com/s/files/1/0965/9354/3474/files/img-1783228898658-1.jpg?v=1783228901
Liga Brasileña,Corinthians,Camiseta Corinthians 95/96 Local Retro,https://camisetasdefutbol.com.co/products/camiseta-corinthians-95-96-local-retro,120000,,https://cdn.shopify.com/s/files/1/0965/9354/3474/files/img-1786161793931-0.jpg?v=1786161797,https://cdn.shopify.com/s/files/1/0965/9354/3474/files/img-1786161795087-1.jpg?v=1786161797
Liga Brasileña,Corinthians,Camiseta Corinthians 98/99 Local Retro,https://camisetasdefutbol.com.co/products/camiseta-corinthians-98-99-local-retro,120000,,https://cdn.shopify.com/s/files/1/0965/9354/3474/files/img-1781536458068-0.jpg?v=1781536461,https://cdn.shopify.com/s/files/1/0965/9354/3474/files/img-1781536459456-1.jpg?v=1781536462
Liga Brasileña,Corinthians,Camiseta Corinthians 99/00 Local Retro,https://camisetasdefutbol.com.co/products/camiseta-corinthians-99-00-local-retro,120000,,https://cdn.shopify.com/s/files/1/0965/9354/3474/files/img-1788752109064-0.jpg?v=1788752111,https://cdn.shopify.com/s/files/1/0965/9354/3474/files/img-1788752110202-1.jpg?v=1788752111
Liga Brasileña,Cruzeiro,Camiseta Cruzeiro 26/27 Local,https://camisetasdefutbol.com.co/products/camiseta-cruzeiro-26-27-local,100000,,https://cdn.shopify.com/s/files/1/0965/9354/3474/files/img-1784347083943-0.jpg?v=1784347088,https://cdn.shopify.com/s/files/1/0965/9354/3474/files/img-1784347085861-1.jpg?v=1784347088
Liga Brasileña,Cruzeiro,Camiseta Cruzeiro 26/27 Portero Morado,https://camisetasdefutbol.com.co/products/camiseta-cruzeiro-26-27-portero-morado,110000,,https://cdn.shopify.com/s/files/1/0965/9354/3474/files/img-1783301487225-0.jpg?v=1783301490,https://cdn.shopify.com/s/files/1/0965/9354/3474/files/img-1783301488202-1.jpg?v=1783301490
Liga Brasileña,Cruzeiro,Camiseta Cruzeiro 26/27 Visitante,https://camisetasdefutbol.com.co/products/camiseta-cruzeiro-26-27-visitante,100000,,https://cdn.shopify.com/s/files/1/0965/9354/3474/files/img-1784400557796-0.jpg?v=1784400561,https://cdn.shopify.com/s/files/1/0965/9354/3474/files/img-1784400559262-1.jpg?v=1784400561
Liga Brasileña,Cruzeiro,Camiseta Cruzeiro 93/94 Visitante Retro,https://camisetasdefutbol.com.co/products/camiseta-cruzeiro-93-94-visitante-retro,120000,,https://cdn.shopify.com/s/files/1/0965/9354/3474/files/img-1781536688451-0.jpg?v=1781536692,https://cdn.shopify.com/s/files/1/0965/9354/3474/files/img-1781536690342-1.jpg?v=1781536692
Liga Brasileña,Flamengo,Camiseta 2025-2026 Flamengo Alternativa Visitante all sponsors,https://camisetasdefutbol.com.co/products/camiseta-2025-2026-flamengo-alternativa-visitante-all-sponsors,100000,,https://cdn.shopify.com/s/files/1/0965/9354/3474/files/download_3b0ca600-0af1-461b-8474-50f7043e2531.jpg?v=1776654960,https://cdn.shopify.com/s/files/1/0965/9354/3474/files/download_52c09c29-b2af-42a1-a3ba-b659655c9c22.jpg?v=1776654960
Liga Brasileña,Flamengo,Camiseta Flamengo 00/01 Segunda Retro,https://camisetasdefutbol.com.co/products/camiseta-flamengo-00-01-segunda-retro,120000,,https://cdn.shopify.com/s/files/1/0965/9354/3474/files/img-1780732987708-0.jpg?v=1780732991,https://cdn.shopify.com/s/files/1/0965/9354/3474/files/img-1780732989081-1.jpg?v=1780732991
Liga Brasileña,Flamengo,Camiseta Flamengo 02/03 Visitante Retro,https://camisetasdefutbol.com.co/products/camiseta-flamengo-02-03-visitante-retro,120000,,https://cdn.shopify.com/s/files/1/0965/9354/3474/files/fix-235730318-0.jpg?v=1780704857,https://cdn.shopify.com/s/files/1/0965/9354/3474/files/fix-235730318-1.jpg?v=1780704857
Liga Brasileña,Flamengo,Camiseta Flamengo 05/06 Segunda Retro,https://camisetasdefutbol.com.co/products/camiseta-flamengo-05-06-segunda-retro,120000,,https://cdn.shopify.com/s/files/1/0965/9354/3474/files/img-1780732943786-0.jpg?v=1780732947,https://cdn.shopify.com/s/files/1/0965/9354/3474/files/img-1780732945011-1.jpg?v=1780732947
Liga Brasileña,Flamengo,Camiseta Flamengo 09/10 Local Retro,https://camisetasdefutbol.com.co/products/camiseta-flamengo-09-10-local-retro,120000,,https://cdn.shopify.com/s/files/1/0965/9354/3474/files/img-1780730874599-0.jpg?v=1780730877,https://cdn.shopify.com/s/files/1/0965/9354/3474/files/img-1780730875865-1.jpg?v=1780730878
Liga Brasileña,Flamengo,Camiseta Flamengo 13/14 Tercera Retro,https://camisetasdefutbol.com.co/products/camiseta-flamengo-13-14-tercera-retro,120000,,https://cdn.shopify.com/s/files/1/0965/9354/3474/files/img-1780732996362-0.jpg?v=1780733003,https://cdn.shopify.com/s/files/1/0965/9354/3474/files/img-1780733001541-1.jpg?v=1780733004
Liga Brasileña,Flamengo,Camiseta Flamengo 14/15 Segunda Retro,https://camisetasdefutbol.com.co/products/camiseta-flamengo-14-15-segunda-retro,120000,,https://cdn.shopify.com/s/files/1/0965/9354/3474/files/img-1780732949680-0.jpg?v=1780732953,https://cdn.shopify.com/s/files/1/0965/9354/3474/files/img-1780732951304-1.jpg?v=1780732953
Liga Brasileña,Flamengo,Camiseta Flamengo 19/20 Visitante Retro,https://camisetasdefutbol.com.co/products/camiseta-flamengo-19-20-visitante-retro,120000,,https://cdn.shopify.com/s/files/1/0965/9354/3474/files/fix-226971029-0.jpg?v=1780704647,https://cdn.shopify.com/s/files/1/0965/9354/3474/files/fix-226971029-1.jpg?v=1780704647
Liga Brasileña,Flamengo,Camiseta Flamengo 1981 Local Retro,https://camisetasdefutbol.com.co/products/camiseta-flamengo-1981-local-retro,120000,,https://cdn.shopify.com/s/files/1/0965/9354/3474/files/img-1780724232335-0.jpg?v=1780724236,https://cdn.shopify.com/s/files/1/0965/9354/3474/files/img-1780724234457-1.jpg?v=1780724236
Liga Brasileña,Flamengo,Camiseta Flamengo 1981 Visitante Retro,https://camisetasdefutbol.com.co/products/camiseta-flamengo-1981-visitante-retro,120000,,https://cdn.shopify.com/s/files/1/0965/9354/3474/files/img-1790546481054-0.jpg?v=1790546483,https://cdn.shopify.com/s/files/1/0965/9354/3474/files/img-1790546482182-1.jpg?v=1790546483
Liga Brasileña,Flamengo,Camiseta Flamengo 1997 Local Retro,https://camisetasdefutbol.com.co/products/camiseta-flamengo-1997-local-retro,120000,,https://cdn.shopify.com/s/files/1/0965/9354/3474/files/img-1790546474853-0.jpg?v=1790546477,https://cdn.shopify.com/s/files/1/0965/9354/3474/files/img-1790546476242-1.jpg?v=1790546477
Liga Brasileña,Flamengo,Camiseta Flamengo 2010 Tercera Retro,https://camisetasdefutbol.com.co/products/camiseta-flamengo-2010-tercera-retro,120000,,https://cdn.shopify.com/s/files/1/0965/9354/3474/files/img-1790546469160-0.jpg?v=1790546471,https://cdn.shopify.com/s/files/1/0965/9354/3474/files/img-1790546470092-1.jpg?v=1790546471
Liga Brasileña,Flamengo,Camiseta Flamengo 21/22 Tercera Retro,https://camisetasdefutbol.com.co/products/camiseta-flamengo-21-22-tercera-retro,120000,,https://cdn.shopify.com/s/files/1/0965/9354/3474/files/fix-226971038-0.jpg?v=1780704653,https://cdn.shopify.com/s/files/1/0965/9354/3474/files/fix-226971038-1.jpg?v=1780704654
Liga Brasileña,Flamengo,"Camiseta Flamengo 23/24 Local, Versión Jugador",https://camisetasdefutbol.com.co/products/camiseta-flamengo-23-24-local-version-jugador,110000,,https://cdn.shopify.com/s/files/1/0965/9354/3474/files/img-1783730201942-0.jpg?v=1783730205,https://cdn.shopify.com/s/files/1/0965/9354/3474/files/img-1783730203386-1.jpg?v=1783730205
Liga Brasileña,Flamengo,Camiseta Flamengo 25/26 Local,https://camisetasdefutbol.com.co/products/camiseta-flamengo-25-26-local,100000,,https://cdn.shopify.com/s/files/1/0965/9354/3474/files/img-1780725434009-0.jpg?v=1780725438,https://cdn.shopify.com/s/files/1/0965/9354/3474/files/img-1780725435908-1.jpg?v=1780725438
Liga Brasileña,Flamengo,Camiseta Flamengo 25/26 Tercera,https://camisetasdefutbol.com.co/products/camiseta-flamengo-25-26-tercera,100000,,https://cdn.shopify.com/s/files/1/0965/9354/3474/files/img-1780725398476-0.jpg?v=1780725401,https://cdn.shopify.com/s/files/1/0965/9354/3474/files/img-1780725399653-1.jpg?v=1780725401
Liga Brasileña,Flamengo,"Camiseta Flamengo 25/26 Tercera, Versión Jugador",https://camisetasdefutbol.com.co/products/camiseta-flamengo-25-26-tercera-version-jugador,110000,,https://cdn.shopify.com/s/files/1/0965/9354/3474/files/img-1783732477936-0.jpg?v=1783732481,https://cdn.shopify.com/s/files/1/0965/9354/3474/files/img-1783732479394-1.jpg?v=1783732481
Liga Brasileña,Flamengo,Camiseta Flamengo 25/26 Visitante,https://camisetasdefutbol.com.co/products/camiseta-flamengo-25-26-visitante,100000,,https://cdn.shopify.com/s/files/1/0965/9354/3474/files/img-1780725428316-0.jpg?v=1780725431,https://cdn.shopify.com/s/files/1/0965/9354/3474/files/img-1780725429514-1.jpg?v=1780725431
Liga Brasileña,Flamengo,Camiseta Flamengo 26/27 Edición Especial Amarillo,https://camisetasdefutbol.com.co/products/camiseta-flamengo-26-27-edicion-especial-amarillo,100000,,https://cdn.shopify.com/s/files/1/0965/9354/3474/files/img-1784696074001-0.jpg?v=1784696077,https://cdn.shopify.com/s/files/1/0965/9354/3474/files/img-1784696075337-1.jpg?v=1784696077
Liga Brasileña,Flamengo,"Camiseta Flamengo 26/27 Local, Versión Jugador",https://camisetasdefutbol.com.co/products/camiseta-flamengo-26-27-local-version-jugador,110000,,https://cdn.shopify.com/s/files/1/0965/9354/3474/files/fix-226969643-0.jpg?v=1780704565,https://cdn.shopify.com/s/files/1/0965/9354/3474/files/fix-226969643-1.jpg?v=1780704565
Liga Brasileña,Flamengo,Camiseta Flamengo 26/27 Portero Naranja,https://camisetasdefutbol.com.co/products/camiseta-flamengo-26-27-portero-naranja,110000,,https://cdn.shopify.com/s/files/1/0965/9354/3474/files/img-1783301610032-0.jpg?v=1783301613,https://cdn.shopify.com/s/files/1/0965/9354/3474/files/img-1783301611426-1.jpg?v=1783301613
Liga Brasileña,Flamengo,Camiseta Flamengo 26/27 Pre Match,https://camisetasdefutbol.com.co/products/camiseta-flamengo-26-27-pre-match,100000,,https://cdn.shopify.com/s/files/1/0965/9354/3474/files/fix-230922839-0.jpg?v=1780704768,https://cdn.shopify.com/s/files/1/0965/9354/3474/files/fix-230922839-1.jpg?v=1780704768
Liga Brasileña,Flamengo,Camiseta Flamengo 26/27 Tercera,https://camisetasdefutbol.com.co/products/camiseta-flamengo-26-27-tercera,100000,,https://cdn.shopify.com/s/files/1/0965/9354/3474/files/img-1789258160556-0.jpg?v=1789258164,https://cdn.shopify.com/s/files/1/0965/9354/3474/files/img-1789258161811-1.jpg?v=1789258164
Liga Brasileña,Flamengo,"Camiseta Flamengo 26/27 Tercera, Versión Jugador",https://camisetasdefutbol.com.co/products/camiseta-flamengo-26-27-tercera-version-jugador,110000,,https://cdn.shopify.com/s/files/1/0965/9354/3474/files/img-1788631338123-0.jpg?v=1788631341,https://cdn.shopify.com/s/files/1/0965/9354/3474/files/img-1788631339341-1.jpg?v=1788631341
Liga Brasileña,Flamengo,"Camiseta Flamengo 26/27 Visitante, Versión Jugador",https://camisetasdefutbol.com.co/products/camiseta-flamengo-26-27-visitante-version-jugador,110000,,https://cdn.shopify.com/s/files/1/0965/9354/3474/files/fix-238152643-0.jpg?v=1780704918,https://cdn.shopify.com/s/files/1/0965/9354/3474/files/fix-238152643-1.jpg?v=1780704918
Liga Brasileña,Flamengo,Camiseta Flamengo 94/95 Local Manga Larga Retro,https://camisetasdefutbol.com.co/products/camiseta-flamengo-94-95-local-manga-larga-retro,135000,,https://cdn.shopify.com/s/files/1/0965/9354/3474/files/img-1788752100968-0.jpg?v=1788752103,https://cdn.shopify.com/s/files/1/0965/9354/3474/files/img-1788752102047-1.jpg?v=1788752103
Liga Brasileña,Fluminense,Camiseta Fluminense 09/10 Visitante Retro,https://camisetasdefutbol.com.co/products/camiseta-fluminense-09-10-visitante-retro,120000,,https://cdn.shopify.com/s/files/1/0965/9354/3474/files/img-1787024064387-0.jpg?v=1787024067,https://cdn.shopify.com/s/files/1/0965/9354/3474/files/img-1787024065552-1.jpg?v=1787024067
Liga Brasileña,Fluminense,Camiseta Fluminense 15/16 Tercera Retro,https://camisetasdefutbol.com.co/products/camiseta-fluminense-15-16-tercera-retro,120000,,https://cdn.shopify.com/s/files/1/0965/9354/3474/files/img-1787024071619-0.jpg?v=1787024074,https://cdn.shopify.com/s/files/1/0965/9354/3474/files/img-1787024072779-1.jpg?v=1787024074
Liga Brasileña,Fluminense,Camiseta Fluminense 2010 Local Retro,https://camisetasdefutbol.com.co/products/camiseta-fluminense-2010-local-retro,120000,,https://cdn.shopify.com/s/files/1/0965/9354/3474/files/img-1781536671552-0.jpg?v=1781536675,https://cdn.shopify.com/s/files/1/0965/9354/3474/files/img-1781536673351-1.jpg?v=1781536675
Liga Brasileña,Fluminense,"Camiseta Fluminense 25/26 Local, Versión Jugador",https://camisetasdefutbol.com.co/products/camiseta-fluminense-25-26-local-version-jugador,110000,,https://cdn.shopify.com/s/files/1/0965/9354/3474/files/img-1783732426741-0.jpg?v=1783732430,https://cdn.shopify.com/s/files/1/0965/9354/3474/files/img-1783732427751-1.jpg?v=1783732429
Liga Brasileña,Fluminense,Camiseta Fluminense 26/27 Entrenamiento,https://camisetasdefutbol.com.co/products/camiseta-fluminense-26-27-entrenamiento,100000,,https://cdn.shopify.com/s/files/1/0965/9354/3474/files/img-1788145184358-0.jpg?v=1788145187,https://cdn.shopify.com/s/files/1/0965/9354/3474/files/img-1788145186029-1.jpg?v=1788145187
Liga Brasileña,Fluminense,Camiseta Fluminense 26/27 Tercera,https://camisetasdefutbol.com.co/products/camiseta-fluminense-26-27-tercera,100000,,https://cdn.shopify.com/s/files/1/0965/9354/3474/files/img-1789258147430-0.jpg?v=1789258150,https://cdn.shopify.com/s/files/1/0965/9354/3474/files/img-1789258148390-1.jpg?v=1789258150
Liga Brasileña,Fluminense,"Camiseta Fluminense 26/27 Visitante, Versión Jugador",https://camisetasdefutbol.com.co/products/camiseta-fluminense-26-27-visitante-version-jugador,110000,,https://cdn.shopify.com/s/files/1/0965/9354/3474/files/img-1783732309918-0.jpg?v=1783732313,https://cdn.shopify.com/s/files/1/0965/9354/3474/files/img-1783732311244-1.jpg?v=1783732313
Liga Brasileña,Grêmio,Camiseta 2025-2026 Gremio Alternativa Visitante,https://camisetasdefutbol.com.co/products/camiseta-2025-2026-gremio-alternativa-visitante,100000,,https://cdn.shopify.com/s/files/1/0965/9354/3474/files/download_a505d41d-6104-412b-bba6-d3dbc70c4cbb.jpg?v=1776654971,https://cdn.shopify.com/s/files/1/0965/9354/3474/files/download_1eece3fa-6bd5-4e46-853d-081b051f6835.jpg?v=1776654971
Liga Brasileña,Grêmio,Camiseta 2025-2026 Versión Jugador Gremio Local,https://camisetasdefutbol.com.co/products/camiseta-2025-2026-version-jugador-gremio-local,110000,,https://cdn.shopify.com/s/files/1/0965/9354/3474/files/download_bf92a73e-98ea-4980-905a-441b11dc1e7c.jpg?v=1776655069,https://cdn.shopify.com/s/files/1/0965/9354/3474/files/download_964559f8-7515-4796-ac81-ccd5915435b7.jpg?v=1776655069
Liga Brasileña,Grêmio,Camiseta Grêmio 2000 Local Retro,https://camisetasdefutbol.com.co/products/camiseta-gremio-2000-local-retro,120000,,https://cdn.shopify.com/s/files/1/0965/9354/3474/files/img-1786161885817-0.jpg?v=1786161889,https://cdn.shopify.com/s/files/1/0965/9354/3474/files/img-1786161887385-1.jpg?v=1786161889
Liga Brasileña,Grêmio,Camiseta Grêmio 26/27 Local Manga Larga,https://camisetasdefutbol.com.co/products/camiseta-gremio-26-27-local-manga-larga,115000,,https://cdn.shopify.com/s/files/1/0965/9354/3474/files/img-1787112426549-0.jpg?v=1787112429,https://cdn.shopify.com/s/files/1/0965/9354/3474/files/img-1787112427713-1.jpg?v=1787112429
Liga Brasileña,Grêmio,Camiseta Grêmio 26/27 Tercera,https://camisetasdefutbol.com.co/products/camiseta-gremio-26-27-tercera,100000,,https://cdn.shopify.com/s/files/1/0965/9354/3474/files/img-1790545337223-0.jpg?v=1790545339,https://cdn.shopify.com/s/files/1/0965/9354/3474/files/img-1790545338127-1.jpg?v=1790545339
Liga Brasileña,Grêmio,"Camiseta Grêmio 26/27 Visitante, Versión Jugador",https://camisetasdefutbol.com.co/products/camiseta-gremio-26-27-visitante-version-jugador,110000,,https://cdn.shopify.com/s/files/1/0965/9354/3474/files/img-1783228858224-0.jpg?v=1783228863,https://cdn.shopify.com/s/files/1/0965/9354/3474/files/img-1783228860514-1.jpg?v=1783228862
Liga Brasileña,Internacional,Camiseta 2025-2026 Internacional Visitante,https://camisetasdefutbol.com.co/products/camiseta-2025-2026-internacional-visitante,100000,,https://cdn.shopify.com/s/files/1/0965/9354/3474/files/download_c09d4e7b-e495-4eef-aad3-db51f63e062e.jpg?v=1776654982,https://cdn.shopify.com/s/files/1/0965/9354/3474/files/download_0cc7f39e-6e10-4b8a-af9f-efb7b33bddf1.jpg?v=1776654982
Liga Brasileña,Internacional,Camiseta Internacional 1997 Local Retro,https://camisetasdefutbol.com.co/products/camiseta-internacional-1997-local-retro,120000,,https://cdn.shopify.com/s/files/1/0965/9354/3474/files/img-1790546462841-0.jpg?v=1790546465,https://cdn.shopify.com/s/files/1/0965/9354/3474/files/img-1790546463934-1.jpg?v=1790546465
Liga Brasileña,Internacional,Camiseta Internacional 26/27 Entrenamiento,https://camisetasdefutbol.com.co/products/camiseta-internacional-26-27-entrenamiento,100000,,https://cdn.shopify.com/s/files/1/0965/9354/3474/files/img-1788145202552-0.jpg?v=1788145206,https://cdn.shopify.com/s/files/1/0965/9354/3474/files/img-1788145204591-1.jpg?v=1788145206
Liga Brasileña,Internacional,Camiseta Internacional 26/27 Visitante,https://camisetasdefutbol.com.co/products/camiseta-internacional-26-27-visitante,100000,,https://cdn.shopify.com/s/files/1/0965/9354/3474/files/img-1783228765082-0.jpg?v=1783228769,https://cdn.shopify.com/s/files/1/0965/9354/3474/files/img-1783228766467-1.jpg?v=1783228769
Liga Brasileña,Internacional,Camiseta Internacional 26/27 Visitante Manga Larga,https://camisetasdefutbol.com.co/products/camiseta-internacional-26-27-visitante-manga-larga,115000,,https://cdn.shopify.com/s/files/1/0965/9354/3474/files/img-1789258659140-0.jpg?v=1789258663,https://cdn.shopify.com/s/files/1/0965/9354/3474/files/img-1789258661058-1.jpg?v=1789258663
Liga Brasileña,Palmeiras,Camiseta Palmeiras 09/10 Tercera Retro,https://camisetasdefutbol.com.co/products/camiseta-palmeiras-09-10-tercera-retro,120000,,https://cdn.shopify.com/s/files/1/0965/9354/3474/files/img-1781536467038-0.jpg?v=1781536470,https://cdn.shopify.com/s/files/1/0965/9354/3474/files/img-1781536468159-1.jpg?v=1781536470
Liga Brasileña,Palmeiras,Camiseta Palmeiras 1996 Local Retro,https://camisetasdefutbol.com.co/products/camiseta-palmeiras-1996-local-retro,120000,,https://cdn.shopify.com/s/files/1/0965/9354/3474/files/img-1790546456811-0.jpg?v=1790546459,https://cdn.shopify.com/s/files/1/0965/9354/3474/files/img-1790546457812-1.jpg?v=1790546459
Liga Brasileña,Palmeiras,Camiseta Palmeiras 1996 Tercera Retro,https://camisetasdefutbol.com.co/products/camiseta-palmeiras-1996-tercera-retro,120000,,https://cdn.shopify.com/s/files/1/0965/9354/3474/files/img-1787023882044-0.jpg?v=1787023885,https://cdn.shopify.com/s/files/1/0965/9354/3474/files/img-1787023883150-1.jpg?v=1787023885
Liga Brasileña,Palmeiras,Camiseta Palmeiras 1996 Visitante Retro,https://camisetasdefutbol.com.co/products/camiseta-palmeiras-1996-visitante-retro,120000,,https://cdn.shopify.com/s/files/1/0965/9354/3474/files/img-1787023875431-0.jpg?v=1787023879,https://cdn.shopify.com/s/files/1/0965/9354/3474/files/img-1787023877330-1.jpg?v=1787023879
Liga Brasileña,Palmeiras,Camiseta Palmeiras 1999 Local Retro,https://camisetasdefutbol.com.co/products/camiseta-palmeiras-1999-local-retro,120000,,https://cdn.shopify.com/s/files/1/0965/9354/3474/files/img-1784437024541-0.jpg?v=1784437027,https://cdn.shopify.com/s/files/1/0965/9354/3474/files/img-1784437025871-1.jpg?v=1784437027
Liga Brasileña,Palmeiras,Camiseta Palmeiras 1999 Visitante Retro,https://camisetasdefutbol.com.co/products/camiseta-palmeiras-1999-visitante-retro,120000,,https://cdn.shopify.com/s/files/1/0965/9354/3474/files/img-1784483182064-0.jpg?v=1784483185,
Liga Brasileña,Palmeiras,"Camiseta Palmeiras 23/24 Local, Versión Jugador",https://camisetasdefutbol.com.co/products/camiseta-palmeiras-23-24-local-version-jugador,110000,,https://cdn.shopify.com/s/files/1/0965/9354/3474/files/img-1783730146872-0.jpg?v=1783730151,https://cdn.shopify.com/s/files/1/0965/9354/3474/files/img-1783730148664-1.jpg?v=1783730151
Liga Brasileña,Palmeiras,"Camiseta Palmeiras 23/24 Visitante, Versión Jugador",https://camisetasdefutbol.com.co/products/camiseta-palmeiras-23-24-visitante-version-jugador,110000,,https://cdn.shopify.com/s/files/1/0965/9354/3474/files/img-1783730138904-0.jpg?v=1783730142,https://cdn.shopify.com/s/files/1/0965/9354/3474/files/img-1783730140577-1.jpg?v=1783730143
Liga Brasileña,Palmeiras,"Camiseta Palmeiras 26/27 Local, Versión Jugador",https://camisetasdefutbol.com.co/products/camiseta-palmeiras-26-27-local-version-jugador,110000,,https://cdn.shopify.com/s/files/1/0965/9354/3474/files/img-1783732295801-0.jpg?v=1783732299,https://cdn.shopify.com/s/files/1/0965/9354/3474/files/img-1783732297158-1.jpg?v=1783732299
Liga Brasileña,Palmeiras,Camiseta Palmeiras 26/27 Portero Edición Especial,https://camisetasdefutbol.com.co/products/camiseta-palmeiras-26-27-portero-edicion-especial,100000,,https://cdn.shopify.com/s/files/1/0965/9354/3474/files/img-1784696095378-0.jpg?v=1784696099,https://cdn.shopify.com/s/files/1/0965/9354/3474/files/img-1784696097057-1.jpg?v=1784696099
Liga Brasileña,Palmeiras,Camiseta Palmeiras 26/27 Portero Edición Especial Azul,https://camisetasdefutbol.com.co/products/camiseta-palmeiras-26-27-portero-edicion-especial-azul,110000,,https://cdn.shopify.com/s/files/1/0965/9354/3474/files/img-1783301474443-0.jpg?v=1783301478,https://cdn.shopify.com/s/files/1/0965/9354/3474/files/img-1783301475929-1.jpg?v=1783301478
Liga Brasileña,Palmeiras,Camiseta Palmeiras 26/27 Portero Tercera,https://camisetasdefutbol.com.co/products/camiseta-palmeiras-26-27-portero-tercera,100000,,https://cdn.shopify.com/s/files/1/0965/9354/3474/files/img-1784696109165-0.jpg?v=1784696112,https://cdn.shopify.com/s/files/1/0965/9354/3474/files/img-1784696110013-1.jpg?v=1784696112
Liga Brasileña,Palmeiras,Camiseta Palmeiras 26/27 Portero Tercera Amarillo,https://camisetasdefutbol.com.co/products/camiseta-palmeiras-26-27-portero-tercera-amarillo,110000,,https://cdn.shopify.com/s/files/1/0965/9354/3474/files/img-1783301638578-0.jpg?v=1783301642,https://cdn.shopify.com/s/files/1/0965/9354/3474/files/img-1783301639731-1.jpg?v=1783301642
Liga Brasileña,Palmeiras,Camiseta Palmeiras 26/27 Portero Visitante,https://camisetasdefutbol.com.co/products/camiseta-palmeiras-26-27-portero-visitante,100000,,https://cdn.shopify.com/s/files/1/0965/9354/3474/files/img-1784696116677-0.jpg?v=1784696119,https://cdn.shopify.com/s/files/1/0965/9354/3474/files/img-1784696117917-1.jpg?v=1784696119
Liga Brasileña,Palmeiras,Camiseta Palmeiras 26/27 Portero Visitante Beige,https://camisetasdefutbol.com.co/products/camiseta-palmeiras-26-27-portero-visitante-beige,110000,,https://cdn.shopify.com/s/files/1/0965/9354/3474/files/img-1783301645051-0.jpg?v=1783301648,https://cdn.shopify.com/s/files/1/0965/9354/3474/files/img-1783301646308-1.jpg?v=1783301648
Liga Brasileña,Palmeiras,Camiseta Palmeiras 26/27 Pre Match,https://camisetasdefutbol.com.co/products/camiseta-palmeiras-26-27-pre-match,100000,,https://cdn.shopify.com/s/files/1/0965/9354/3474/files/img-1784696102334-0.jpg?v=1784696105,https://cdn.shopify.com/s/files/1/0965/9354/3474/files/img-1784696103513-1.jpg?v=1784696105
Liga Brasileña,Palmeiras,"Camiseta Palmeiras 26/27 Tercera, Versión Jugador",https://camisetasdefutbol.com.co/products/camiseta-palmeiras-26-27-tercera-version-jugador,110000,,https://cdn.shopify.com/s/files/1/0965/9354/3474/files/img-1790545365946-0.jpg?v=1790545368,https://cdn.shopify.com/s/files/1/0965/9354/3474/files/img-1790545367106-1.jpg?v=1790545368
Liga Brasileña,Palmeiras,"Camiseta Palmeiras 26/27 Visitante, Versión Jugador",https://camisetasdefutbol.com.co/products/camiseta-palmeiras-26-27-visitante-version-jugador,110000,,https://cdn.shopify.com/s/files/1/0965/9354/3474/files/img-1783732302845-0.jpg?v=1783732306,https://cdn.shopify.com/s/files/1/0965/9354/3474/files/img-1783732304139-1.jpg?v=1783732306
Liga Brasileña,Palmeiras,Camiseta Palmeiras 92/93 Local Retro,https://camisetasdefutbol.com.co/products/camiseta-palmeiras-92-93-local-retro,120000,,https://cdn.shopify.com/s/files/1/0965/9354/3474/files/img-1786685112328-0.jpg?v=1786685115,https://cdn.shopify.com/s/files/1/0965/9354/3474/files/img-1786685113328-1.jpg?v=1786685115
Liga Brasileña,Palmeiras,Camiseta Palmeiras 92/93 Visitante Retro,https://camisetasdefutbol.com.co/products/camiseta-palmeiras-92-93-visitante-retro,120000,,https://cdn.shopify.com/s/files/1/0965/9354/3474/files/img-1787023861902-0.jpg?v=1787023866,https://cdn.shopify.com/s/files/1/0965/9354/3474/files/img-1787023863733-1.jpg?v=1787023865
Liga Brasileña,Palmeiras,Camiseta Palmeiras 93/94 Local Retro,https://camisetasdefutbol.com.co/products/camiseta-palmeiras-93-94-local-retro,120000,,https://cdn.shopify.com/s/files/1/0965/9354/3474/files/img-1787023868759-0.jpg?v=1787023872,https://cdn.shopify.com/s/files/1/0965/9354/3474/files/img-1787023869849-1.jpg?v=1787023872
Liga Brasileña,Palmeiras,Camiseta Palmeiras 94/95 Visitante Retro,https://camisetasdefutbol.com.co/products/camiseta-palmeiras-94-95-visitante-retro,120000,,https://cdn.shopify.com/s/files/1/0965/9354/3474/files/img-1784483175919-0.jpg?v=1784483179,
Liga Brasileña,Palmeiras,Camiseta Palmeiras 97/98 Local Retro,https://camisetasdefutbol.com.co/products/camiseta-palmeiras-97-98-local-retro,120000,,https://cdn.shopify.com/s/files/1/0965/9354/3474/files/img-1790546450445-0.jpg?v=1790546453,https://cdn.shopify.com/s/files/1/0965/9354/3474/files/img-1790546451676-1.jpg?v=1790546453
Liga Brasileña,Paysandu,Camiseta Paysandu 26/27 Local,https://camisetasdefutbol.com.co/products/camiseta-paysandu-26-27-local,100000,,https://cdn.shopify.com/s/files/1/0965/9354/3474/files/img-1784400519772-0.jpg?v=1784400523,https://cdn.shopify.com/s/files/1/0965/9354/3474/files/img-1784400521093-1.jpg?v=1784400523
Liga Brasileña,Paysandu,Camiseta Paysandu 26/27 Visitante,https://camisetasdefutbol.com.co/products/camiseta-paysandu-26-27-visitante,100000,,https://cdn.shopify.com/s/files/1/0965/9354/3474/files/img-1783228730607-0.jpg?v=1783228734,https://cdn.shopify.com/s/files/1/0965/9354/3474/files/img-1783228731925-1.jpg?v=1783228734
Liga Brasileña,Santos,Camiseta Santos 12/13 Rosa Retro,https://camisetasdefutbol.com.co/products/camiseta-santos-12-13-rosa-retro,120000,,https://cdn.shopify.com/s/files/1/0965/9354/3474/files/img-1786685142587-0.jpg?v=1786685146,https://cdn.shopify.com/s/files/1/0965/9354/3474/files/img-1786685143628-1.jpg?v=1786685146
Liga Brasileña,Santos,Camiseta Santos 12/13 Visitante Manga Larga Retro,https://camisetasdefutbol.com.co/products/camiseta-santos-12-13-visitante-manga-larga-retro,135000,,https://cdn.shopify.com/s/files/1/0965/9354/3474/files/img-1788752122298-0.jpg?v=1788752125,https://cdn.shopify.com/s/files/1/0965/9354/3474/files/img-1788752123537-1.jpg?v=1788752124
Liga Brasileña,Santos,Camiseta Santos 12/13 Visitante Retro,https://camisetasdefutbol.com.co/products/camiseta-santos-12-13-visitante-retro,120000,,https://cdn.shopify.com/s/files/1/0965/9354/3474/files/img-1781536663381-0.jpg?v=1781536667,https://cdn.shopify.com/s/files/1/0965/9354/3474/files/f7fe1361.jpg?v=1782001208
Liga Brasileña,Santos,Camiseta Santos 1990 Visitante Retro,https://camisetasdefutbol.com.co/products/camiseta-santos-1990-visitante-retro,120000,,https://cdn.shopify.com/s/files/1/0965/9354/3474/files/img-1790546444020-0.jpg?v=1790546446,https://cdn.shopify.com/s/files/1/0965/9354/3474/files/img-1790546445484-1.jpg?v=1790546446
Liga Brasileña,Santos,"Camiseta Santos 26/27 Local, Versión Jugador",https://camisetasdefutbol.com.co/products/camiseta-santos-26-27-local-version-jugador,110000,,https://cdn.shopify.com/s/files/1/0965/9354/3474/files/img-1783228842538-0.jpg?v=1783228845,https://cdn.shopify.com/s/files/1/0965/9354/3474/files/img-1783228843651-1.jpg?v=1783228845
Liga Brasileña,Santos,"Camiseta Santos 26/27 Visitante, Versión Jugador",https://camisetasdefutbol.com.co/products/camiseta-santos-26-27-visitante-version-jugador,110000,,https://cdn.shopify.com/s/files/1/0965/9354/3474/files/img-1783228833827-0.jpg?v=1783228837,https://cdn.shopify.com/s/files/1/0965/9354/3474/files/img-1783228835280-1.jpg?v=1783228837
Liga Brasileña,Santos,"Camiseta Santos Laguna 26/27 Local, Versión Jugador",https://camisetasdefutbol.com.co/products/camiseta-santos-laguna-26-27-local-version-jugador,110000,,https://cdn.shopify.com/s/files/1/0965/9354/3474/files/img-1790545047585-0.jpg?v=1790545049,https://cdn.shopify.com/s/files/1/0965/9354/3474/files/img-1790545048717-1.jpg?v=1790545049
Liga Brasileña,São Paulo,"Camiseta São Paulo 26/27 Local, Versión Jugador",https://camisetasdefutbol.com.co/products/camiseta-sao-paulo-26-27-local-version-jugador,110000,,https://cdn.shopify.com/s/files/1/0965/9354/3474/files/img-1783732275390-0.jpg?v=1783732278,https://cdn.shopify.com/s/files/1/0965/9354/3474/files/img-1783732276437-1.jpg?v=1783732278
Liga Brasileña,São Paulo,Camiseta São Paulo 26/27 Portero Azul,https://camisetasdefutbol.com.co/products/camiseta-sao-paulo-26-27-portero-azul,110000,,https://cdn.shopify.com/s/files/1/0965/9354/3474/files/img-1783301622980-0.jpg?v=1783301626,https://cdn.shopify.com/s/files/1/0965/9354/3474/files/img-1783301624762-1.jpg?v=1783301626
Liga Brasileña,São Paulo,Camiseta São Paulo 26/27 Portero Vinotinto,https://camisetasdefutbol.com.co/products/camiseta-sao-paulo-26-27-portero-vinotinto,110000,,https://cdn.shopify.com/s/files/1/0965/9354/3474/files/img-1783301616306-0.jpg?v=1783301619,https://cdn.shopify.com/s/files/1/0965/9354/3474/files/img-1783301617351-1.jpg?v=1783301619
Liga Brasileña,São Paulo,Camiseta São Paulo 26/27 Tercera,https://camisetasdefutbol.com.co/products/camiseta-sao-paulo-26-27-tercera,100000,,https://cdn.shopify.com/s/files/1/0965/9354/3474/files/img-1789258153908-0.jpg?v=1789258157,https://cdn.shopify.com/s/files/1/0965/9354/3474/files/img-1789258155444-1.jpg?v=1789258157
Liga Brasileña,São Paulo,"Camiseta São Paulo 26/27 Visitante, Versión Jugador",https://camisetasdefutbol.com.co/products/camiseta-sao-paulo-26-27-visitante-version-jugador,110000,,https://cdn.shopify.com/s/files/1/0965/9354/3474/files/img-1783229017470-0.jpg?v=1783229020,https://cdn.shopify.com/s/files/1/0965/9354/3474/files/img-1783229018706-1.jpg?v=1783229020
Liga Brasileña,São Paulo,Camiseta São Paulo 91/93 Visitante Retro,https://camisetasdefutbol.com.co/products/camiseta-sao-paulo-91-93-visitante-retro,120000,,https://cdn.shopify.com/s/files/1/0965/9354/3474/files/img-1790546438152-0.jpg?v=1790546440,https://cdn.shopify.com/s/files/1/0965/9354/3474/files/img-1790546439080-1.jpg?v=1790546440
Liga Brasileña,Vasco da Gama,Camiseta 2025-2026 Vasco da Gama Visitante,https://camisetasdefutbol.com.co/products/camiseta-2025-2026-vasco-da-gama-visitante,100000,,https://cdn.shopify.com/s/files/1/0965/9354/3474/files/download_cbd56ee2-1254-4499-9414-f41f7ff4a58c.jpg?v=1776655186,https://cdn.shopify.com/s/files/1/0965/9354/3474/files/download_4b83d986-9dc9-486c-b44c-094a1fa95ac9.jpg?v=1776655186
Liga Brasileña,Vasco da Gama,Camiseta Vasco da Gama 1988 Local Retro,https://camisetasdefutbol.com.co/products/camiseta-vasco-da-gama-1988-local-retro,120000,,https://cdn.shopify.com/s/files/1/0965/9354/3474/files/img-1790546418019-0.jpg?v=1790546420,https://cdn.shopify.com/s/files/1/0965/9354/3474/files/img-1790546419204-1.jpg?v=1790546420
Liga Brasileña,Vasco da Gama,Camiseta Vasco da Gama 1988 Visitante Retro,https://camisetasdefutbol.com.co/products/camiseta-vasco-da-gama-1988-visitante-retro,120000,,https://cdn.shopify.com/s/files/1/0965/9354/3474/files/img-1790546424585-0.jpg?v=1790546427,https://cdn.shopify.com/s/files/1/0965/9354/3474/files/img-1790546426118-1.jpg?v=1790546427
Liga Brasileña,Vasco da Gama,Camiseta Vasco da Gama 1997 Local Retro,https://camisetasdefutbol.com.co/products/camiseta-vasco-da-gama-1997-local-retro,120000,,https://cdn.shopify.com/s/files/1/0965/9354/3474/files/img-1788752397690-0.jpg?v=1788752401,https://cdn.shopify.com/s/files/1/0965/9354/3474/files/img-1788752399172-1.jpg?v=1788752400
Liga Brasileña,Vasco da Gama,Camiseta Vasco da Gama 1998 Visitante Retro,https://camisetasdefutbol.com.co/products/camiseta-vasco-da-gama-1998-visitante-retro,120000,,https://cdn.shopify.com/s/files/1/0965/9354/3474/files/img-1790546431695-0.jpg?v=1790546434,https://cdn.shopify.com/s/files/1/0965/9354/3474/files/img-1790546432857-1.jpg?v=1790546434
Liga Brasileña,Vasco da Gama,Camiseta Vasco da Gama 2025-2026 Local,https://camisetasdefutbol.com.co/products/camiseta-vasco-da-gama-2025-2026-local,100000,,https://cdn.shopify.com/s/files/1/0965/9354/3474/files/download_c350e3e3-b462-44fb-9f90-bb4591c9eab1.jpg?v=1776655701,https://cdn.shopify.com/s/files/1/0965/9354/3474/files/download_696d5ed1-3954-43eb-86cd-21cbdae19e7c.jpg?v=1776655701
Liga Brasileña,Vasco da Gama,"Camiseta Vasco da Gama 26/27 Local, Versión Jugador",https://camisetasdefutbol.com.co/products/camiseta-vasco-da-gama-26-27-local-version-jugador,110000,,https://cdn.shopify.com/s/files/1/0965/9354/3474/files/img-1783732263072-0.jpg?v=1783732266,https://cdn.shopify.com/s/files/1/0965/9354/3474/files/img-1783732264118-1.jpg?v=1783732266
Liga Brasileña,Vasco da Gama,Camiseta Vasco da Gama 26/27 Pre Match,https://camisetasdefutbol.com.co/products/camiseta-vasco-da-gama-26-27-pre-match,100000,,https://cdn.shopify.com/s/files/1/0965/9354/3474/files/img-1788145190616-0.jpg?v=1788145193,
Liga Brasileña,Vasco da Gama,Camiseta Vasco da Gama 26/27 Visitante,https://camisetasdefutbol.com.co/products/camiseta-vasco-da-gama-26-27-visitante,100000,,https://cdn.shopify.com/s/files/1/0965/9354/3474/files/img-1789258786087-0.jpg?v=1789258789,https://cdn.shopify.com/s/files/1/0965/9354/3474/files/img-1789258787251-1.jpg?v=1789258789
Liga Brasileña,Vasco da Gama,"Camiseta Vasco da Gama 26/27 Visitante, Versión Jugador",https://camisetasdefutbol.com.co/products/camiseta-vasco-da-gama-26-27-visitante-version-jugador,110000,,https://cdn.shopify.com/s/files/1/0965/9354/3474/files/img-1783732269188-0.jpg?v=1783732272,https://cdn.shopify.com/s/files/1/0965/9354/3474/files/img-1783732270160-1.jpg?v=1783732272
Liga Brasileña,Vitória,Camiseta EC Vitória 26/27 Local,https://camisetasdefutbol.com.co/products/camiseta-ec-vitoria-26-27-local,100000,,https://cdn.shopify.com/s/files/1/0965/9354/3474/files/img-1783228798459-0.jpg?v=1783228802,https://cdn.shopify.com/s/files/1/0965/9354/3474/files/img-1783228799856-1.jpg?v=1783228802
Liga Brasileña,Vitória,Camiseta Vitória de Guimarães 26/27 Local,https://camisetasdefutbol.com.co/products/camiseta-vitoria-de-guimaraes-26-27-local,100000,,https://cdn.shopify.com/s/files/1/0965/9354/3474/files/img-1789856707352-0.jpg?v=1789856710,https://cdn.shopify.com/s/files/1/0965/9354/3474/files/img-1789856708341-1.jpg?v=1789856709
Liga Brasileña,Vitória,Camiseta Vitória de Guimarães 26/27 Visitante,https://camisetasdefutbol.com.co/products/camiseta-vitoria-de-guimaraes-26-27-visitante,100000,,https://cdn.shopify.com/s/files/1/0965/9354/3474/files/img-1789856701192-0.jpg?v=1789856704,https://cdn.shopify.com/s/files/1/0965/9354/3474/files/img-1789856702547-1.jpg?v=1789856704
Liga Portuguesa,Benfica,Camiseta 2025-2026 Benfica Entrenamiento,https://camisetasdefutbol.com.co/products/camiseta-2025-2026-benfica-entrenamiento,100000,,https://cdn.shopify.com/s/files/1/0965/9354/3474/files/ef68c202.jpg?v=1778454145,https://cdn.shopify.com/s/files/1/0965/9354/3474/files/download_819a19c3-beb9-403c-8ca5-18aee73dfade.jpg?v=1776654916
Liga Portuguesa,Benfica,"Camiseta Benfica 22/23 Local, Versión Jugador",https://camisetasdefutbol.com.co/products/camiseta-benfica-22-23-local-version-jugador,110000,,https://cdn.shopify.com/s/files/1/0965/9354/3474/files/img-1783730022756-0.jpg?v=1783730027,https://cdn.shopify.com/s/files/1/0965/9354/3474/files/img-1783730024906-1.jpg?v=1783730027
Liga Portuguesa,Benfica,"Camiseta Benfica 22/23 Visitante, Versión Jugador",https://camisetasdefutbol.com.co/products/camiseta-benfica-22-23-visitante-version-jugador,110000,,https://cdn.shopify.com/s/files/1/0965/9354/3474/files/img-1783730330251-0.jpg?v=1783730334,https://cdn.shopify.com/s/files/1/0965/9354/3474/files/img-1783730331515-1.jpg?v=1783730334
Liga Portuguesa,Benfica,"Camiseta Benfica 26/27 Local, Versión Jugador",https://camisetasdefutbol.com.co/products/camiseta-benfica-26-27-local-version-jugador,110000,,https://cdn.shopify.com/s/files/1/0965/9354/3474/files/img-1786161711784-0.jpg?v=1786161715,https://cdn.shopify.com/s/files/1/0965/9354/3474/files/img-1786161712805-1.jpg?v=1786161715
Liga Portuguesa,Benfica,Camiseta Benfica 90/91 Local Retro,https://camisetasdefutbol.com.co/products/camiseta-benfica-90-91-local-retro,120000,,https://cdn.shopify.com/s/files/1/0965/9354/3474/files/img-1786161945496-0.jpg?v=1786161948,https://cdn.shopify.com/s/files/1/0965/9354/3474/files/img-1786161946459-1.jpg?v=1786161948
Liga Portuguesa,Benfica,Camiseta SL Benfica 02/03 Local Retro,https://camisetasdefutbol.com.co/products/camiseta-sl-benfica-02-03-local-retro,120000,,https://cdn.shopify.com/s/files/1/0965/9354/3474/files/img-1790545601260-0.jpg?v=1790545603,https://cdn.shopify.com/s/files/1/0965/9354/3474/files/img-1790545602657-1.jpg?v=1790545603
Liga Portuguesa,Benfica,Camiseta SL Benfica 07/08 Visitante Retro,https://camisetasdefutbol.com.co/products/camiseta-sl-benfica-07-08-visitante-retro,120000,,https://cdn.shopify.com/s/files/1/0965/9354/3474/files/img-1790545595633-0.jpg?v=1790545597,https://cdn.shopify.com/s/files/1/0965/9354/3474/files/img-1790545596527-1.jpg?v=1790545597
Liga Portuguesa,Benfica,Camiseta SL Benfica 09/10 Local Retro,https://camisetasdefutbol.com.co/products/camiseta-sl-benfica-09-10-local-retro,120000,,https://cdn.shopify.com/s/files/1/0965/9354/3474/files/fix-224331043-0.jpg?v=1780704499,https://cdn.shopify.com/s/files/1/0965/9354/3474/files/fix-224331043-1.jpg?v=1780704499
Liga Portuguesa,Benfica,Camiseta SL Benfica 25/26 Local,https://camisetasdefutbol.com.co/products/camiseta-sl-benfica-25-26-local,100000,,https://cdn.shopify.com/s/files/1/0965/9354/3474/files/img-1780740652313-0.jpg?v=1780740655,https://cdn.shopify.com/s/files/1/0965/9354/3474/files/img-1780740653554-1.jpg?v=1780740655
Liga Portuguesa,Benfica,Camiseta SL Benfica 25/26 Visitante Beige,https://camisetasdefutbol.com.co/products/camiseta-sl-benfica-25-26-visitante-beige,100000,,https://cdn.shopify.com/s/files/1/0965/9354/3474/files/img-1780733955101-0.jpg?v=1780733958,https://cdn.shopify.com/s/files/1/0965/9354/3474/files/img-1780733956498-1.jpg?v=1780733958
Liga Portuguesa,Benfica,Camiseta SL Benfica 26/27 Especial Eagle Negro Blanco,https://camisetasdefutbol.com.co/products/camiseta-sl-benfica-26-27-especial-eagle-negro-blanco,100000,,https://cdn.shopify.com/s/files/1/0965/9354/3474/files/img-1784696221039-0.jpg?v=1784696225,https://cdn.shopify.com/s/files/1/0965/9354/3474/files/img-1784696223902-1.jpg?v=1784696225
Liga Portuguesa,Benfica,Camiseta SL Benfica 26/27 Pre Match,https://camisetasdefutbol.com.co/products/camiseta-sl-benfica-26-27-pre-match,100000,,https://cdn.shopify.com/s/files/1/0965/9354/3474/files/img-1789258646650-0.jpg?v=1789258650,https://cdn.shopify.com/s/files/1/0965/9354/3474/files/img-1789258647829-1.jpg?v=1789258650
Liga Portuguesa,Benfica,Camiseta SL Benfica 26/27 Tercera,https://camisetasdefutbol.com.co/products/camiseta-sl-benfica-26-27-tercera,100000,,https://cdn.shopify.com/s/files/1/0965/9354/3474/files/img-1788631360935-0.jpg?v=1788631364,https://cdn.shopify.com/s/files/1/0965/9354/3474/files/img-1788631362097-1.jpg?v=1788631364
Liga Portuguesa,Benfica,Camiseta SL Benfica 90/91 Local Retro,https://camisetasdefutbol.com.co/products/camiseta-sl-benfica-90-91-local-retro,120000,,https://cdn.shopify.com/s/files/1/0965/9354/3474/files/img-1788752178302-0.jpg?v=1788752180,https://cdn.shopify.com/s/files/1/0965/9354/3474/files/img-1788752179276-1.jpg?v=1788752180
Liga Portuguesa,Benfica,Camiseta SL Benfica 92/93 Local Retro,https://camisetasdefutbol.com.co/products/camiseta-sl-benfica-92-93-local-retro,120000,,https://cdn.shopify.com/s/files/1/0965/9354/3474/files/fix-232973394-0.jpg?v=1780704797,https://cdn.shopify.com/s/files/1/0965/9354/3474/files/fix-232973394-1.jpg?v=1780704797
Liga Portuguesa,Benfica,Camiseta SL Benfica 99/00 Local Retro,https://camisetasdefutbol.com.co/products/camiseta-sl-benfica-99-00-local-retro,120000,,https://cdn.shopify.com/s/files/1/0965/9354/3474/files/img-1790545589955-0.jpg?v=1790545592,https://cdn.shopify.com/s/files/1/0965/9354/3474/files/img-1790545591061-1.jpg?v=1790545592
Liga Portuguesa,Porto,Camiseta 2025-2026 Porto Edición Especial,https://camisetasdefutbol.com.co/products/camiseta-2025-2026-porto-edicion-especial,100000,,https://cdn.shopify.com/s/files/1/0965/9354/3474/files/download_24ef8874-9ea9-41a1-99cd-c149df5a6494.jpg?v=1776654913,https://cdn.shopify.com/s/files/1/0965/9354/3474/files/download_c36d62d1-8f57-42b9-86b4-60079cf56828.jpg?v=1776654913
Liga Portuguesa,Porto,Camiseta 2025-2026 Porto Visitante,https://camisetasdefutbol.com.co/products/camiseta-2025-2026-porto-visitante,100000,,https://cdn.shopify.com/s/files/1/0965/9354/3474/files/download_2d1d2020-ae65-4944-8465-da3d4de6506e.jpg?v=1776655094,https://cdn.shopify.com/s/files/1/0965/9354/3474/files/download_0477d251-a4cb-4dfb-9e6f-ec6384ac4e14.jpg?v=1776655093
Liga Portuguesa,Porto,Camiseta FC Porto 09/10 Local Retro,https://camisetasdefutbol.com.co/products/camiseta-fc-porto-09-10-local-retro,120000,,https://cdn.shopify.com/s/files/1/0965/9354/3474/files/fix-224331022-0.jpg?v=1780704493,https://cdn.shopify.com/s/files/1/0965/9354/3474/files/fix-224331022-1.jpg?v=1780704492
Liga Portuguesa,Porto,Camiseta FC Porto 11/12 Visitante Retro,https://camisetasdefutbol.com.co/products/camiseta-fc-porto-11-12-visitante-retro,120000,,https://cdn.shopify.com/s/files/1/0965/9354/3474/files/img-1786161806657-0.jpg?v=1786161810,https://cdn.shopify.com/s/files/1/0965/9354/3474/files/img-1786161808149-1.jpg?v=1786161810
Liga Portuguesa,Porto,Camiseta FC Porto 12/13 Local Retro,https://camisetasdefutbol.com.co/products/camiseta-fc-porto-12-13-local-retro,120000,,https://cdn.shopify.com/s/files/1/0965/9354/3474/files/fix-224331143-0.jpg?v=1780704504,https://cdn.shopify.com/s/files/1/0965/9354/3474/files/fix-224331143-1.jpg?v=1780704504
Liga Portuguesa,Porto,Camiseta FC Porto 13/14 Local Retro,https://camisetasdefutbol.com.co/products/camiseta-fc-porto-13-14-local-retro,120000,,https://cdn.shopify.com/s/files/1/0965/9354/3474/files/fix-224331164-0.jpg?v=1780704510,https://cdn.shopify.com/s/files/1/0965/9354/3474/files/fix-224331164-1.jpg?v=1780704510
Liga Portuguesa,Porto,Camiseta FC Porto 14/15 Local Retro,https://camisetasdefutbol.com.co/products/camiseta-fc-porto-14-15-local-retro,120000,,https://cdn.shopify.com/s/files/1/0965/9354/3474/files/img-1780724055108-0.jpg?v=1780724059,https://cdn.shopify.com/s/files/1/0965/9354/3474/files/img-1780724057486-1.jpg?v=1780724059
Liga Portuguesa,Porto,"Camiseta FC Porto 22/23 Local, Versión Jugador",https://camisetasdefutbol.com.co/products/camiseta-fc-porto-22-23-local-version-jugador,110000,,https://cdn.shopify.com/s/files/1/0965/9354/3474/files/img-1783730055931-0.jpg?v=1783730060,https://cdn.shopify.com/s/files/1/0965/9354/3474/files/img-1783730057899-1.jpg?v=1783730060
Liga Portuguesa,Porto,Camiseta FC Porto 22/23 Tercera Retro,https://camisetasdefutbol.com.co/products/camiseta-fc-porto-22-23-tercera-retro,120000,,https://cdn.shopify.com/s/files/1/0965/9354/3474/files/img-1780727222068-0.jpg?v=1780727226,https://cdn.shopify.com/s/files/1/0965/9354/3474/files/img-1780727224139-1.jpg?v=1780727226
Liga Portuguesa,Porto,"Camiseta FC Porto 22/23 Visitante, Versión Jugador",https://camisetasdefutbol.com.co/products/camiseta-fc-porto-22-23-visitante-version-jugador,110000,,https://cdn.shopify.com/s/files/1/0965/9354/3474/files/img-1783730032708-0.jpg?v=1783730036,https://cdn.shopify.com/s/files/1/0965/9354/3474/files/img-1783730034343-1.jpg?v=1783730036
Liga Portuguesa,Porto,Camiseta FC Porto 25/26 Local,https://camisetasdefutbol.com.co/products/camiseta-fc-porto-25-26-local,100000,,https://cdn.shopify.com/s/files/1/0965/9354/3474/files/img-1780733646587-0.jpg?v=1780733650,https://cdn.shopify.com/s/files/1/0965/9354/3474/files/img-1780733648162-1.jpg?v=1780733650
Liga Portuguesa,Porto,"Camiseta FC Porto 25/26 Local, Versión Jugador",https://camisetasdefutbol.com.co/products/camiseta-fc-porto-25-26-local-version-jugador,110000,,https://cdn.shopify.com/s/files/1/0965/9354/3474/files/img-1783732447283-0.jpg?v=1783732451,https://cdn.shopify.com/s/files/1/0965/9354/3474/files/img-1783732449316-1.jpg?v=1783732452
Liga Portuguesa,Porto,Camiseta FC Porto 25/26 Visitante,https://camisetasdefutbol.com.co/products/camiseta-fc-porto-25-26-visitante,100000,,https://cdn.shopify.com/s/files/1/0965/9354/3474/files/img-1780733964984-0.jpg?v=1780733968,https://cdn.shopify.com/s/files/1/0965/9354/3474/files/img-1780733966509-1.jpg?v=1780733968
Liga Portuguesa,Porto,Camiseta FC Porto 26/27 Edición Especial,https://camisetasdefutbol.com.co/products/camiseta-fc-porto-26-27-edicion-especial,100000,,https://cdn.shopify.com/s/files/1/0965/9354/3474/files/fix-238829449-0.jpg?v=1780705025,https://cdn.shopify.com/s/files/1/0965/9354/3474/files/fix-238829449-1.jpg?v=1780705025
Liga Portuguesa,Porto,Camiseta FC Porto 26/27 Edición Especial Azul,https://camisetasdefutbol.com.co/products/camiseta-fc-porto-26-27-edicion-especial-azul,100000,,https://cdn.shopify.com/s/files/1/0965/9354/3474/files/img-1787112667693-0.jpg?v=1787112672,https://cdn.shopify.com/s/files/1/0965/9354/3474/files/img-1787112669355-1.jpg?v=1787112672
Liga Portuguesa,Porto,"Camiseta FC Porto 26/27 Local, Versión Jugador",https://camisetasdefutbol.com.co/products/camiseta-fc-porto-26-27-local-version-jugador,110000,,https://cdn.shopify.com/s/files/1/0965/9354/3474/files/img-1790545490661-0.jpg?v=1790545493,https://cdn.shopify.com/s/files/1/0965/9354/3474/files/img-1790545491808-1.jpg?v=1790545493
Liga Portuguesa,Porto,Camiseta FC Porto 26/27 Pre Match,https://camisetasdefutbol.com.co/products/camiseta-fc-porto-26-27-pre-match,100000,,https://cdn.shopify.com/s/files/1/0965/9354/3474/files/img-1788145160809-0.jpg?v=1788145164,https://cdn.shopify.com/s/files/1/0965/9354/3474/files/img-1788145162747-1.jpg?v=1788145164
Liga Portuguesa,Porto,Camiseta FC Porto 26/27 Tercera,https://camisetasdefutbol.com.co/products/camiseta-fc-porto-26-27-tercera,100000,,https://cdn.shopify.com/s/files/1/0965/9354/3474/files/img-1786161727109-0.jpg?v=1786161730,https://cdn.shopify.com/s/files/1/0965/9354/3474/files/img-1786161728413-1.jpg?v=1786161730
Liga Portuguesa,Porto,Camiseta FC Porto 90/93 Local Retro,https://camisetasdefutbol.com.co/products/camiseta-fc-porto-90-93-local-retro,120000,,https://cdn.shopify.com/s/files/1/0965/9354/3474/files/img-1790545499123-0.jpg?v=1790545501,https://cdn.shopify.com/s/files/1/0965/9354/3474/files/img-1790545500119-1.jpg?v=1790545501
Liga Portuguesa,Porto,Camiseta FC Porto 97/99 Local Retro,https://camisetasdefutbol.com.co/products/camiseta-fc-porto-97-99-local-retro,120000,,https://cdn.shopify.com/s/files/1/0965/9354/3474/files/img-1780727579107-0.jpg?v=1780727583,https://cdn.shopify.com/s/files/1/0965/9354/3474/files/img-1780727580972-1.jpg?v=1780727583
Liga Portuguesa,Porto,Camiseta FC Porto 97/99 Visitante Retro,https://camisetasdefutbol.com.co/products/camiseta-fc-porto-97-99-visitante-retro,120000,,https://cdn.shopify.com/s/files/1/0965/9354/3474/files/img-1780727566530-0.jpg?v=1780727570,https://cdn.shopify.com/s/files/1/0965/9354/3474/files/img-1780727567696-1.jpg?v=1780727570
Liga Portuguesa,Porto,Camiseta FC Porto 99/00 Local Retro,https://camisetasdefutbol.com.co/products/camiseta-fc-porto-99-00-local-retro,120000,,https://cdn.shopify.com/s/files/1/0965/9354/3474/files/img-1780727586113-0.jpg?v=1780727589,https://cdn.shopify.com/s/files/1/0965/9354/3474/files/img-1780727587590-1.jpg?v=1780727589
Liga Portuguesa,Porto,Equipación para niños 2026-2027 FC Porto Visitante,https://camisetasdefutbol.com.co/products/equipacion-para-ninos-2026-2027-fc-porto-visitante,100000,,https://cdn.shopify.com/s/files/1/0965/9354/3474/files/img-1788145099245-0.jpg?v=1788145102,https://cdn.shopify.com/s/files/1/0965/9354/3474/files/img-1788145100619-1.jpg?v=1788145102
Liga Portuguesa,Sporting Lisboa,Camiseta 2025-2026 Sporting Gijon Visitante,https://camisetasdefutbol.com.co/products/camiseta-2025-2026-sporting-gijon-visitante,100000,,https://cdn.shopify.com/s/files/1/0965/9354/3474/files/download_4da0b8fa-a34b-40bd-b123-d65c3b6daf41.jpg?v=1776655147,https://cdn.shopify.com/s/files/1/0965/9354/3474/files/download_af46e2c8-29f2-4a5f-9378-39cf88986c0d.jpg?v=1776655147
Liga Portuguesa,Sporting Lisboa,Camiseta Sporting CP 00/01 Local Retro,https://camisetasdefutbol.com.co/products/camiseta-sporting-cp-00-01-local-retro,120000,,https://cdn.shopify.com/s/files/1/0965/9354/3474/files/img-1790545419096-0.jpg?v=1790545421,https://cdn.shopify.com/s/files/1/0965/9354/3474/files/img-1790545420000-1.jpg?v=1790545421
Liga Portuguesa,Sporting Lisboa,Camiseta Sporting CP 02/03 Tercera Retro,https://camisetasdefutbol.com.co/products/camiseta-sporting-cp-02-03-tercera-retro,120000,,https://cdn.shopify.com/s/files/1/0965/9354/3474/files/img-1790545413505-0.jpg?v=1790545415,https://cdn.shopify.com/s/files/1/0965/9354/3474/files/img-1790545414410-1.jpg?v=1790545415
Liga Portuguesa,Sporting Lisboa,Camiseta Sporting CP 02/03 Visitante Retro,https://camisetasdefutbol.com.co/products/camiseta-sporting-cp-02-03-visitante-retro,120000,,https://cdn.shopify.com/s/files/1/0965/9354/3474/files/img-1787023935840-0.jpg?v=1787023939,https://cdn.shopify.com/s/files/1/0965/9354/3474/files/img-1787023937127-1.jpg?v=1787023939
Liga Portuguesa,Sporting Lisboa,Camiseta Sporting CP 03/04 Local Retro,https://camisetasdefutbol.com.co/products/camiseta-sporting-cp-03-04-local-retro,120000,,https://cdn.shopify.com/s/files/1/0965/9354/3474/files/img-1786685101578-0.jpg?v=1786685105,https://cdn.shopify.com/s/files/1/0965/9354/3474/files/img-1786685102623-1.jpg?v=1786685104
Liga Portuguesa,Sporting Lisboa,Camiseta Sporting CP 03/04 Visitante Retro,https://camisetasdefutbol.com.co/products/camiseta-sporting-cp-03-04-visitante-retro,120000,,https://cdn.shopify.com/s/files/1/0965/9354/3474/files/img-1787023941807-0.jpg?v=1787023945,https://cdn.shopify.com/s/files/1/0965/9354/3474/files/img-1787023943126-1.jpg?v=1787023945
Liga Portuguesa,Sporting Lisboa,Camiseta Sporting CP 18/19 Local Retro,https://camisetasdefutbol.com.co/products/camiseta-sporting-cp-18-19-local-retro,120000,,https://cdn.shopify.com/s/files/1/0965/9354/3474/files/img-1787023928963-0.jpg?v=1787023932,https://cdn.shopify.com/s/files/1/0965/9354/3474/files/img-1787023930316-1.jpg?v=1787023932
Liga Portuguesa,Sporting Lisboa,"Camiseta Sporting CP 22/23 Local, Versión Jugador",https://camisetasdefutbol.com.co/products/camiseta-sporting-cp-22-23-local-version-jugador,110000,,https://cdn.shopify.com/s/files/1/0965/9354/3474/files/img-1783730048900-0.jpg?v=1783730053,https://cdn.shopify.com/s/files/1/0965/9354/3474/files/img-1783730050648-1.jpg?v=1783730053
Liga Portuguesa,Sporting Lisboa,"Camiseta Sporting CP 22/23 Visitante, Versión Jugador",https://camisetasdefutbol.com.co/products/camiseta-sporting-cp-22-23-visitante-version-jugador,110000,,https://cdn.shopify.com/s/files/1/0965/9354/3474/files/img-1783730337681-0.jpg?v=1783730341,https://cdn.shopify.com/s/files/1/0965/9354/3474/files/img-1783730339319-1.jpg?v=1783730341
Liga Portuguesa,Sporting Lisboa,Camiseta Sporting CP 25/26 Local,https://camisetasdefutbol.com.co/products/camiseta-sporting-cp-25-26-local,100000,,https://cdn.shopify.com/s/files/1/0965/9354/3474/files/download_13bd39eb-8421-455a-b0e7-6dedc11c69e4.jpg?v=1776655151,https://cdn.shopify.com/s/files/1/0965/9354/3474/files/download_62cf045b-4d5d-4bd5-af46-cda1e79e213c.jpg?v=1776655151
Liga Portuguesa,Sporting Lisboa,"Camiseta Sporting CP 25/26 Tercera, Versión Jugador",https://camisetasdefutbol.com.co/products/camiseta-sporting-cp-25-26-tercera-version-jugador,110000,,https://cdn.shopify.com/s/files/1/0965/9354/3474/files/img-1783732394454-0.jpg?v=1783732397,https://cdn.shopify.com/s/files/1/0965/9354/3474/files/img-1783732395465-1.jpg?v=1783732397
Liga Portuguesa,Sporting Lisboa,"Camiseta Sporting CP 25/26 Visitante, Versión Jugador",https://camisetasdefutbol.com.co/products/camiseta-sporting-cp-25-26-visitante-version-jugador,110000,,https://cdn.shopify.com/s/files/1/0965/9354/3474/files/img-1783732345348-0.jpg?v=1783732349,https://cdn.shopify.com/s/files/1/0965/9354/3474/files/img-1783732346989-1.jpg?v=1783732349
Liga Portuguesa,Sporting Lisboa,Camiseta Sporting CP 26/27 120 Aniversario,https://camisetasdefutbol.com.co/products/camiseta-sporting-cp-26-27-120-aniversario,100000,,https://cdn.shopify.com/s/files/1/0965/9354/3474/files/img-1787112457649-0.jpg?v=1787112462,https://cdn.shopify.com/s/files/1/0965/9354/3474/files/img-1787112459698-1.jpg?v=1787112462
Liga Portuguesa,Sporting Lisboa,Camiseta Sporting CP 26/27 Local,https://camisetasdefutbol.com.co/products/camiseta-sporting-cp-26-27-local,100000,,https://cdn.shopify.com/s/files/1/0965/9354/3474/files/img-1786161733824-0.jpg?v=1786161737,https://cdn.shopify.com/s/files/1/0965/9354/3474/files/img-1786161735052-1.jpg?v=1786161737
Liga Portuguesa,Sporting Lisboa,Camiseta Sporting CP 26/27 Visitante,https://camisetasdefutbol.com.co/products/camiseta-sporting-cp-26-27-visitante,100000,,https://cdn.shopify.com/s/files/1/0965/9354/3474/files/img-1789856713431-0.jpg?v=1789856716,https://cdn.shopify.com/s/files/1/0965/9354/3474/files/img-1789856714460-1.jpg?v=1789856716
Liga Portuguesa,Sporting Lisboa,Camiseta Sporting CP 94/95 Tercera Retro,https://camisetasdefutbol.com.co/products/camiseta-sporting-cp-94-95-tercera-retro,120000,,https://cdn.shopify.com/s/files/1/0965/9354/3474/files/img-1784483417418-0.jpg?v=1784483420,https://cdn.shopify.com/s/files/1/0965/9354/3474/files/img-1784483418433-1.jpg?v=1784483420
Liga Portuguesa,Sporting Lisboa,Camiseta Sporting CP 94/95 Visitante Retro,https://camisetasdefutbol.com.co/products/camiseta-sporting-cp-94-95-visitante-retro,120000,,https://cdn.shopify.com/s/files/1/0965/9354/3474/files/img-1784483423048-0.jpg?v=1784483426,https://cdn.shopify.com/s/files/1/0965/9354/3474/files/img-1784483424221-1.jpg?v=1784483426
Liga Portuguesa,Sporting Lisboa,Camiseta Sporting CP 98/99 Local Retro,https://camisetasdefutbol.com.co/products/camiseta-sporting-cp-98-99-local-retro,120000,,https://cdn.shopify.com/s/files/1/0965/9354/3474/files/img-1790545039311-0.jpg?v=1790545041,https://cdn.shopify.com/s/files/1/0965/9354/3474/files/img-1790545040663-1.jpg?v=1790545041
Liga Portuguesa,Sporting Lisboa,Camiseta Sporting de Gijón 08/09 Local Retro,https://camisetasdefutbol.com.co/products/camiseta-sporting-de-gijon-08-09-local-retro,120000,,https://cdn.shopify.com/s/files/1/0965/9354/3474/files/img-1790546238748-0.jpg?v=1790546240,https://cdn.shopify.com/s/files/1/0965/9354/3474/files/img-1790546239750-1.jpg?v=1790546240
Liga Portuguesa,Sporting Lisboa,Camiseta Sporting de Gijón 15/16 Visitante Retro,https://camisetasdefutbol.com.co/products/camiseta-sporting-de-gijon-15-16-visitante-retro,120000,,https://cdn.shopify.com/s/files/1/0965/9354/3474/files/img-1790546232415-0.jpg?v=1790546234,https://cdn.shopify.com/s/files/1/0965/9354/3474/files/img-1790546233742-1.jpg?v=1790546234
Liga Portuguesa,Sporting Lisboa,Camiseta Sporting de Gijón 26/27 Local,https://camisetasdefutbol.com.co/products/camiseta-sporting-de-gijon-26-27-local,100000,,https://cdn.shopify.com/s/files/1/0965/9354/3474/files/img-1787112411678-0.jpg?v=1787112415,https://cdn.shopify.com/s/files/1/0965/9354/3474/files/img-1787112412887-1.jpg?v=1787112415
Liga Portuguesa,Sporting Lisboa,Camiseta Sporting de Gijón 26/27 Tercera,https://camisetasdefutbol.com.co/products/camiseta-sporting-de-gijon-26-27-tercera,100000,,https://cdn.shopify.com/s/files/1/0965/9354/3474/files/img-1789856816897-0.jpg?v=1789856819,https://cdn.shopify.com/s/files/1/0965/9354/3474/files/img-1789856818343-1.jpg?v=1789856820
Liga Portuguesa,Sporting Lisboa,Camiseta Sporting de Gijón 95/96 Local Retro,https://camisetasdefutbol.com.co/products/camiseta-sporting-de-gijon-95-96-local-retro,120000,,https://cdn.shopify.com/s/files/1/0965/9354/3474/files/img-1781536442985-0.jpg?v=1781536447,https://cdn.shopify.com/s/files/1/0965/9354/3474/files/img-1781536444441-1.jpg?v=1781536446
Liga Portuguesa,Sporting Lisboa,Camiseta Sporting de Lisboa 94/95 Tercera Retro,https://camisetasdefutbol.com.co/products/camiseta-sporting-de-lisboa-94-95-tercera-retro,120000,,https://cdn.shopify.com/s/files/1/0965/9354/3474/files/img-1781536360023-0.jpg?v=1781536366,https://cdn.shopify.com/s/files/1/0965/9354/3474/files/img-1781536364572-1.jpg?v=1781536366
Liga Portuguesa,Sporting Lisboa,Rompevientos Sporting CP 25/26 Gris,https://camisetasdefutbol.com.co/products/rompevientos-sporting-cp-25-26-gris,250000,,https://cdn.shopify.com/s/files/1/0965/9354/3474/files/img-1786161631066-0.jpg?v=1786161634,https://cdn.shopify.com/s/files/1/0965/9354/3474/files/img-1786161632705-1.jpg?v=1786161635
Liga Portuguesa,Sporting Lisboa,Rompevientos Sporting de Lisboa 02/03 Retro,https://camisetasdefutbol.com.co/products/rompevientos-sporting-de-lisboa-02-03-retro,250000,,https://cdn.shopify.com/s/files/1/0965/9354/3474/files/img-1782189895518-0.jpg?v=1782189900,https://cdn.shopify.com/s/files/1/0965/9354/3474/files/img-1782189898488-1.jpg?v=1782189900
Liga Mexicana,Atlante,"Camiseta Atlante 26/27 Local, Versión Jugador",https://camisetasdefutbol.com.co/products/camiseta-atlante-26-27-local-version-jugador,110000,,https://cdn.shopify.com/s/files/1/0965/9354/3474/files/img-1790545287928-0.jpg?v=1790545290,https://cdn.shopify.com/s/files/1/0965/9354/3474/files/img-1790545289691-1.jpg?v=1790545290
Liga Mexicana,Atlante,"Camiseta Atlante 26/27 Visitante, Versión Jugador",https://camisetasdefutbol.com.co/products/camiseta-atlante-26-27-visitante-version-jugador,110000,,https://cdn.shopify.com/s/files/1/0965/9354/3474/files/img-1790545294987-0.jpg?v=1790545297,https://cdn.shopify.com/s/files/1/0965/9354/3474/files/img-1790545295882-1.jpg?v=1790545297
Liga Mexicana,Atlético San Luis,"Camiseta Atlético San Luis 26/27 Local, Versión Jugador",https://camisetasdefutbol.com.co/products/camiseta-atletico-san-luis-26-27-local-version-jugador,110000,,https://cdn.shopify.com/s/files/1/0965/9354/3474/files/img-1790545280172-0.jpg?v=1790545282,https://cdn.shopify.com/s/files/1/0965/9354/3474/files/img-1790545281284-1.jpg?v=1790545282
Liga Mexicana,Chivas,Camiseta Chivas Guadalajara 06/07 Local Retro,https://camisetasdefutbol.com.co/products/camiseta-chivas-guadalajara-06-07-local-retro,120000,,https://cdn.shopify.com/s/files/1/0965/9354/3474/files/img-1790545803449-0.jpg?v=1790545806,https://cdn.shopify.com/s/files/1/0965/9354/3474/files/img-1790545804808-1.jpg?v=1790545806
Liga Mexicana,Chivas,Camiseta Chivas Guadalajara 06/07 Visitante Retro,https://camisetasdefutbol.com.co/products/camiseta-chivas-guadalajara-06-07-visitante-retro,120000,,https://cdn.shopify.com/s/files/1/0965/9354/3474/files/img-1790545810131-0.jpg?v=1790545812,https://cdn.shopify.com/s/files/1/0965/9354/3474/files/img-1790545811082-1.jpg?v=1790545812
Liga Mexicana,Chivas,Camiseta Chivas Guadalajara 10/11 Local Retro,https://camisetasdefutbol.com.co/products/camiseta-chivas-guadalajara-10-11-local-retro,120000,,https://cdn.shopify.com/s/files/1/0965/9354/3474/files/img-1784483461161-0.jpg?v=1784483464,https://cdn.shopify.com/s/files/1/0965/9354/3474/files/img-1784483462402-1.jpg?v=1784483464
Liga Mexicana,Chivas,"Camiseta Chivas Guadalajara 26/27 Local Manga Larga, Versión Jugador",https://camisetasdefutbol.com.co/products/camiseta-chivas-guadalajara-26-27-local-manga-larga-version-jugador,125000,,https://cdn.shopify.com/s/files/1/0965/9354/3474/files/img-1790545186144-0.jpg?v=1790545189,https://cdn.shopify.com/s/files/1/0965/9354/3474/files/img-1790545187745-1.jpg?v=1790545189
Liga Mexicana,Chivas,"Camiseta Chivas Guadalajara 26/27 Local, Versión Jugador",https://camisetasdefutbol.com.co/products/camiseta-chivas-guadalajara-26-27-local-version-jugador,110000,,https://cdn.shopify.com/s/files/1/0965/9354/3474/files/img-1789258037243-0.jpg?v=1789258040,https://cdn.shopify.com/s/files/1/0965/9354/3474/files/img-1789258038275-1.jpg?v=1789258040
Liga Mexicana,Chivas,Camiseta Chivas Guadalajara 26/27 Tercera,https://camisetasdefutbol.com.co/products/camiseta-chivas-guadalajara-26-27-tercera,100000,,https://cdn.shopify.com/s/files/1/0965/9354/3474/files/img-1790545797144-0.jpg?v=1790545799,https://cdn.shopify.com/s/files/1/0965/9354/3474/files/img-1790545798478-1.jpg?v=1790545799
Liga Mexicana,Chivas,Camiseta Chivas Guadalajara 26/27 Tercera Manga Larga,https://camisetasdefutbol.com.co/products/camiseta-chivas-guadalajara-26-27-tercera-manga-larga,115000,,https://cdn.shopify.com/s/files/1/0965/9354/3474/files/img-1789258678818-0.jpg?v=1789258682,https://cdn.shopify.com/s/files/1/0965/9354/3474/files/img-1789258679883-1.jpg?v=1789258682
Liga Mexicana,Chivas,Camiseta Chivas Guadalajara 26/27 Visitante,https://camisetasdefutbol.com.co/products/camiseta-chivas-guadalajara-26-27-visitante,100000,,https://cdn.shopify.com/s/files/1/0965/9354/3474/files/img-1789258368924-0.jpg?v=1789258372,https://cdn.shopify.com/s/files/1/0965/9354/3474/files/img-1789258370082-1.jpg?v=1789258372
Liga Mexicana,Chivas,"Camiseta Chivas Guadalajara 26/27 Visitante Manga Larga, Versión Jugador",https://camisetasdefutbol.com.co/products/camiseta-chivas-guadalajara-26-27-visitante-manga-larga-version-jugador,125000,,https://cdn.shopify.com/s/files/1/0965/9354/3474/files/img-1790545192956-0.jpg?v=1790545195,https://cdn.shopify.com/s/files/1/0965/9354/3474/files/img-1790545194423-1.jpg?v=1790545195
Liga Mexicana,Chivas,"Camiseta Chivas Guadalajara 26/27 Visitante, Versión Jugador",https://camisetasdefutbol.com.co/products/camiseta-chivas-guadalajara-26-27-visitante-version-jugador,110000,,https://cdn.shopify.com/s/files/1/0965/9354/3474/files/img-1787112544743-0.jpg?v=1787112548,https://cdn.shopify.com/s/files/1/0965/9354/3474/files/img-1787112546222-1.jpg?v=1787112548
Liga Mexicana,Chivas,Camiseta Chivas Guadalajara 92/93 Local Retro,https://camisetasdefutbol.com.co/products/camiseta-chivas-guadalajara-92-93-local-retro,120000,,https://cdn.shopify.com/s/files/1/0965/9354/3474/files/img-1781536727607-0.jpg?v=1781536732,https://cdn.shopify.com/s/files/1/0965/9354/3474/files/img-1781536730132-1.jpg?v=1781536732
Liga Mexicana,Chivas,Camiseta Chivas Guadalajara 94/95 Local Retro,https://camisetasdefutbol.com.co/products/camiseta-chivas-guadalajara-94-95-local-retro,120000,,https://cdn.shopify.com/s/files/1/0965/9354/3474/files/img-1790545791533-0.jpg?v=1790545793,https://cdn.shopify.com/s/files/1/0965/9354/3474/files/img-1790545792555-1.jpg?v=1790545793
Liga Mexicana,Chivas,Camiseta Chivas Guadalajara 97/98 Visitante Retro,https://camisetasdefutbol.com.co/products/camiseta-chivas-guadalajara-97-98-visitante-retro,120000,,https://cdn.shopify.com/s/files/1/0965/9354/3474/files/img-1790545785828-0.jpg?v=1790545787,https://cdn.shopify.com/s/files/1/0965/9354/3474/files/img-1790545786831-1.jpg?v=1790545787
Liga Mexicana,Chivas,Camiseta Chivas Guadalajara 99/00 Local Retro,https://camisetasdefutbol.com.co/products/camiseta-chivas-guadalajara-99-00-local-retro,120000,,https://cdn.shopify.com/s/files/1/0965/9354/3474/files/img-1786685123610-0.jpg?v=1786685127,https://cdn.shopify.com/s/files/1/0965/9354/3474/files/img-1786685125342-1.jpg?v=1786685127
Liga Mexicana,Chivas,Rompevientos Chivas Guadalajara 2026 Azul Marino,https://camisetasdefutbol.com.co/products/rompevientos-chivas-guadalajara-2026-azul-marino,250000,,https://cdn.shopify.com/s/files/1/0965/9354/3474/files/img-1786161644615-0.jpg?v=1786161647,https://cdn.shopify.com/s/files/1/0965/9354/3474/files/img-1786161645533-1.jpg?v=1786161647
Liga Mexicana,Club América,Camiseta Club América 06/07 Local Retro,https://camisetasdefutbol.com.co/products/camiseta-club-america-06-07-local-retro,120000,,https://cdn.shopify.com/s/files/1/0965/9354/3474/files/img-1784483530079-0.jpg?v=1784483533,https://cdn.shopify.com/s/files/1/0965/9354/3474/files/img-1784483531453-1.jpg?v=1784483533
Liga Mexicana,Club América,Camiseta Club América 07/08 Local Retro,https://camisetasdefutbol.com.co/products/camiseta-club-america-07-08-local-retro,120000,,https://cdn.shopify.com/s/files/1/0965/9354/3474/files/img-1781536736379-0.jpg?v=1781536739,https://cdn.shopify.com/s/files/1/0965/9354/3474/files/img-1781536737723-1.jpg?v=1781536739
Liga Mexicana,Club América,Camiseta Club América 07/08 Visitante Retro,https://camisetasdefutbol.com.co/products/camiseta-club-america-07-08-visitante-retro,120000,,https://cdn.shopify.com/s/files/1/0965/9354/3474/files/img-1784483522637-0.jpg?v=1784483526,https://cdn.shopify.com/s/files/1/0965/9354/3474/files/img-1784483523932-1.jpg?v=1784483526
Liga Mexicana,Club América,Camiseta Club América 13/14 Local Retro,https://camisetasdefutbol.com.co/products/camiseta-club-america-13-14-local-retro,120000,,https://cdn.shopify.com/s/files/1/0965/9354/3474/files/img-1790545779938-0.jpg?v=1790545782,https://cdn.shopify.com/s/files/1/0965/9354/3474/files/img-1790545780884-1.jpg?v=1790545781
Liga Mexicana,Club América,"Camiseta Club América 26/27 Local Manga Larga, Versión Jugador",https://camisetasdefutbol.com.co/products/camiseta-club-america-26-27-local-manga-larga-version-jugador,125000,,https://cdn.shopify.com/s/files/1/0965/9354/3474/files/img-1784695918995-0.jpg?v=1784695922,https://cdn.shopify.com/s/files/1/0965/9354/3474/files/img-1784695920462-1.jpg?v=1784695922
Liga Mexicana,Club América,"Camiseta Club América 26/27 Local, Versión Jugador",https://camisetasdefutbol.com.co/products/camiseta-club-america-26-27-local-version-jugador,110000,,https://cdn.shopify.com/s/files/1/0965/9354/3474/files/img-1789258400167-0.jpg?v=1789258403,https://cdn.shopify.com/s/files/1/0965/9354/3474/files/img-1789258401183-1.jpg?v=1789258403
Liga Mexicana,Club América,"Camiseta Club América 26/27 Visitante, Versión Jugador",https://camisetasdefutbol.com.co/products/camiseta-club-america-26-27-visitante-version-jugador,110000,,https://cdn.shopify.com/s/files/1/0965/9354/3474/files/img-1783732188130-0.jpg?v=1783732191,https://cdn.shopify.com/s/files/1/0965/9354/3474/files/img-1783732189200-1.jpg?v=1783732191
Liga Mexicana,Cruz Azul,Camiseta Cruz Azul 1998 Local Retro,https://camisetasdefutbol.com.co/products/camiseta-cruz-azul-1998-local-retro,120000,,https://cdn.shopify.com/s/files/1/0965/9354/3474/files/img-1784483496124-0.jpg?v=1784483499,https://cdn.shopify.com/s/files/1/0965/9354/3474/files/img-1784483497274-1.jpg?v=1784483499
Liga Mexicana,Cruz Azul,Camiseta Cruz Azul 1998 Tercera Retro,https://camisetasdefutbol.com.co/products/camiseta-cruz-azul-1998-tercera-retro,120000,,https://cdn.shopify.com/s/files/1/0965/9354/3474/files/img-1781536743335-0.jpg?v=1781536747,https://cdn.shopify.com/s/files/1/0965/9354/3474/files/img-1781536745107-1.jpg?v=1781536747
Liga Mexicana,Cruz Azul,Camiseta Cruz Azul 1998 Visitante Retro,https://camisetasdefutbol.com.co/products/camiseta-cruz-azul-1998-visitante-retro,120000,,https://cdn.shopify.com/s/files/1/0965/9354/3474/files/img-1784483502299-0.jpg?v=1784483505,https://cdn.shopify.com/s/files/1/0965/9354/3474/files/img-1784483503426-1.jpg?v=1784483505
Liga Mexicana,Cruz Azul,"Camiseta Cruz Azul 25/26 Local, Versión Jugador",https://camisetasdefutbol.com.co/products/camiseta-cruz-azul-25-26-local-version-jugador,110000,,https://cdn.shopify.com/s/files/1/0965/9354/3474/files/img-1783732420247-0.jpg?v=1783732423,https://cdn.shopify.com/s/files/1/0965/9354/3474/files/img-1783732421787-1.jpg?v=1783732423
Liga Mexicana,Cruz Azul,Camiseta Cruz Azul 26/27 Local,https://camisetasdefutbol.com.co/products/camiseta-cruz-azul-26-27-local,100000,,https://cdn.shopify.com/s/files/1/0965/9354/3474/files/img-1789258356119-0.jpg?v=1789258359,https://cdn.shopify.com/s/files/1/0965/9354/3474/files/img-1789258357076-1.jpg?v=1789258359
Liga Mexicana,Cruz Azul,"Camiseta Cruz Azul 26/27 Local Manga Larga, Versión Jugador",https://camisetasdefutbol.com.co/products/camiseta-cruz-azul-26-27-local-manga-larga-version-jugador,125000,,https://cdn.shopify.com/s/files/1/0965/9354/3474/files/img-1790545159092-0.jpg?v=1790545161,https://cdn.shopify.com/s/files/1/0965/9354/3474/files/img-1790545160620-1.jpg?v=1790545161
Liga Mexicana,Cruz Azul,"Camiseta Cruz Azul 26/27 Local, Versión Jugador",https://camisetasdefutbol.com.co/products/camiseta-cruz-azul-26-27-local-version-jugador,110000,,https://cdn.shopify.com/s/files/1/0965/9354/3474/files/img-1789258625798-0.jpg?v=1789258629,https://cdn.shopify.com/s/files/1/0965/9354/3474/files/img-1789258627688-1.jpg?v=1789258630
Liga Mexicana,Cruz Azul,"Camiseta Cruz Azul 26/27 Visitante, Versión Jugador",https://camisetasdefutbol.com.co/products/camiseta-cruz-azul-26-27-visitante-version-jugador,110000,,https://cdn.shopify.com/s/files/1/0965/9354/3474/files/img-1789258361983-0.jpg?v=1789258365,https://cdn.shopify.com/s/files/1/0965/9354/3474/files/img-1789258363426-1.jpg?v=1789258365
Liga Mexicana,Monterrey,Camiseta CF Monterrey 26/27 Local,https://camisetasdefutbol.com.co/products/camiseta-cf-monterrey-26-27-local,100000,,https://cdn.shopify.com/s/files/1/0965/9354/3474/files/img-1789258318752-0.jpg?v=1789258322,https://cdn.shopify.com/s/files/1/0965/9354/3474/files/img-1789258319966-1.jpg?v=1789258322
Liga Mexicana,Pumas UNAM,Camiseta Pumas UNAM 26/27 Local,https://camisetasdefutbol.com.co/products/camiseta-pumas-unam-26-27-local,100000,,https://cdn.shopify.com/s/files/1/0965/9354/3474/files/img-1789258292834-0.jpg?v=1789258296,https://cdn.shopify.com/s/files/1/0965/9354/3474/files/img-1789258293844-1.jpg?v=1789258296
Liga Mexicana,Pumas UNAM,"Camiseta Pumas UNAM 26/27 Local, Versión Jugador",https://camisetasdefutbol.com.co/products/camiseta-pumas-unam-26-27-local-version-jugador,110000,,https://cdn.shopify.com/s/files/1/0965/9354/3474/files/img-1789258618455-0.jpg?v=1789258621,https://cdn.shopify.com/s/files/1/0965/9354/3474/files/img-1789258619676-1.jpg?v=1789258622
Liga Mexicana,Pumas UNAM,Camiseta Pumas UNAM 26/27 Visitante,https://camisetasdefutbol.com.co/products/camiseta-pumas-unam-26-27-visitante,100000,,https://cdn.shopify.com/s/files/1/0965/9354/3474/files/img-1789258286632-0.jpg?v=1789258289,https://cdn.shopify.com/s/files/1/0965/9354/3474/files/img-1789258287580-1.jpg?v=1789258289
Liga Mexicana,Pumas UNAM,"Camiseta Pumas UNAM 26/27 Visitante, Versión Jugador",https://camisetasdefutbol.com.co/products/camiseta-pumas-unam-26-27-visitante-version-jugador,110000,,https://cdn.shopify.com/s/files/1/0965/9354/3474/files/img-1789258633292-0.jpg?v=1789258636,https://cdn.shopify.com/s/files/1/0965/9354/3474/files/img-1789258634513-1.jpg?v=1789258636
Liga Mexicana,Tijuana,Camiseta Club Tijuana 26/27 Local,https://camisetasdefutbol.com.co/products/camiseta-club-tijuana-26-27-local,100000,,https://cdn.shopify.com/s/files/1/0965/9354/3474/files/img-1783228881749-0.jpg?v=1783228885,
Liga Mexicana,Toluca,"Camiseta Deportivo Toluca 26/27 Local, Versión Jugador",https://camisetasdefutbol.com.co/products/camiseta-deportivo-toluca-26-27-local-version-jugador,110000,,https://cdn.shopify.com/s/files/1/0965/9354/3474/files/img-1783229010690-0.jpg?v=1783229014,https://cdn.shopify.com/s/files/1/0965/9354/3474/files/img-1783229011736-1.jpg?v=1783229014
Liga Mexicana,Toluca,Camiseta Deportivo Toluca 98/99 Local Retro,https://camisetasdefutbol.com.co/products/camiseta-deportivo-toluca-98-99-local-retro,120000,,https://cdn.shopify.com/s/files/1/0965/9354/3474/files/img-1783228889657-0.jpg?v=1783228894,https://cdn.shopify.com/s/files/1/0965/9354/3474/files/img-1783228892429-1.jpg?v=1783228894
MLS,Charlotte FC,Camiseta Charlotte FC 26/27 Local,https://camisetasdefutbol.com.co/products/camiseta-charlotte-fc-26-27-local,100000,,https://cdn.shopify.com/s/files/1/0965/9354/3474/files/img-1789258581955-0.jpg?v=1789258585,https://cdn.shopify.com/s/files/1/0965/9354/3474/files/img-1789258582976-1.jpg?v=1789258585
MLS,Inter Miami,"Camiseta Inter Miami 25/26 Tercera, Versión Jugador",https://camisetasdefutbol.com.co/products/camiseta-inter-miami-25-26-tercera-version-jugador,110000,,https://cdn.shopify.com/s/files/1/0965/9354/3474/files/img-1783732439636-0.jpg?v=1783732443,https://cdn.shopify.com/s/files/1/0965/9354/3474/files/img-1783732441016-1.jpg?v=1783732443
MLS,Inter Miami,Camiseta Inter Miami 26/27 Local,https://camisetasdefutbol.com.co/products/camiseta-inter-miami-26-27-local,100000,,https://cdn.shopify.com/s/files/1/0965/9354/3474/files/img-1789258089927-0.jpg?v=1789258093,https://cdn.shopify.com/s/files/1/0965/9354/3474/files/img-1789258091020-1.jpg?v=1789258093
MLS,Inter Miami,"Camiseta Inter Miami 26/27 Local, Versión Jugador",https://camisetasdefutbol.com.co/products/camiseta-inter-miami-26-27-local-version-jugador,110000,,https://cdn.shopify.com/s/files/1/0965/9354/3474/files/img-1790545725369-0.jpg?v=1790545727,https://cdn.shopify.com/s/files/1/0965/9354/3474/files/img-1790545726830-1.jpg?v=1790545728
MLS,Inter Miami,Camiseta Inter Miami 26/27 Tercera,https://camisetasdefutbol.com.co/products/camiseta-inter-miami-26-27-tercera,100000,,https://cdn.shopify.com/s/files/1/0965/9354/3474/files/img-1789258004845-0.jpg?v=1789258008,https://cdn.shopify.com/s/files/1/0965/9354/3474/files/img-1789258006140-1.jpg?v=1789258008
MLS,Inter Miami,"Camiseta Inter Miami 26/27 Tercera, Versión Jugador",https://camisetasdefutbol.com.co/products/camiseta-inter-miami-26-27-tercera-version-jugador,110000,,https://cdn.shopify.com/s/files/1/0965/9354/3474/files/img-1789258605509-0.jpg?v=1789258608,https://cdn.shopify.com/s/files/1/0965/9354/3474/files/img-1789258606552-1.jpg?v=1789258608
MLS,Inter Miami,Camiseta Inter Miami 26/27 Visitante Manga Larga,https://camisetasdefutbol.com.co/products/camiseta-inter-miami-26-27-visitante-manga-larga,115000,,https://cdn.shopify.com/s/files/1/0965/9354/3474/files/img-1790545719620-0.jpg?v=1790545721,
MLS,Inter Miami,"Camiseta Inter Miami 26/27 Visitante, Versión Jugador",https://camisetasdefutbol.com.co/products/camiseta-inter-miami-26-27-visitante-version-jugador,110000,,https://cdn.shopify.com/s/files/1/0965/9354/3474/files/img-1783732256887-0.jpg?v=1783732260,https://cdn.shopify.com/s/files/1/0965/9354/3474/files/img-1783732257858-1.jpg?v=1783732260
MLS,LA Galaxy,Camiseta 2025-2026 Galaxy Los Angeles Visitante,https://camisetasdefutbol.com.co/products/camiseta-2025-2026-galaxy-los-angeles-visitante,100000,,https://cdn.shopify.com/s/files/1/0965/9354/3474/files/download_f036cc3b-4cab-4b47-bd7f-d556e1db44aa.jpg?v=1776654967,https://cdn.shopify.com/s/files/1/0965/9354/3474/files/download_36c777d3-07ca-4daa-b6ec-72d3018ab8b7.jpg?v=1776654966
MLS,LA Galaxy,Camiseta LA Galaxy 26/27 Local,https://camisetasdefutbol.com.co/products/camiseta-la-galaxy-26-27-local,100000,,https://cdn.shopify.com/s/files/1/0965/9354/3474/files/img-1790545713685-0.jpg?v=1790545715,https://cdn.shopify.com/s/files/1/0965/9354/3474/files/img-1790545714698-1.jpg?v=1790545715
Selecciones,Albania,Camiseta Albania 2026 Local,https://camisetasdefutbol.com.co/products/camiseta-albania-2026-local,100000,,https://cdn.shopify.com/s/files/1/0965/9354/3474/files/img-1789258704183-0.jpg?v=1789258707,https://cdn.shopify.com/s/files/1/0965/9354/3474/files/img-1789258705109-1.jpg?v=1789258707
Selecciones,Alemania,Camiseta Alemania 1988 Local Retro,https://camisetasdefutbol.com.co/products/camiseta-alemania-1988-local-retro,120000,,https://cdn.shopify.com/s/files/1/0965/9354/3474/files/img-1781503051953-0.jpg?v=1781503055,https://cdn.shopify.com/s/files/1/0965/9354/3474/files/img-1781503053595-1.jpg?v=1781503055
Selecciones,Alemania,Camiseta Alemania 1998 Local Retro,https://camisetasdefutbol.com.co/products/camiseta-alemania-1998-local-retro,120000,,https://cdn.shopify.com/s/files/1/0965/9354/3474/files/img-1780748492127-0.jpg?v=1780748497,https://cdn.shopify.com/s/files/1/0965/9354/3474/files/img-1780748495664-1.jpg?v=1780748498
Selecciones,Alemania,Camiseta Alemania 2006 Visitante Retro,https://camisetasdefutbol.com.co/products/camiseta-alemania-2006-visitante-retro,120000,,https://cdn.shopify.com/s/files/1/0965/9354/3474/files/img-1786161957674-0.jpg?v=1786161960,https://cdn.shopify.com/s/files/1/0965/9354/3474/files/img-1786161958837-1.jpg?v=1786161960
Selecciones,Alemania,Camiseta Alemania 2014 Local Retro,https://camisetasdefutbol.com.co/products/camiseta-alemania-2014-local-retro,120000,,https://cdn.shopify.com/s/files/1/0965/9354/3474/files/img-1780748445835-0.jpg?v=1780748450,https://cdn.shopify.com/s/files/1/0965/9354/3474/files/img-1780748447976-1.jpg?v=1780748450
Selecciones,Alemania,Camiseta Alemania 2020 Local Retro,https://camisetasdefutbol.com.co/products/camiseta-alemania-2020-local-retro,120000,,https://cdn.shopify.com/s/files/1/0965/9354/3474/files/img-1780748319740-0.jpg?v=1780748323,https://cdn.shopify.com/s/files/1/0965/9354/3474/files/img-1780748321059-1.jpg?v=1780748323
Selecciones,Alemania,"Camiseta Alemania 2022 Local, Versión Jugador",https://camisetasdefutbol.com.co/products/camiseta-alemania-2022-local-version-jugador,110000,,https://cdn.shopify.com/s/files/1/0965/9354/3474/files/img-1783730273921-0.jpg?v=1783730278,https://cdn.shopify.com/s/files/1/0965/9354/3474/files/img-1783730276375-1.jpg?v=1783730278
Selecciones,Alemania,Camiseta Alemania 26/27 Edición Especial Negro Originals,https://camisetasdefutbol.com.co/products/camiseta-alemania-26-27-edicion-especial-negro-originals,100000,,https://cdn.shopify.com/s/files/1/0965/9354/3474/files/img-1780758825411-0.jpg?v=1780758829,https://cdn.shopify.com/s/files/1/0965/9354/3474/files/img-1780758827476-1.jpg?v=1780758829
Selecciones,Alemania,Rompevientos Alemania 2026 Blanco,https://camisetasdefutbol.com.co/products/rompevientos-alemania-2026-blanco,250000,,https://cdn.shopify.com/s/files/1/0965/9354/3474/files/img-1782189815752-0.jpg?v=1782189819,https://cdn.shopify.com/s/files/1/0965/9354/3474/files/img-1782189817254-1.jpg?v=1782189819
Selecciones,Arabia Saudita,Camiseta Arabia Saudita 2026 Visitante,https://camisetasdefutbol.com.co/products/camiseta-arabia-saudita-2026-visitante,100000,,https://cdn.shopify.com/s/files/1/0965/9354/3474/files/Camiseta_Arabia_Saudita_2026_Visitante_front.jpg?v=1779153700,https://cdn.shopify.com/s/files/1/0965/9354/3474/files/Camiseta_Arabia_Saudita_2026_Visitante_back.jpg?v=1779153702
Selecciones,Arabia Saudita,"Camiseta Arabia Saudita 2026 Visitante, Versión Jugador",https://camisetasdefutbol.com.co/products/camiseta-arabia-saudita-2026-visitante-version-jugador,110000,,https://cdn.shopify.com/s/files/1/0965/9354/3474/files/img-1780758984153-0.jpg?v=1780758987,https://cdn.shopify.com/s/files/1/0965/9354/3474/files/img-1780758984873-1.jpg?v=1780758987
Selecciones,Argentina,Camiseta 2022 Argentina Mundial Visitante,https://camisetasdefutbol.com.co/products/2022-argentina-camiseta-visitante,120000,,https://cdn.shopify.com/s/files/1/0965/9354/3474/files/download_a6dc7d2e-2b2f-4aa5-b9d9-043103d63139.jpg?v=1776654801,https://cdn.shopify.com/s/files/1/0965/9354/3474/files/download_421b423a-e73f-4a1e-bc4b-e6ac5ad785b7.jpg?v=1776654801
Selecciones,Argentina,Camiseta Argentina 00/01 Local Retro,https://camisetasdefutbol.com.co/products/camiseta-argentina-00-01-local-retro,120000,,https://cdn.shopify.com/s/files/1/0965/9354/3474/files/img-1781502016008-0.jpg?v=1781502019,https://cdn.shopify.com/s/files/1/0965/9354/3474/files/img-1781502017334-1.jpg?v=1781502019
Selecciones,Argentina,Camiseta Argentina 08/10 Local Retro,https://camisetasdefutbol.com.co/products/camiseta-argentina-08-10-local-retro,120000,,https://cdn.shopify.com/s/files/1/0965/9354/3474/files/img-1781502034101-0.jpg?v=1781502039,https://cdn.shopify.com/s/files/1/0965/9354/3474/files/img-1781502037148-1.jpg?v=1781502039
Selecciones,Argentina,Camiseta Argentina 1986 Local Manga Larga Retro,https://camisetasdefutbol.com.co/products/camiseta-argentina-1986-local-manga-larga-retro,140000,,https://cdn.shopify.com/s/files/1/0965/9354/3474/files/download_087c57fb-c35b-443f-bec0-202cabfb696b.jpg?v=1776655355,https://cdn.shopify.com/s/files/1/0965/9354/3474/files/download_6e0aa19e-148f-4422-a497-a366789e412b.jpg?v=1776655355
Selecciones,Argentina,Camiseta Argentina 1994 Visitante Manga Larga Retro,https://camisetasdefutbol.com.co/products/camiseta-argentina-1994-visitante-manga-larga-retro,135000,,https://cdn.shopify.com/s/files/1/0965/9354/3474/files/img-1788752165615-0.jpg?v=1788752168,https://cdn.shopify.com/s/files/1/0965/9354/3474/files/img-1788752166824-1.jpg?v=1788752168
Selecciones,Argentina,Camiseta Argentina 1994 Visitante Retro,https://camisetasdefutbol.com.co/products/camiseta-argentina-1994-visitante-retro,120000,,https://cdn.shopify.com/s/files/1/0965/9354/3474/files/img-1780746387306-0.jpg?v=1780746391,https://cdn.shopify.com/s/files/1/0965/9354/3474/files/img-1780746389498-1.jpg?v=1780746392
Selecciones,Argentina,Camiseta Argentina 1998 Local Manga Larga Retro,https://camisetasdefutbol.com.co/products/camiseta-argentina-1998-local-manga-larga-retro,135000,,https://cdn.shopify.com/s/files/1/0965/9354/3474/files/download_3d9734de-ac4d-49fb-9b50-755b499771b0.jpg?v=1776655361,https://cdn.shopify.com/s/files/1/0965/9354/3474/files/download_05020237-2bde-4276-b815-05558de5e780.jpg?v=1776655361
Selecciones,Argentina,Camiseta Argentina 2002 Visitante Retro,https://camisetasdefutbol.com.co/products/camiseta-argentina-2002-visitante-retro,120000,,https://cdn.shopify.com/s/files/1/0965/9354/3474/files/img-1781502050253-0.jpg?v=1781502053,https://cdn.shopify.com/s/files/1/0965/9354/3474/files/img-1781502051504-1.jpg?v=1781502053
Selecciones,Argentina,Camiseta Argentina 2006 Visitante Retro,https://camisetasdefutbol.com.co/products/camiseta-argentina-2006-visitante-retro,120000,,https://cdn.shopify.com/s/files/1/0965/9354/3474/files/img-1780746406508-0.jpg?v=1780746410,https://cdn.shopify.com/s/files/1/0965/9354/3474/files/img-1780746408224-1.jpg?v=1780746410
Selecciones,Argentina,Camiseta Argentina 2014 Local Retro,https://camisetasdefutbol.com.co/products/camiseta-argentina-2014-local-retro,120000,,https://cdn.shopify.com/s/files/1/0965/9354/3474/files/img-1780746415863-0.jpg?v=1780746420,https://cdn.shopify.com/s/files/1/0965/9354/3474/files/img-1780746418032-1.jpg?v=1780746420
Selecciones,Argentina,Camiseta Argentina 2014 Visitante Retro,https://camisetasdefutbol.com.co/products/camiseta-argentina-2014-visitante-retro,120000,,https://cdn.shopify.com/s/files/1/0965/9354/3474/files/img-1780746398215-0.jpg?v=1780746402,https://cdn.shopify.com/s/files/1/0965/9354/3474/files/img-1780746399714-1.jpg?v=1780746401
Selecciones,Argentina,Camiseta Argentina 2021 Local Retro,https://camisetasdefutbol.com.co/products/camiseta-argentina-2021-local-retro,120000,,https://cdn.shopify.com/s/files/1/0965/9354/3474/files/img-1780746370989-0.jpg?v=1780746374,https://cdn.shopify.com/s/files/1/0965/9354/3474/files/img-1780746372289-1.jpg?v=1780746374
Selecciones,Argentina,Camiseta Argentina 2021 Visitante Retro,https://camisetasdefutbol.com.co/products/camiseta-argentina-2021-visitante-retro,120000,,https://cdn.shopify.com/s/files/1/0965/9354/3474/files/img-1780746380088-0.jpg?v=1780746384,https://cdn.shopify.com/s/files/1/0965/9354/3474/files/img-1780746381955-1.jpg?v=1780746384
Selecciones,Argentina,Camiseta Argentina 2026 Colaboración,https://camisetasdefutbol.com.co/products/camiseta-argentina-2026-colaboracion,100000,,https://cdn.shopify.com/s/files/1/0965/9354/3474/files/img-1787112465171-0.jpg?v=1787112469,https://cdn.shopify.com/s/files/1/0965/9354/3474/files/img-1787112466878-1.jpg?v=1787112469
Selecciones,Argentina,Camiseta Argentina 2026 Portero Negro,https://camisetasdefutbol.com.co/products/camiseta-argentina-2026-portero-negro,110000,,https://cdn.shopify.com/s/files/1/0965/9354/3474/files/img-1783301883437-0.jpg?v=1783301886,https://cdn.shopify.com/s/files/1/0965/9354/3474/files/img-1783301884821-1.jpg?v=1783301886
Selecciones,Argentina,Camiseta Argentina 96/97 Local Retro,https://camisetasdefutbol.com.co/products/camiseta-argentina-96-97-local-retro,120000,,https://cdn.shopify.com/s/files/1/0965/9354/3474/files/img-1781502061668-0.jpg?v=1781502066,https://cdn.shopify.com/s/files/1/0965/9354/3474/files/img-1781502064030-1.jpg?v=1781502065
Selecciones,Argentina,Parche Liga Argentina,https://camisetasdefutbol.com.co/products/parche-liga-argentina,5000,,https://cdn.shopify.com/s/files/1/0965/9354/3474/files/parche-liga-argentina.svg?v=1786921184,
Selecciones,Argentina,Rompevientos Argentina 2006,https://camisetasdefutbol.com.co/products/rompevientos-argentina-2006,250000,,https://cdn.shopify.com/s/files/1/0965/9354/3474/files/img-1782189862034-0.jpg?v=1782189865,https://cdn.shopify.com/s/files/1/0965/9354/3474/files/img-1782189863431-1.jpg?v=1782189865
Selecciones,Austria,Camiseta Austria 2026 Visitante,https://camisetasdefutbol.com.co/products/camiseta-austria-2026-visitante,100000,,https://cdn.shopify.com/s/files/1/0965/9354/3474/files/01238f805bde3ad4b1e193b8d117b1e0.jpg?v=1780547720,
Selecciones,Brasil,Camiseta Brasil 12/13 Local Retro,https://camisetasdefutbol.com.co/products/camiseta-brasil-12-13-local-retro,120000,,https://cdn.shopify.com/s/files/1/0965/9354/3474/files/img-1780746639179-0.jpg?v=1780746642,https://cdn.shopify.com/s/files/1/0965/9354/3474/files/img-1780746640649-1.jpg?v=1780746642
Selecciones,Brasil,Camiseta Brasil 1958 Local Retro,https://camisetasdefutbol.com.co/products/camiseta-brasil-1958-local-retro,120000,,https://cdn.shopify.com/s/files/1/0965/9354/3474/files/img-1788752010383-0.jpg?v=1788752012,https://cdn.shopify.com/s/files/1/0965/9354/3474/files/img-1788752010893-1.jpg?v=1788752012
Selecciones,Brasil,Camiseta Brasil 1958 Local Retro de Pelé,https://camisetasdefutbol.com.co/products/camiseta-brasil-1958-local-retro-de-pele,120000,,https://cdn.shopify.com/s/files/1/0965/9354/3474/files/img-1786684913676-0.jpg?v=1786684917,https://cdn.shopify.com/s/files/1/0965/9354/3474/files/img-1786684914734-1.jpg?v=1786684917
Selecciones,Brasil,Camiseta Brasil 1992 Visitante Retro,https://camisetasdefutbol.com.co/products/camiseta-brasil-1992-visitante-retro,120000,,https://cdn.shopify.com/s/files/1/0965/9354/3474/files/img-1780746647010-0.jpg?v=1780746651,https://cdn.shopify.com/s/files/1/0965/9354/3474/files/img-1780746649201-1.jpg?v=1780746651
Selecciones,Brasil,Camiseta Brasil 1997 Local Retro,https://camisetasdefutbol.com.co/products/camiseta-brasil-1997-local-retro,120000,,https://cdn.shopify.com/s/files/1/0965/9354/3474/files/img-1781502746128-0.jpg?v=1781502750,https://cdn.shopify.com/s/files/1/0965/9354/3474/files/img-1781502747980-1.jpg?v=1781502750
Selecciones,Brasil,Camiseta Brasil 1997 Visitante Retro,https://camisetasdefutbol.com.co/products/camiseta-brasil-1997-visitante-retro,120000,,https://cdn.shopify.com/s/files/1/0965/9354/3474/files/img-1780746564839-0.jpg?v=1780746569,https://cdn.shopify.com/s/files/1/0965/9354/3474/files/img-1780746567182-1.jpg?v=1780746569
Selecciones,Brasil,Camiseta Brasil 1998 Visitante Manga Larga Retro,https://camisetasdefutbol.com.co/products/camiseta-brasil-1998-visitante-manga-larga-retro,135000,,https://cdn.shopify.com/s/files/1/0965/9354/3474/files/download_ecedc2d3-eecd-4534-b097-fee1f2f687df.jpg?v=1776655605,https://cdn.shopify.com/s/files/1/0965/9354/3474/files/download_daaede66-97e0-4308-92d1-3d2953d86bff.jpg?v=1776655605
Selecciones,Brasil,Camiseta Brasil 1998 Visitante Retro,https://camisetasdefutbol.com.co/products/camiseta-brasil-1998-visitante-retro,120000,,https://cdn.shopify.com/s/files/1/0965/9354/3474/files/img-1780760353711-0.jpg?v=1780760357,
Selecciones,Brasil,Camiseta Brasil 2002 Local Manga Larga Retro,https://camisetasdefutbol.com.co/products/camiseta-brasil-2002-local-manga-larga-retro,135000,,https://cdn.shopify.com/s/files/1/0965/9354/3474/files/download_ddc9c619-3e16-4023-8379-8f5472d1ac73.jpg?v=1776655607,https://cdn.shopify.com/s/files/1/0965/9354/3474/files/download_92637151-e3b1-4ef3-90d0-a69f0c17e3c5.jpg?v=1776655607
Selecciones,Brasil,Camiseta Brasil 2014 Local Retro,https://camisetasdefutbol.com.co/products/camiseta-brasil-2014-local-retro,120000,,https://cdn.shopify.com/s/files/1/0965/9354/3474/files/img-1780746681618-0.jpg?v=1780746685,https://cdn.shopify.com/s/files/1/0965/9354/3474/files/img-1780746682861-1.jpg?v=1780746684
Selecciones,Brasil,Camiseta Brasil 2014 Visitante Retro,https://camisetasdefutbol.com.co/products/camiseta-brasil-2014-visitante-retro,120000,,https://cdn.shopify.com/s/files/1/0965/9354/3474/files/img-1780746662878-0.jpg?v=1780746667,https://cdn.shopify.com/s/files/1/0965/9354/3474/files/img-1780746664865-1.jpg?v=1780746667
Selecciones,Brasil,Camiseta Brasil 2018 Local Retro,https://camisetasdefutbol.com.co/products/camiseta-brasil-2018-local-retro,120000,,https://cdn.shopify.com/s/files/1/0965/9354/3474/files/img-1780746558310-0.jpg?v=1780746561,https://cdn.shopify.com/s/files/1/0965/9354/3474/files/img-1780746559596-1.jpg?v=1780746561
Selecciones,Brasil,Camiseta Brasil 2020 Local Retro,https://camisetasdefutbol.com.co/products/camiseta-brasil-2020-local-retro,120000,,https://cdn.shopify.com/s/files/1/0965/9354/3474/files/br2020-66f55d8a.jpg?v=1789954726,https://cdn.shopify.com/s/files/1/0965/9354/3474/files/br2020-831d2ba7.jpg?v=1789954726
Selecciones,Brasil,"Camiseta Brasil 2022 Local, Versión Jugador",https://camisetasdefutbol.com.co/products/camiseta-brasil-2022-local-version-jugador,110000,,https://cdn.shopify.com/s/files/1/0965/9354/3474/files/img-1783730293003-0.jpg?v=1783730297,https://cdn.shopify.com/s/files/1/0965/9354/3474/files/img-1783730294668-1.jpg?v=1783730297
Selecciones,Brasil,Camiseta Brasil 2026 Local,https://camisetasdefutbol.com.co/products/camiseta-brasil-2026-local,100000,,https://cdn.shopify.com/s/files/1/0965/9354/3474/files/download_ffdd179c-ce96-4807-8da0-7dd666edaaf2.jpg?v=1776655600,https://cdn.shopify.com/s/files/1/0965/9354/3474/files/download_a87f9f7f-2575-4f81-b9cd-684620d3a861.jpg?v=1776655600
Selecciones,Brasil,Camiseta Brasil 2026 Versión Jugador Local,https://camisetasdefutbol.com.co/products/camiseta-brasil-2026-jugador,110000,,https://cdn.shopify.com/s/files/1/0965/9354/3474/files/download_a48e3057-b183-4061-a0f5-1ac34c3d7512.jpg?v=1776655602,https://cdn.shopify.com/s/files/1/0965/9354/3474/files/download_16e615d7-9a23-4876-abba-a584be45b445.jpg?v=1776655602
Selecciones,Brasil,Camiseta Brasil 94/96 Visitante Retro,https://camisetasdefutbol.com.co/products/camiseta-brasil-94-96-visitante-retro,120000,,https://cdn.shopify.com/s/files/1/0965/9354/3474/files/img-1780746673047-0.jpg?v=1780746677,https://cdn.shopify.com/s/files/1/0965/9354/3474/files/img-1780746675243-1.jpg?v=1780746677
Selecciones,Brasil,Camiseta Brasil 96/97 Portero Retro Manga Larga,https://camisetasdefutbol.com.co/products/camiseta-brasil-96-97-portero-retro-manga-larga,125000,,https://cdn.shopify.com/s/files/1/0965/9354/3474/files/img-1783301631852-0.jpg?v=1783301635,https://cdn.shopify.com/s/files/1/0965/9354/3474/files/img-1783301633259-1.jpg?v=1783301635
Selecciones,Brasil,Camiseta Brasil Terrace Icons Blanco Retro,https://camisetasdefutbol.com.co/products/camiseta-brasil-terrace-icons-blanco-retro,120000,,https://cdn.shopify.com/s/files/1/0965/9354/3474/files/img-1780746528695-0.jpg?v=1780746532,
Selecciones,Brasil,Rompevientos Brasil 2010 Verde,https://camisetasdefutbol.com.co/products/rompevientos-brasil-2010-verde,250000,,https://cdn.shopify.com/s/files/1/0965/9354/3474/files/img-1782189837347-0.jpg?v=1782189841,https://cdn.shopify.com/s/files/1/0965/9354/3474/files/img-1782189839213-1.jpg?v=1782189841
Selecciones,Brasil,Rompevientos Brasil Amarillo y Azul,https://camisetasdefutbol.com.co/products/rompevientos-brasil-amarillo-y-azul,250000,,https://cdn.shopify.com/s/files/1/0965/9354/3474/files/img-1786161618022-0.jpg?v=1786161621,https://cdn.shopify.com/s/files/1/0965/9354/3474/files/img-1786161619076-1.jpg?v=1786161621
Selecciones,Brasil,Rompevientos Brasil Amarillo y Blanco,https://camisetasdefutbol.com.co/products/rompevientos-brasil-amarillo-y-blanco,250000,,https://cdn.shopify.com/s/files/1/0965/9354/3474/files/img-1786161624185-0.jpg?v=1786161627,https://cdn.shopify.com/s/files/1/0965/9354/3474/files/img-1786161625258-1.jpg?v=1786161627
Selecciones,Bélgica,Camiseta Bélgica 2000 Local Retro,https://camisetasdefutbol.com.co/products/camiseta-belgica-2000-local-retro,120000,,https://cdn.shopify.com/s/files/1/0965/9354/3474/files/img-1786161969060-0.jpg?v=1786161972,https://cdn.shopify.com/s/files/1/0965/9354/3474/files/img-1786161969975-1.jpg?v=1786161972
Selecciones,Bélgica,Camiseta Bélgica 2000 Visitante Retro,https://camisetasdefutbol.com.co/products/camiseta-belgica-2000-visitante-retro,120000,,https://cdn.shopify.com/s/files/1/0965/9354/3474/files/img-1786161934277-0.jpg?v=1786161937,https://cdn.shopify.com/s/files/1/0965/9354/3474/files/img-1786161935151-1.jpg?v=1786161937
Selecciones,Bélgica,Camiseta Bélgica 2002 Local Retro,https://camisetasdefutbol.com.co/products/camiseta-belgica-2002-local-retro,120000,,https://cdn.shopify.com/s/files/1/0965/9354/3474/files/img-1786161981087-0.jpg?v=1786161984,https://cdn.shopify.com/s/files/1/0965/9354/3474/files/img-1786161982600-1.jpg?v=1786161984
Selecciones,Bélgica,"Camiseta Bélgica 2022 Local, Versión Jugador",https://camisetasdefutbol.com.co/products/camiseta-belgica-2022-local-version-jugador,110000,,https://cdn.shopify.com/s/files/1/0965/9354/3474/files/img-1783730282797-0.jpg?v=1783730289,https://cdn.shopify.com/s/files/1/0965/9354/3474/files/img-1783730286714-1.jpg?v=1783730289
Selecciones,Cabo Verde,"Camiseta Cabo Verde 2026 Local, Versión Jugador",https://camisetasdefutbol.com.co/products/camiseta-cabo-verde-2026-local-version-jugador,110000,,https://cdn.shopify.com/s/files/1/0965/9354/3474/files/cabo-1783955851906.jpg?v=1783955854,
Selecciones,Cabo Verde,"Camiseta Cabo Verde 2026 Visitante, Versión Jugador",https://camisetasdefutbol.com.co/products/camiseta-cabo-verde-2026-visitante-version-jugador,110000,,https://cdn.shopify.com/s/files/1/0965/9354/3474/files/cabo-1783955857519.jpg?v=1783955859,
Selecciones,Cabo Verde,Camiseta de Cabo Verde Arquero - Camiseta de Vozinha,https://camisetasdefutbol.com.co/products/camiseta-de-cabo-verde-arquero-camiseta-de-vozinha,110000,,https://cdn.shopify.com/s/files/1/0965/9354/3474/files/arquero-vozinha-camiseta.jpg?v=1782707594,https://cdn.shopify.com/s/files/1/0965/9354/3474/files/arquero-vozinha-camiseta-espalda.jpg?v=1782707594
Selecciones,Cabo Verde,Equipación para niños 2026 Cabo Verde Local,https://camisetasdefutbol.com.co/products/equipacion-para-ninos-2026-cabo-verde-local,100000,,https://cdn.shopify.com/s/files/1/0965/9354/3474/files/img-1788018989291-0.jpg?v=1788018993,https://cdn.shopify.com/s/files/1/0965/9354/3474/files/img-1788018990644-1.jpg?v=1788018992
Selecciones,Camerún,Camiseta Camerún 1990 Local Retro,https://camisetasdefutbol.com.co/products/camiseta-camerun-1990-local-retro,120000,,https://cdn.shopify.com/s/files/1/0965/9354/3474/files/img-1781503112549-0.jpg?v=1781503116,https://cdn.shopify.com/s/files/1/0965/9354/3474/files/img-1781503114382-1.jpg?v=1781503116
Selecciones,Canadá,Camiseta Canadá 1986 Local Retro,https://camisetasdefutbol.com.co/products/camiseta-canada-1986-local-retro,120000,,https://cdn.shopify.com/s/files/1/0965/9354/3474/files/img-1786161915777-0.jpg?v=1786161919,https://cdn.shopify.com/s/files/1/0965/9354/3474/files/img-1786161917123-1.jpg?v=1786161919
Selecciones,Chile,Camiseta Chile 16/17 Local Retro,https://camisetasdefutbol.com.co/products/camiseta-chile-16-17-local-retro,120000,,https://cdn.shopify.com/s/files/1/0965/9354/3474/files/img-1790545834666-0.jpg?v=1790545837,https://cdn.shopify.com/s/files/1/0965/9354/3474/files/img-1790545835782-1.jpg?v=1790545836
Selecciones,Chile,Camiseta Chile 1982 Local Retro,https://camisetasdefutbol.com.co/products/camiseta-chile-1982-local-retro,120000,,https://cdn.shopify.com/s/files/1/0965/9354/3474/files/img-1790545827344-0.jpg?v=1790545829,https://cdn.shopify.com/s/files/1/0965/9354/3474/files/img-1790545828287-1.jpg?v=1790545829
Selecciones,Chile,Camiseta Chile 1994 Local Retro,https://camisetasdefutbol.com.co/products/camiseta-chile-1994-local-retro,120000,,https://cdn.shopify.com/s/files/1/0965/9354/3474/files/img-1781502313254-0.jpg?v=1781502317,https://cdn.shopify.com/s/files/1/0965/9354/3474/files/img-1781502315058-1.jpg?v=1781502317
Selecciones,Chile,Camiseta Chile 1998 Visitante Retro,https://camisetasdefutbol.com.co/products/camiseta-chile-1998-visitante-retro,120000,,https://cdn.shopify.com/s/files/1/0965/9354/3474/files/img-1790545821640-0.jpg?v=1790545823,https://cdn.shopify.com/s/files/1/0965/9354/3474/files/img-1790545822582-1.jpg?v=1790545823
Selecciones,Chile,Camiseta Chile 2014 Local Retro,https://camisetasdefutbol.com.co/products/camiseta-chile-2014-local-retro,120000,,https://cdn.shopify.com/s/files/1/0965/9354/3474/files/img-1790545815944-0.jpg?v=1790545818,https://cdn.shopify.com/s/files/1/0965/9354/3474/files/img-1790545817000-1.jpg?v=1790545818
Selecciones,Colombia,Camiseta Colombia 03/05 Local Retro,https://camisetasdefutbol.com.co/products/camiseta-colombia-03-05-local-retro,120000,,https://cdn.shopify.com/s/files/1/0965/9354/3474/files/img-1786684906131-0.jpg?v=1786684911,https://cdn.shopify.com/s/files/1/0965/9354/3474/files/img-1786684908807-1.jpg?v=1786684911
Selecciones,Colombia,Camiseta Colombia 1990 Local Retro,https://camisetasdefutbol.com.co/products/camiseta-colombia-1990-local-retro,120000,,https://cdn.shopify.com/s/files/1/0965/9354/3474/files/img-1780746903844-0.jpg?v=1780746911,https://cdn.shopify.com/s/files/1/0965/9354/3474/files/img-1780746909124-1.jpg?v=1780746911
Selecciones,Colombia,Camiseta Colombia 1994 Local Manga Larga Retro,https://camisetasdefutbol.com.co/products/camiseta-colombia-1994-local-manga-larga-retro,135000,,https://cdn.shopify.com/s/files/1/0965/9354/3474/files/img-1788752043374-0.jpg?v=1788752050,https://cdn.shopify.com/s/files/1/0965/9354/3474/files/img-1788752048630-1.jpg?v=1788752050
Selecciones,Colombia,Camiseta Colombia 1994 Retro Local,https://camisetasdefutbol.com.co/products/camiseta-colombia-1994-retro-local,120000,,https://cdn.shopify.com/s/files/1/0965/9354/3474/files/936136df.jpg?v=1779668157,https://cdn.shopify.com/s/files/1/0965/9354/3474/files/53c01da0.jpg?v=1779668157
Selecciones,Colombia,Camiseta Colombia 1994 Retro Visitante,https://camisetasdefutbol.com.co/products/camiseta-colombia-1994-retro-visitante,120000,,https://cdn.shopify.com/s/files/1/0965/9354/3474/files/7d85d577.jpg?v=1779668220,https://cdn.shopify.com/s/files/1/0965/9354/3474/files/009634e8.jpg?v=1779668220
Selecciones,Colombia,Camiseta Colombia 1994 Visitante Manga Larga,https://camisetasdefutbol.com.co/products/camiseta-colombia-1994-visitante-manga-larga,120000,,https://cdn.shopify.com/s/files/1/0965/9354/3474/files/download_f0bbf50b-9feb-4ec4-b439-dd01289f4b12.jpg?v=1776655533,https://cdn.shopify.com/s/files/1/0965/9354/3474/files/download_b9c15cd5-6fd8-44fd-b952-03eb601e91fb.jpg?v=1776655533
Selecciones,Colombia,Camiseta Colombia 1998 Local Retro,https://camisetasdefutbol.com.co/products/camiseta-colombia-1998-local-retro,120000,,https://cdn.shopify.com/s/files/1/0965/9354/3474/files/c98-col98local-0.jpg?v=1787011847,https://cdn.shopify.com/s/files/1/0965/9354/3474/files/c98-col98local-1.jpg?v=1787011847
Selecciones,Colombia,Camiseta Colombia 1998 Visitante Retro,https://camisetasdefutbol.com.co/products/camiseta-colombia-1998-visitante-retro,120000,,https://cdn.shopify.com/s/files/1/0965/9354/3474/files/img-1781503058914-0.jpg?v=1781503063,https://cdn.shopify.com/s/files/1/0965/9354/3474/files/img-1781503061065-1.jpg?v=1781503063
Selecciones,Colombia,Camiseta Colombia 2026 Entrenamiento,https://camisetasdefutbol.com.co/products/camiseta-colombia-2026-entrenamiento,100000,,https://cdn.shopify.com/s/files/1/0965/9354/3474/files/img-1788145209218-0.jpg?v=1788145212,https://cdn.shopify.com/s/files/1/0965/9354/3474/files/img-1788145210830-1.jpg?v=1788145212
Selecciones,Colombia,Camiseta Colombia 2026 Versión Jugador Visitante,https://camisetasdefutbol.com.co/products/camiseta-colombia-2026-version-jugador-visitante,110000,,https://cdn.shopify.com/s/files/1/0965/9354/3474/files/Colombia_player_version_2.png?v=1779667087,https://cdn.shopify.com/s/files/1/0965/9354/3474/files/Colombia_player_version_1.png?v=1779667087
Selecciones,Colombia,Camiseta Colombia 2026 Visitante,https://camisetasdefutbol.com.co/products/camiseta-colombia-2026-visitante,100000,,https://cdn.shopify.com/s/files/1/0965/9354/3474/files/d224f189.jpg?v=1779667639,https://cdn.shopify.com/s/files/1/0965/9354/3474/files/d688bb8a.jpg?v=1779667639
Selecciones,Colombia,Rompevientos Colombia 1998 Azul,https://camisetasdefutbol.com.co/products/rompevientos-colombia-1998-azul,250000,,https://cdn.shopify.com/s/files/1/0965/9354/3474/files/img-1782189826695-0.jpg?v=1782189830,https://cdn.shopify.com/s/files/1/0965/9354/3474/files/img-1782189828799-1.jpg?v=1782189830
Selecciones,Corea del Sur,"Camiseta Corea del Sur 2026 Visitante, Versión Jugador",https://camisetasdefutbol.com.co/products/camiseta-corea-del-sur-2026-visitante-version-jugador,110000,,https://cdn.shopify.com/s/files/1/0965/9354/3474/files/img-1780759033578-0.jpg?v=1780759037,https://cdn.shopify.com/s/files/1/0965/9354/3474/files/img-1780759035004-1.jpg?v=1780759037
Selecciones,Corea del Sur,Camiseta Corea del Sur 26/27 Portero Manga Larga,https://camisetasdefutbol.com.co/products/camiseta-corea-del-sur-26-27-portero-manga-larga,125000,,https://cdn.shopify.com/s/files/1/0965/9354/3474/files/img-1783301777940-0.jpg?v=1783301782,https://cdn.shopify.com/s/files/1/0965/9354/3474/files/img-1783301780039-1.jpg?v=1783301782
Selecciones,Costa Rica,Camiseta Costa Rica 2026 Local,https://camisetasdefutbol.com.co/products/camiseta-costa-rica-2026-local,100000,,https://cdn.shopify.com/s/files/1/0965/9354/3474/files/img-1786684965819-0.jpg?v=1786684970,https://cdn.shopify.com/s/files/1/0965/9354/3474/files/img-1786684967535-1.jpg?v=1786684970
Selecciones,Costa de Marfil,"Camiseta Costa de Marfil 2025 Local, Versión Jugador",https://camisetasdefutbol.com.co/products/camiseta-costa-de-marfil-2025-local-version-jugador,110000,,https://cdn.shopify.com/s/files/1/0965/9354/3474/files/img-1780759555642-0.jpg?v=1780759559,https://cdn.shopify.com/s/files/1/0965/9354/3474/files/img-1780759557016-1.jpg?v=1780759559
Selecciones,Costa de Marfil,Camiseta Costa de Marfil 2026 Local,https://camisetasdefutbol.com.co/products/camiseta-costa-de-marfil-2026-local,100000,,https://cdn.shopify.com/s/files/1/0965/9354/3474/files/img-1789258807954-0.jpg?v=1789258812,https://cdn.shopify.com/s/files/1/0965/9354/3474/files/img-1789258809882-1.jpg?v=1789258812
Selecciones,Costa de Marfil,Camiseta Costa de Marfil 2026 Visitante,https://camisetasdefutbol.com.co/products/camiseta-costa-de-marfil-2026-visitante,100000,,https://cdn.shopify.com/s/files/1/0965/9354/3474/files/Camiseta_Costa_de_Marfil_2026_Visitante_front.jpg?v=1779153686,https://cdn.shopify.com/s/files/1/0965/9354/3474/files/Camiseta_Costa_de_Marfil_2026_Visitante_back.jpg?v=1779153688
Selecciones,Costa de Marfil,Camiseta Costa de Marfil 26/27 Local,https://camisetasdefutbol.com.co/products/camiseta-costa-de-marfil-26-27-local,100000,,https://cdn.shopify.com/s/files/1/0965/9354/3474/files/img-1780759523109-0.jpg?v=1780759526,https://cdn.shopify.com/s/files/1/0965/9354/3474/files/img-1780759524541-1.jpg?v=1780759526
Selecciones,Croacia,"Camiseta Croacia 2022 Local, Versión Jugador",https://camisetasdefutbol.com.co/products/camiseta-croacia-2022-local-version-jugador,110000,,https://cdn.shopify.com/s/files/1/0965/9354/3474/files/img-1783730232567-0.jpg?v=1783730237,https://cdn.shopify.com/s/files/1/0965/9354/3474/files/img-1783730234668-1.jpg?v=1783730237
Selecciones,Croacia,"Camiseta Croacia 2026 Visitante, Versión Jugador",https://camisetasdefutbol.com.co/products/camiseta-croacia-2026-visitante-version-jugador,110000,,https://cdn.shopify.com/s/files/1/0965/9354/3474/files/img-1780747094236-0.jpg?v=1780747099,https://cdn.shopify.com/s/files/1/0965/9354/3474/files/img-1780747097175-1.jpg?v=1780747099
Selecciones,Dinamarca,Camiseta Dinamarca 1986 Visitante Retro,https://camisetasdefutbol.com.co/products/camiseta-dinamarca-1986-visitante-retro,120000,,https://cdn.shopify.com/s/files/1/0965/9354/3474/files/img-1781503096956-0.jpg?v=1781503100,https://cdn.shopify.com/s/files/1/0965/9354/3474/files/img-1781503098524-1.jpg?v=1781503100
Selecciones,Ecuador,Camiseta Ecuador 25/26 Conmemorativa Negro,https://camisetasdefutbol.com.co/products/camiseta-ecuador-25-26-conmemorativa-negro,100000,,https://cdn.shopify.com/s/files/1/0965/9354/3474/files/img-1780746923692-0.jpg?v=1780746927,https://cdn.shopify.com/s/files/1/0965/9354/3474/files/img-1780746925063-1.jpg?v=1780746927
Selecciones,Escocia,Camiseta Escocia 16/17 Local Retro,https://camisetasdefutbol.com.co/products/camiseta-escocia-16-17-local-retro,120000,,https://cdn.shopify.com/s/files/1/0965/9354/3474/files/img-1780747507045-0.jpg?v=1780747510,https://cdn.shopify.com/s/files/1/0965/9354/3474/files/img-1780747508456-1.jpg?v=1780747510
Selecciones,Escocia,Camiseta Escocia 16/17 Visitante Retro,https://camisetasdefutbol.com.co/products/camiseta-escocia-16-17-visitante-retro,120000,,https://cdn.shopify.com/s/files/1/0965/9354/3474/files/img-1780747514610-0.jpg?v=1780747518,https://cdn.shopify.com/s/files/1/0965/9354/3474/files/img-1780747515971-1.jpg?v=1780747518
Selecciones,Escocia,Camiseta Escocia 2002 Local Retro,https://camisetasdefutbol.com.co/products/camiseta-escocia-2002-local-retro,120000,,https://cdn.shopify.com/s/files/1/0965/9354/3474/files/img-1780747674423-0.jpg?v=1780747678,https://cdn.shopify.com/s/files/1/0965/9354/3474/files/img-1780747676464-1.jpg?v=1780747678
Selecciones,Escocia,Camiseta Escocia 87/88 Local Retro,https://camisetasdefutbol.com.co/products/camiseta-escocia-87-88-local-retro,120000,,https://cdn.shopify.com/s/files/1/0965/9354/3474/files/img-1780747647979-0.jpg?v=1780747652,https://cdn.shopify.com/s/files/1/0965/9354/3474/files/img-1780747649677-1.jpg?v=1780747651
Selecciones,Escocia,Camiseta Escocia 88/91 Visitante Retro,https://camisetasdefutbol.com.co/products/camiseta-escocia-88-91-visitante-retro,120000,,https://cdn.shopify.com/s/files/1/0965/9354/3474/files/img-1780758851114-0.jpg?v=1780758855,https://cdn.shopify.com/s/files/1/0965/9354/3474/files/img-1780758852943-1.jpg?v=1780758855
Selecciones,Escocia,Camiseta Escocia 92/93 Local Retro,https://camisetasdefutbol.com.co/products/camiseta-escocia-92-93-local-retro,120000,,https://cdn.shopify.com/s/files/1/0965/9354/3474/files/img-1780747666837-0.jpg?v=1780747670,https://cdn.shopify.com/s/files/1/0965/9354/3474/files/img-1780747668104-1.jpg?v=1780747670
Selecciones,Escocia,Camiseta Escocia 96/98 Local Retro,https://camisetasdefutbol.com.co/products/camiseta-escocia-96-98-local-retro,120000,,https://cdn.shopify.com/s/files/1/0965/9354/3474/files/img-1780747657060-0.jpg?v=1780747660,https://cdn.shopify.com/s/files/1/0965/9354/3474/files/img-1780747658368-1.jpg?v=1780747660
Selecciones,España,Camiseta España 11/12 Visitante Retro,https://camisetasdefutbol.com.co/products/camiseta-espana-11-12-visitante-retro,120000,,https://cdn.shopify.com/s/files/1/0965/9354/3474/files/img-1780748075036-0.jpg?v=1780748079,https://cdn.shopify.com/s/files/1/0965/9354/3474/files/img-1780748076980-1.jpg?v=1780748079
Selecciones,España,Camiseta España 2006 Local Retro,https://camisetasdefutbol.com.co/products/camiseta-espana-2006-local-retro,120000,,https://cdn.shopify.com/s/files/1/0965/9354/3474/files/img-1786684926767-0.jpg?v=1786684930,https://cdn.shopify.com/s/files/1/0965/9354/3474/files/img-1786684927831-1.jpg?v=1786684930
Selecciones,España,Camiseta España 2006 Visitante Retro,https://camisetasdefutbol.com.co/products/camiseta-espana-2006-visitante-retro,120000,,https://cdn.shopify.com/s/files/1/0965/9354/3474/files/img-1780748154033-0.jpg?v=1780748157,https://cdn.shopify.com/s/files/1/0965/9354/3474/files/img-1780748155446-1.jpg?v=1780748157
Selecciones,España,Camiseta España 2013 Local Retro,https://camisetasdefutbol.com.co/products/camiseta-espana-2013-local-retro,120000,,https://cdn.shopify.com/s/files/1/0965/9354/3474/files/img-1780748183396-0.jpg?v=1780748188,https://cdn.shopify.com/s/files/1/0965/9354/3474/files/img-1780748185805-1.jpg?v=1780748187
Selecciones,España,"Camiseta España 2022 Visitante, Versión Jugador",https://camisetasdefutbol.com.co/products/camiseta-espana-2022-visitante-version-jugador,110000,,https://cdn.shopify.com/s/files/1/0965/9354/3474/files/img-1783730241698-0.jpg?v=1783730245,https://cdn.shopify.com/s/files/1/0965/9354/3474/files/img-1783730243202-1.jpg?v=1783730245
Selecciones,España,Camiseta España 2026 Local,https://camisetasdefutbol.com.co/products/camiseta-espana-2026-local,100000,,https://cdn.shopify.com/s/files/1/0965/9354/3474/files/esp-246645237-0.jpg?v=1784695170,https://cdn.shopify.com/s/files/1/0965/9354/3474/files/esp-246645237-6.jpg?v=1784695170
Selecciones,España,Camiseta España 2026 Portero Rojo,https://camisetasdefutbol.com.co/products/camiseta-espana-2026-portero-rojo,110000,,https://cdn.shopify.com/s/files/1/0965/9354/3474/files/img-1783301544064-0.jpg?v=1783301547,https://cdn.shopify.com/s/files/1/0965/9354/3474/files/img-1783301545400-1.jpg?v=1783301547
Selecciones,España,Kit Niños España 2026 Local,https://camisetasdefutbol.com.co/products/kit-ninos-espana-2026-local,100000,,https://cdn.shopify.com/s/files/1/0965/9354/3474/files/download_8a6a99d8-0abd-43dd-a5a1-ecfe29ac42c7.jpg?v=1776655621,https://cdn.shopify.com/s/files/1/0965/9354/3474/files/download_8f8ea7d0-c77a-4c0c-98d8-ec73912a8029.jpg?v=1776655621
Selecciones,España,Rompevientos España 06/07 Rojo,https://camisetasdefutbol.com.co/products/rompevientos-espana-06-07-rojo,250000,,https://cdn.shopify.com/s/files/1/0965/9354/3474/files/img-1782189779306-0.jpg?v=1782189784,https://cdn.shopify.com/s/files/1/0965/9354/3474/files/img-1782189782267-1.jpg?v=1782189784
Selecciones,Estados Unidos,Camiseta Estados Unidos 1988 Visitante Retro,https://camisetasdefutbol.com.co/products/camiseta-estados-unidos-1988-visitante-retro,120000,,https://cdn.shopify.com/s/files/1/0965/9354/3474/files/img-1786161820149-0.jpg?v=1786161823,https://cdn.shopify.com/s/files/1/0965/9354/3474/files/img-1786161821332-1.jpg?v=1786161823
Selecciones,Estados Unidos,Camiseta Estados Unidos 1995 Local Retro,https://camisetasdefutbol.com.co/products/camiseta-estados-unidos-1995-local-retro,120000,,https://cdn.shopify.com/s/files/1/0965/9354/3474/files/img-1788752036906-0.jpg?v=1788752039,https://cdn.shopify.com/s/files/1/0965/9354/3474/files/img-1788752037962-1.jpg?v=1788752039
Selecciones,Estados Unidos,Camiseta Estados Unidos 2002 Local Retro,https://camisetasdefutbol.com.co/products/camiseta-estados-unidos-2002-local-retro,120000,,https://cdn.shopify.com/s/files/1/0965/9354/3474/files/img-1786161812983-0.jpg?v=1786161816,https://cdn.shopify.com/s/files/1/0965/9354/3474/files/img-1786161813992-1.jpg?v=1786161816
Selecciones,Estados Unidos,Camiseta Estados Unidos 2002 Visitante Retro,https://camisetasdefutbol.com.co/products/camiseta-estados-unidos-2002-visitante-retro,120000,,https://cdn.shopify.com/s/files/1/0965/9354/3474/files/img-1788752147801-0.jpg?v=1788752150,https://cdn.shopify.com/s/files/1/0965/9354/3474/files/img-1788752148772-1.jpg?v=1788752150
Selecciones,Estados Unidos,Camiseta Estados Unidos 2013 Local Retro,https://camisetasdefutbol.com.co/products/camiseta-estados-unidos-2013-local-retro,120000,,https://cdn.shopify.com/s/files/1/0965/9354/3474/files/img-1781502550748-0.jpg?v=1781502554,https://cdn.shopify.com/s/files/1/0965/9354/3474/files/img-1781502552826-1.jpg?v=1781502554
Selecciones,Estados Unidos,Camiseta Estados Unidos 2014 Local Retro,https://camisetasdefutbol.com.co/products/camiseta-estados-unidos-2014-local-retro,120000,,https://cdn.shopify.com/s/files/1/0965/9354/3474/files/img-1781502737014-0.jpg?v=1781502740,https://cdn.shopify.com/s/files/1/0965/9354/3474/files/img-1781502738663-1.jpg?v=1781502740
Selecciones,Estados Unidos,Camiseta Estados Unidos 2014 Visitante Retro,https://camisetasdefutbol.com.co/products/camiseta-estados-unidos-2014-visitante-retro,120000,,https://cdn.shopify.com/s/files/1/0965/9354/3474/files/img-1781502561003-0.jpg?v=1781502565,https://cdn.shopify.com/s/files/1/0965/9354/3474/files/img-1781502563222-1.jpg?v=1781502565
Selecciones,Estados Unidos,Camiseta Estados Unidos 2018 Local Retro,https://camisetasdefutbol.com.co/products/camiseta-estados-unidos-2018-local-retro,120000,,https://cdn.shopify.com/s/files/1/0965/9354/3474/files/img-1786161974735-0.jpg?v=1786161977,https://cdn.shopify.com/s/files/1/0965/9354/3474/files/img-1786161975742-1.jpg?v=1786161977
Selecciones,Estados Unidos,Camiseta Estados Unidos 2026 Portero Verde,https://camisetasdefutbol.com.co/products/camiseta-estados-unidos-2026-portero-verde,110000,,https://cdn.shopify.com/s/files/1/0965/9354/3474/files/img-1783301651321-0.jpg?v=1783301654,https://cdn.shopify.com/s/files/1/0965/9354/3474/files/img-1783301652615-1.jpg?v=1783301654
Selecciones,Francia,Camiseta Francia 120 Años Edición Especial Azul,https://camisetasdefutbol.com.co/products/camiseta-francia-120-anos-edicion-especial-azul,100000,,https://cdn.shopify.com/s/files/1/0965/9354/3474/files/img-1780758809632-0.jpg?v=1780758814,https://cdn.shopify.com/s/files/1/0965/9354/3474/files/img-1780758812297-1.jpg?v=1780758814
Selecciones,Francia,Camiseta Francia 1984 Local Retro,https://camisetasdefutbol.com.co/products/camiseta-francia-1984-local-retro,120000,,https://cdn.shopify.com/s/files/1/0965/9354/3474/files/img-1780747265449-0.jpg?v=1780747269,https://cdn.shopify.com/s/files/1/0965/9354/3474/files/img-1780747267267-1.jpg?v=1780747269
Selecciones,Francia,Camiseta Francia 1994 Visitante Retro,https://camisetasdefutbol.com.co/products/camiseta-francia-1994-visitante-retro,120000,,https://cdn.shopify.com/s/files/1/0965/9354/3474/files/img-1780747247996-0.jpg?v=1780747252,https://cdn.shopify.com/s/files/1/0965/9354/3474/files/img-1780747250124-1.jpg?v=1780747252
Selecciones,Francia,Camiseta Francia 1998 Visitante Manga Larga Retro,https://camisetasdefutbol.com.co/products/camiseta-francia-1998-visitante-manga-larga-retro,135000,,https://cdn.shopify.com/s/files/1/0965/9354/3474/files/download_89461c90-4b08-4d6d-b4d5-fc6adc4c5c3f.jpg?v=1776655610,https://cdn.shopify.com/s/files/1/0965/9354/3474/files/download_3e6abf1e-7b93-4868-a6f3-4bf8384fc4aa.jpg?v=1776655610
Selecciones,Francia,Camiseta Francia 2002 Local Retro,https://camisetasdefutbol.com.co/products/camiseta-francia-2002-local-retro,120000,,https://cdn.shopify.com/s/files/1/0965/9354/3474/files/img-1786161843622-0.jpg?v=1786161847,https://cdn.shopify.com/s/files/1/0965/9354/3474/files/img-1786161844710-1.jpg?v=1786161846
Selecciones,Francia,Camiseta Francia 2006 Local Retro,https://camisetasdefutbol.com.co/products/camiseta-francia-2006-local-retro,120000,,https://cdn.shopify.com/s/files/1/0965/9354/3474/files/img-1780747256052-0.jpg?v=1780747259,https://cdn.shopify.com/s/files/1/0965/9354/3474/files/img-1780747257282-1.jpg?v=1780747259
Selecciones,Francia,Camiseta Francia 2016 Local Retro,https://camisetasdefutbol.com.co/products/camiseta-francia-2016-local-retro,120000,,https://cdn.shopify.com/s/files/1/0965/9354/3474/files/img-1780747147395-0.jpg?v=1780747152,https://cdn.shopify.com/s/files/1/0965/9354/3474/files/img-1780747149763-1.jpg?v=1780747152
Selecciones,Francia,Camiseta Francia 2018 Visitante Retro,https://camisetasdefutbol.com.co/products/camiseta-francia-2018-visitante-retro,120000,,https://cdn.shopify.com/s/files/1/0965/9354/3474/files/img-1780747215620-0.jpg?v=1780747219,https://cdn.shopify.com/s/files/1/0965/9354/3474/files/img-1780747216921-1.jpg?v=1780747219
Selecciones,Francia,"Camiseta Francia 2022 Local, Versión Jugador",https://camisetasdefutbol.com.co/products/camiseta-francia-2022-local-version-jugador,110000,,https://cdn.shopify.com/s/files/1/0965/9354/3474/files/img-1783730249714-0.jpg?v=1783730253,https://cdn.shopify.com/s/files/1/0965/9354/3474/files/img-1783730251359-1.jpg?v=1783730253
Selecciones,Francia,Camiseta Francia 2026 Portero Rosa,https://camisetasdefutbol.com.co/products/camiseta-francia-2026-portero-rosa,110000,,https://cdn.shopify.com/s/files/1/0965/9354/3474/files/img-1783301558145-0.jpg?v=1783301561,https://cdn.shopify.com/s/files/1/0965/9354/3474/files/img-1783301559144-1.jpg?v=1783301561
Selecciones,Gales,Camiseta Gales 1982 Local Retro,https://camisetasdefutbol.com.co/products/camiseta-gales-1982-local-retro,120000,,https://cdn.shopify.com/s/files/1/0965/9354/3474/files/img-1781502298534-0.jpg?v=1781502302,https://cdn.shopify.com/s/files/1/0965/9354/3474/files/img-1781502300185-1.jpg?v=1781502302
Selecciones,Gales,Camiseta Gales 76/79 Local Retro,https://camisetasdefutbol.com.co/products/camiseta-gales-76-79-local-retro,120000,,https://cdn.shopify.com/s/files/1/0965/9354/3474/files/img-1781502282312-0.jpg?v=1781502285,https://cdn.shopify.com/s/files/1/0965/9354/3474/files/img-1781502283647-1.jpg?v=1781502285
Selecciones,Gales,Camiseta Gales 76/79 Visitante Retro,https://camisetasdefutbol.com.co/products/camiseta-gales-76-79-visitante-retro,120000,,https://cdn.shopify.com/s/files/1/0965/9354/3474/files/img-1781502305107-0.jpg?v=1781502308,https://cdn.shopify.com/s/files/1/0965/9354/3474/files/img-1781502306779-1.jpg?v=1781502308
Selecciones,Gales,Camiseta Gales 90/92 Local Retro,https://camisetasdefutbol.com.co/products/camiseta-gales-90-92-local-retro,120000,,https://cdn.shopify.com/s/files/1/0965/9354/3474/files/img-1781502290196-0.jpg?v=1781502293,https://cdn.shopify.com/s/files/1/0965/9354/3474/files/img-1781502291838-1.jpg?v=1781502293
Selecciones,Gales,Camiseta Gales 90/92 Visitante Retro,https://camisetasdefutbol.com.co/products/camiseta-gales-90-92-visitante-retro,120000,,https://cdn.shopify.com/s/files/1/0965/9354/3474/files/img-1781502267097-0.jpg?v=1781502271,https://cdn.shopify.com/s/files/1/0965/9354/3474/files/img-1781502269445-1.jpg?v=1781502271
Selecciones,Gales,Camiseta Gales 94/96 Local Retro,https://camisetasdefutbol.com.co/products/camiseta-gales-94-96-local-retro,120000,,https://cdn.shopify.com/s/files/1/0965/9354/3474/files/img-1781502275408-0.jpg?v=1781502279,https://cdn.shopify.com/s/files/1/0965/9354/3474/files/img-1781502277107-1.jpg?v=1781502279
Selecciones,Ghana,Camiseta Ghana 2026 Local,https://camisetasdefutbol.com.co/products/camiseta-ghana-2026-local,100000,,https://cdn.shopify.com/s/files/1/0965/9354/3474/files/765ab1f94d87aa2eac9c5f3a326bd62d.jpg?v=1780547803,https://cdn.shopify.com/s/files/1/0965/9354/3474/files/1547ca2aa04af1265a8aef5747833163.jpg?v=1780547803
Selecciones,Ghana,Camiseta Ghana 2026 Visitante,https://camisetasdefutbol.com.co/products/camiseta-ghana-2026-visitante,100000,,https://cdn.shopify.com/s/files/1/0965/9354/3474/files/0b6d45dfd684208ae5eab29440d63e55.jpg?v=1780547812,https://cdn.shopify.com/s/files/1/0965/9354/3474/files/4679d2f2be45b4587fb91b983226c650.jpg?v=1780547812
Selecciones,Grecia,Camiseta Grecia 2004 Local Retro,https://camisetasdefutbol.com.co/products/camiseta-grecia-2004-local-retro,120000,,https://cdn.shopify.com/s/files/1/0965/9354/3474/files/img-1781503044807-0.jpg?v=1781503048,https://cdn.shopify.com/s/files/1/0965/9354/3474/files/img-1781503046245-1.jpg?v=1781503048
Selecciones,Grecia,Camiseta Grecia 2004 Visitante Retro,https://camisetasdefutbol.com.co/products/camiseta-grecia-2004-visitante-retro,120000,,https://cdn.shopify.com/s/files/1/0965/9354/3474/files/img-1781503038164-0.jpg?v=1781503041,https://cdn.shopify.com/s/files/1/0965/9354/3474/files/img-1781503039450-1.jpg?v=1781503041
Selecciones,Grecia,Camiseta Grecia 2026 Local,https://camisetasdefutbol.com.co/products/camiseta-grecia-2026-local,100000,,https://cdn.shopify.com/s/files/1/0965/9354/3474/files/img-1789258756949-0.jpg?v=1789258760,
Selecciones,Haití,Camiseta Haití 2026 Local,https://camisetasdefutbol.com.co/products/camiseta-haiti-2026-local,100000,,https://cdn.shopify.com/s/files/1/0965/9354/3474/files/5990a312d1b493d62143fb77508eb945.jpg?v=1780547877,https://cdn.shopify.com/s/files/1/0965/9354/3474/files/e890aeac502ce797dffb7092d628319b.jpg?v=1780547877
Selecciones,Haití,Camiseta Haití 2026 Tercera,https://camisetasdefutbol.com.co/products/camiseta-haiti-2026-tercera,100000,,https://cdn.shopify.com/s/files/1/0965/9354/3474/files/img-1789258800514-0.jpg?v=1789258804,https://cdn.shopify.com/s/files/1/0965/9354/3474/files/img-1789258801851-1.jpg?v=1789258804
Selecciones,Haití,Camiseta Haití 2026 Visitante,https://camisetasdefutbol.com.co/products/camiseta-haiti-2026-visitante,100000,,https://cdn.shopify.com/s/files/1/0965/9354/3474/files/66b575308835eb96a60c506669885755.jpg?v=1780547884,https://cdn.shopify.com/s/files/1/0965/9354/3474/files/d0dff5c59cc324d965b7b08e4b7c829f.jpg?v=1780547884
Selecciones,Inglaterra,Camiseta Inglaterra 13/14 Visitante Retro,https://camisetasdefutbol.com.co/products/camiseta-inglaterra-13-14-visitante-retro,120000,,https://cdn.shopify.com/s/files/1/0965/9354/3474/files/img-1780747803671-0.jpg?v=1780747807,https://cdn.shopify.com/s/files/1/0965/9354/3474/files/img-1780747804936-1.jpg?v=1780747807
Selecciones,Inglaterra,Camiseta Inglaterra 1990 Negro Retro,https://camisetasdefutbol.com.co/products/camiseta-inglaterra-1990-negro-retro,120000,,https://cdn.shopify.com/s/files/1/0965/9354/3474/files/img-1780747820866-0.jpg?v=1780747825,https://cdn.shopify.com/s/files/1/0965/9354/3474/files/img-1780747822769-1.jpg?v=1780747825
Selecciones,Inglaterra,Camiseta Inglaterra 1990 Segunda Retro,https://camisetasdefutbol.com.co/products/camiseta-inglaterra-1990-segunda-retro,120000,,https://cdn.shopify.com/s/files/1/0965/9354/3474/files/img-1780747910722-0.jpg?v=1780747914,https://cdn.shopify.com/s/files/1/0965/9354/3474/files/img-1780747912009-1.jpg?v=1780747914
Selecciones,Inglaterra,Camiseta Inglaterra 1990 Visitante Retro,https://camisetasdefutbol.com.co/products/camiseta-inglaterra-1990-visitante-retro,120000,,https://cdn.shopify.com/s/files/1/0965/9354/3474/files/img-1780747904046-0.jpg?v=1780747907,https://cdn.shopify.com/s/files/1/0965/9354/3474/files/img-1780747905664-1.jpg?v=1780747907
Selecciones,Inglaterra,Camiseta Inglaterra 1996 Local Manga Larga Retro,https://camisetasdefutbol.com.co/products/camiseta-inglaterra-1996-local-manga-larga-retro,135000,,https://cdn.shopify.com/s/files/1/0965/9354/3474/files/img-1788752129205-0.jpg?v=1788752132,https://cdn.shopify.com/s/files/1/0965/9354/3474/files/img-1788752130824-1.jpg?v=1788752132
Selecciones,Inglaterra,Camiseta Inglaterra 2022 Local Retro,https://camisetasdefutbol.com.co/products/camiseta-inglaterra-2022-local-retro,120000,,https://cdn.shopify.com/s/files/1/0965/9354/3474/files/img-1780747795832-0.jpg?v=1780747800,https://cdn.shopify.com/s/files/1/0965/9354/3474/files/img-1780747797461-1.jpg?v=1780747799
Selecciones,Inglaterra,"Camiseta Inglaterra 2022 Local, Versión Jugador",https://camisetasdefutbol.com.co/products/camiseta-inglaterra-2022-local-version-jugador,110000,,https://cdn.shopify.com/s/files/1/0965/9354/3474/files/img-1783730266283-0.jpg?v=1783730270,https://cdn.shopify.com/s/files/1/0965/9354/3474/files/img-1783730267798-1.jpg?v=1783730270
Selecciones,Inglaterra,Camiseta Inglaterra 2026 Portero Amarillo,https://camisetasdefutbol.com.co/products/camiseta-inglaterra-2026-portero-amarillo,110000,,https://cdn.shopify.com/s/files/1/0965/9354/3474/files/img-1783301672384-0.jpg?v=1783301675,https://cdn.shopify.com/s/files/1/0965/9354/3474/files/img-1783301673493-1.jpg?v=1783301675
Selecciones,Inglaterra,Camiseta Inglaterra 2026 Portero Azul,https://camisetasdefutbol.com.co/products/camiseta-inglaterra-2026-portero-azul,110000,,https://cdn.shopify.com/s/files/1/0965/9354/3474/files/img-1783301565094-0.jpg?v=1783301569,https://cdn.shopify.com/s/files/1/0965/9354/3474/files/img-1783301566873-1.jpg?v=1783301569
Selecciones,Inglaterra,"Camiseta Inglaterra 2026 Portero Azul, Versión Jugador",https://camisetasdefutbol.com.co/products/camiseta-inglaterra-2026-portero-azul-version-jugador,110000,,https://cdn.shopify.com/s/files/1/0965/9354/3474/files/img-1783301535704-0.jpg?v=1783301539,https://cdn.shopify.com/s/files/1/0965/9354/3474/files/img-1783301537341-1.jpg?v=1783301539
Selecciones,Inglaterra,Camiseta Inglaterra 2026 Pre Match,https://camisetasdefutbol.com.co/products/camiseta-inglaterra-2026-pre-match,100000,,https://cdn.shopify.com/s/files/1/0965/9354/3474/files/img-1789258771227-0.jpg?v=1789258775,https://cdn.shopify.com/s/files/1/0965/9354/3474/files/img-1789258773176-1.jpg?v=1789258775
Selecciones,Irak,Camiseta Irak 2026 Local,https://camisetasdefutbol.com.co/products/camiseta-irak-2026-local,100000,,https://cdn.shopify.com/s/files/1/0965/9354/3474/files/img-1783303086627-0.jpg?v=1783303092,
Selecciones,Irak,Camiseta Irak 2026 Visitante,https://camisetasdefutbol.com.co/products/camiseta-irak-2026-visitante,100000,,https://cdn.shopify.com/s/files/1/0965/9354/3474/files/img-1783303095382-0.jpg?v=1783303099,https://cdn.shopify.com/s/files/1/0965/9354/3474/files/img-1783303096896-1.jpg?v=1783303099
Selecciones,Irlanda,Camiseta Irlanda 1997 Naranja Retro,https://camisetasdefutbol.com.co/products/camiseta-irlanda-1997-naranja-retro,120000,,https://cdn.shopify.com/s/files/1/0965/9354/3474/files/img-1781502512111-0.jpg?v=1781502515,https://cdn.shopify.com/s/files/1/0965/9354/3474/files/img-1781502513354-1.jpg?v=1781502515
Selecciones,Irlanda,Camiseta Irlanda 2026 Local,https://camisetasdefutbol.com.co/products/camiseta-irlanda-2026-local,100000,,https://cdn.shopify.com/s/files/1/0965/9354/3474/files/img-1789258743848-0.jpg?v=1789258747,https://cdn.shopify.com/s/files/1/0965/9354/3474/files/img-1789258744956-1.jpg?v=1789258747
Selecciones,Irlanda,"Camiseta Irlanda 2026 Local, Versión Jugador",https://camisetasdefutbol.com.co/products/camiseta-irlanda-2026-local-version-jugador,110000,,https://cdn.shopify.com/s/files/1/0965/9354/3474/files/img-1783732288527-0.jpg?v=1783732292,https://cdn.shopify.com/s/files/1/0965/9354/3474/files/img-1783732289862-1.jpg?v=1783732292
Selecciones,Irlanda,Camiseta Irlanda 2026 Visitante,https://camisetasdefutbol.com.co/products/camiseta-irlanda-2026-visitante,100000,,https://cdn.shopify.com/s/files/1/0965/9354/3474/files/img-1789258749993-0.jpg?v=1789258753,https://cdn.shopify.com/s/files/1/0965/9354/3474/files/img-1789258751161-1.jpg?v=1789258753
Selecciones,Irlanda,Camiseta Irlanda 90/92 Local Retro,https://camisetasdefutbol.com.co/products/camiseta-irlanda-90-92-local-retro,120000,,https://cdn.shopify.com/s/files/1/0965/9354/3474/files/img-1781502479493-0.jpg?v=1781502482,https://cdn.shopify.com/s/files/1/0965/9354/3474/files/img-1781502480717-1.jpg?v=1781502482
Selecciones,Irlanda,Camiseta Irlanda 90/92 Visitante Retro,https://camisetasdefutbol.com.co/products/camiseta-irlanda-90-92-visitante-retro,120000,,https://cdn.shopify.com/s/files/1/0965/9354/3474/files/img-1781502497583-0.jpg?v=1781502501,https://cdn.shopify.com/s/files/1/0965/9354/3474/files/img-1781502499106-1.jpg?v=1781502501
Selecciones,Irlanda,Camiseta Irlanda 92/94 Local Retro,https://camisetasdefutbol.com.co/products/camiseta-irlanda-92-94-local-retro,120000,,https://cdn.shopify.com/s/files/1/0965/9354/3474/files/img-1781502490511-0.jpg?v=1781502494,https://cdn.shopify.com/s/files/1/0965/9354/3474/files/img-1781502492543-1.jpg?v=1781502494
Selecciones,Irlanda,Camiseta Irlanda 92/94 Visitante Retro,https://camisetasdefutbol.com.co/products/camiseta-irlanda-92-94-visitante-retro,120000,,https://cdn.shopify.com/s/files/1/0965/9354/3474/files/img-1781502505124-0.jpg?v=1781502508,https://cdn.shopify.com/s/files/1/0965/9354/3474/files/img-1781502506304-1.jpg?v=1781502508
Selecciones,Italia,Camiseta Italia 2020 Visitante Retro,https://camisetasdefutbol.com.co/products/camiseta-italia-2020-visitante-retro,120000,,https://cdn.shopify.com/s/files/1/0965/9354/3474/files/img-1781502101799-0.jpg?v=1781502105,https://cdn.shopify.com/s/files/1/0965/9354/3474/files/img-1781502103628-1.jpg?v=1781502105
Selecciones,Italia,Camiseta Italia 2022 Visitante Retro,https://camisetasdefutbol.com.co/products/camiseta-italia-2022-visitante-retro,120000,,https://cdn.shopify.com/s/files/1/0965/9354/3474/files/img-1781502094458-0.jpg?v=1781502097,https://cdn.shopify.com/s/files/1/0965/9354/3474/files/img-1781502095770-1.jpg?v=1781502097
Selecciones,Italia,"Camiseta Italia 2026 Local, Versión Jugador",https://camisetasdefutbol.com.co/products/camiseta-italia-2026-local-version-jugador,110000,,https://cdn.shopify.com/s/files/1/0965/9354/3474/files/img-1783732323751-0.jpg?v=1783732327,https://cdn.shopify.com/s/files/1/0965/9354/3474/files/img-1783732325319-1.jpg?v=1783732327
Selecciones,Italia,Camiseta Italia 2026 Versión Jugador Local,https://camisetasdefutbol.com.co/products/camiseta-italia-2026-version-jugador-local,110000,,https://cdn.shopify.com/s/files/1/0965/9354/3474/files/download_1cceab1e-fa1c-4775-a6d3-a8dca68e45aa.jpg?v=1776655652,https://cdn.shopify.com/s/files/1/0965/9354/3474/files/download_fe622f64-442f-4550-940d-e3d0a08e40b8.jpg?v=1776655652
Selecciones,Jamaica,Camiseta Jamaica 1998 Local Retro,https://camisetasdefutbol.com.co/products/camiseta-jamaica-1998-local-retro,120000,,https://cdn.shopify.com/s/files/1/0965/9354/3474/files/img-1781502801602-0.jpg?v=1781502806,https://cdn.shopify.com/s/files/1/0965/9354/3474/files/img-1781502804316-1.jpg?v=1781502806
Selecciones,Jamaica,Camiseta Jamaica 1998 Visitante Retro,https://camisetasdefutbol.com.co/products/camiseta-jamaica-1998-visitante-retro,120000,,https://cdn.shopify.com/s/files/1/0965/9354/3474/files/img-1781502791389-0.jpg?v=1781502796,https://cdn.shopify.com/s/files/1/0965/9354/3474/files/img-1781502793885-1.jpg?v=1781502795
Selecciones,Jamaica,Camiseta Jamaica 2026 Pre Match,https://camisetasdefutbol.com.co/products/camiseta-jamaica-2026-pre-match,100000,,https://cdn.shopify.com/s/files/1/0965/9354/3474/files/img-1789258710274-0.jpg?v=1789258713,https://cdn.shopify.com/s/files/1/0965/9354/3474/files/img-1789258711120-1.jpg?v=1789258713
Selecciones,Japón,Camiseta Japón 1993 Local Manga Larga Retro,https://camisetasdefutbol.com.co/products/camiseta-japon-1993-local-manga-larga-retro,135000,,https://cdn.shopify.com/s/files/1/0965/9354/3474/files/img-1787112591095-0.jpg?v=1787112595,https://cdn.shopify.com/s/files/1/0965/9354/3474/files/img-1787112593404-1.jpg?v=1787112595
Selecciones,Japón,Camiseta Japón 1996 Local Retro,https://camisetasdefutbol.com.co/products/camiseta-japon-1996-local-retro,120000,,https://cdn.shopify.com/s/files/1/0965/9354/3474/files/img-1780759309162-0.jpg?v=1780759313,https://cdn.shopify.com/s/files/1/0965/9354/3474/files/img-1780759311140-1.jpg?v=1780759313
Selecciones,Japón,Camiseta Japón 1998 Portero Retro Manga Larga,https://camisetasdefutbol.com.co/products/camiseta-japon-1998-portero-retro-manga-larga,125000,,https://cdn.shopify.com/s/files/1/0965/9354/3474/files/img-1783301700899-0.jpg?v=1783301705,https://cdn.shopify.com/s/files/1/0965/9354/3474/files/img-1783301702916-1.jpg?v=1783301705
Selecciones,Japón,Camiseta Japón 1998 Visitante Manga Larga Retro,https://camisetasdefutbol.com.co/products/camiseta-japon-1998-visitante-manga-larga-retro,135000,,https://cdn.shopify.com/s/files/1/0965/9354/3474/files/img-1788752159507-0.jpg?v=1788752162,https://cdn.shopify.com/s/files/1/0965/9354/3474/files/img-1788752160578-1.jpg?v=1788752162
Selecciones,Japón,Camiseta Japón 2000 Local Retro,https://camisetasdefutbol.com.co/products/camiseta-japon-2000-local-retro,120000,,https://cdn.shopify.com/s/files/1/0965/9354/3474/files/img-1780759368853-0.jpg?v=1780759373,https://cdn.shopify.com/s/files/1/0965/9354/3474/files/img-1780759370957-1.jpg?v=1780759373
Selecciones,Japón,Camiseta Japón 2002 Visitante Retro,https://camisetasdefutbol.com.co/products/camiseta-japon-2002-visitante-retro,120000,,https://cdn.shopify.com/s/files/1/0965/9354/3474/files/img-1786161826401-0.jpg?v=1786161829,https://cdn.shopify.com/s/files/1/0965/9354/3474/files/img-1786161827426-1.jpg?v=1786161829
Selecciones,Japón,Camiseta Japón 2006 Local Retro,https://camisetasdefutbol.com.co/products/camiseta-japon-2006-local-retro,120000,,https://cdn.shopify.com/s/files/1/0965/9354/3474/files/img-1780759293622-0.jpg?v=1780759297,https://cdn.shopify.com/s/files/1/0965/9354/3474/files/img-1780759294996-1.jpg?v=1780759297
Selecciones,Japón,Camiseta Japón 2010 Local Retro,https://camisetasdefutbol.com.co/products/camiseta-japon-2010-local-retro,120000,,https://cdn.shopify.com/s/files/1/0965/9354/3474/files/img-1780759301132-0.jpg?v=1780759304,https://cdn.shopify.com/s/files/1/0965/9354/3474/files/img-1780759302464-1.jpg?v=1780759304
Selecciones,Japón,Camiseta Japón 2010 Visitante Retro,https://camisetasdefutbol.com.co/products/camiseta-japon-2010-visitante-retro,120000,,https://cdn.shopify.com/s/files/1/0965/9354/3474/files/img-1786161837405-0.jpg?v=1786161840,https://cdn.shopify.com/s/files/1/0965/9354/3474/files/img-1786161838801-1.jpg?v=1786161840
Selecciones,Japón,Camiseta Japón 2014 Visitante Retro,https://camisetasdefutbol.com.co/products/camiseta-japon-2014-visitante-retro,120000,,https://cdn.shopify.com/s/files/1/0965/9354/3474/files/img-1786161904321-0.jpg?v=1786161907,https://cdn.shopify.com/s/files/1/0965/9354/3474/files/img-1786161905292-1.jpg?v=1786161907
Selecciones,Japón,"Camiseta Japón 2022 Local, Versión Jugador",https://camisetasdefutbol.com.co/products/camiseta-japon-2022-local-version-jugador,110000,,https://cdn.shopify.com/s/files/1/0965/9354/3474/files/img-1783730258133-0.jpg?v=1783730262,https://cdn.shopify.com/s/files/1/0965/9354/3474/files/img-1783730260493-1.jpg?v=1783730262
Selecciones,Japón,Camiseta Japón 2026 Portero Rojo Manga Larga,https://camisetasdefutbol.com.co/products/camiseta-japon-2026-portero-rojo-manga-larga,125000,,https://cdn.shopify.com/s/files/1/0965/9354/3474/files/img-1783301730940-0.jpg?v=1783301734,https://cdn.shopify.com/s/files/1/0965/9354/3474/files/img-1783301732557-1.jpg?v=1783301734
Selecciones,Japón,Camiseta Japón 2026 Visitante,https://camisetasdefutbol.com.co/products/camiseta-japon-2026-visitante,100000,,https://cdn.shopify.com/s/files/1/0965/9354/3474/files/img-1780759140499-0.jpg?v=1780759144,
Selecciones,Japón,Camiseta Japón Terrace Icons Azul,https://camisetasdefutbol.com.co/products/camiseta-japon-terrace-icons-azul,100000,,https://cdn.shopify.com/s/files/1/0965/9354/3474/files/img-1780759043681-0.jpg?v=1780759050,https://cdn.shopify.com/s/files/1/0965/9354/3474/files/img-1780759047767-1.jpg?v=1780759050
Selecciones,Jordania,Camiseta Jordania 2026 Local,https://camisetasdefutbol.com.co/products/camiseta-jordania-2026-local,100000,,https://cdn.shopify.com/s/files/1/0965/9354/3474/files/ce869e345e0917ee3803abca38019dbb.jpg?v=1780547842,https://cdn.shopify.com/s/files/1/0965/9354/3474/files/f986079e9abd194345e75e1adb0f7961.jpg?v=1780547842
Selecciones,Jordania,Camiseta Jordania 2026 Visitante,https://camisetasdefutbol.com.co/products/camiseta-jordania-2026-visitante,100000,,https://cdn.shopify.com/s/files/1/0965/9354/3474/files/a84a9b26e2ad0db59e97162118009ab4.jpg?v=1780547849,https://cdn.shopify.com/s/files/1/0965/9354/3474/files/0246cdf2cdfcebe6f4247052ff799c1f.jpg?v=1780547849
Selecciones,Marruecos,Camiseta Marruecos 2026 Visitante,https://camisetasdefutbol.com.co/products/camiseta-marruecos-2026-visitante,100000,,https://cdn.shopify.com/s/files/1/0965/9354/3474/files/Camiseta_Marruecos_2026_Visitante_front.jpg?v=1779153708,
Selecciones,México,Camiseta México 1998 Visitante Retro,https://camisetasdefutbol.com.co/products/camiseta-mexico-1998-visitante-retro,120000,,https://cdn.shopify.com/s/files/1/0965/9354/3474/files/img-1781503104476-0.jpg?v=1781503108,https://cdn.shopify.com/s/files/1/0965/9354/3474/files/img-1781503106811-1.jpg?v=1781503108
Selecciones,México,Camiseta México 2002 Local Retro,https://camisetasdefutbol.com.co/products/camiseta-mexico-2002-local-retro,120000,,https://cdn.shopify.com/s/files/1/0965/9354/3474/files/img-1786684932234-0.jpg?v=1786684936,https://cdn.shopify.com/s/files/1/0965/9354/3474/files/img-1786684933746-1.jpg?v=1786684936
Selecciones,México,Camiseta México 2010 Visitante Retro,https://camisetasdefutbol.com.co/products/camiseta-mexico-2010-visitante-retro,120000,,https://cdn.shopify.com/s/files/1/0965/9354/3474/files/img-1780759901466-0.jpg?v=1780759905,https://cdn.shopify.com/s/files/1/0965/9354/3474/files/img-1780759902921-1.jpg?v=1780759905
Selecciones,México,"Camiseta México 2022 Local, Versión Jugador",https://camisetasdefutbol.com.co/products/camiseta-mexico-2022-local-version-jugador,110000,,https://cdn.shopify.com/s/files/1/0965/9354/3474/files/img-1783730360126-0.jpg?v=1783730363,https://cdn.shopify.com/s/files/1/0965/9354/3474/files/img-1783730361553-1.jpg?v=1783730364
Selecciones,México,"Camiseta México 2026 Edición Especial Azteca, Versión Jugador",https://camisetasdefutbol.com.co/products/camiseta-mexico-2026-edicion-especial-azteca-version-jugador,110000,,https://cdn.shopify.com/s/files/1/0965/9354/3474/files/img-1780759682157-0.jpg?v=1780759688,https://cdn.shopify.com/s/files/1/0965/9354/3474/files/img-1780759686137-1.jpg?v=1780759688
Selecciones,México,Camiseta México 2026 Portero Rosa,https://camisetasdefutbol.com.co/products/camiseta-mexico-2026-portero-rosa,110000,,https://cdn.shopify.com/s/files/1/0965/9354/3474/files/img-1783301801242-0.jpg?v=1783301806,https://cdn.shopify.com/s/files/1/0965/9354/3474/files/img-1783301803409-1.jpg?v=1783301806
Selecciones,México,Camiseta México 2026 Portero Visitante Morado,https://camisetasdefutbol.com.co/products/camiseta-mexico-2026-portero-visitante-morado,110000,,https://cdn.shopify.com/s/files/1/0965/9354/3474/files/img-1783301551374-0.jpg?v=1783301554,https://cdn.shopify.com/s/files/1/0965/9354/3474/files/img-1783301552829-1.jpg?v=1783301555
Selecciones,México,"Camiseta México 25/26 Edición Especial Negro, Versión Jugador",https://camisetasdefutbol.com.co/products/camiseta-mexico-25-26-edicion-especial-negro-version-jugador,110000,,https://cdn.shopify.com/s/files/1/0965/9354/3474/files/img-1780759892024-0.jpg?v=1780759896,https://cdn.shopify.com/s/files/1/0965/9354/3474/files/img-1780759893941-1.jpg?v=1780759896
Selecciones,México,Camiseta México 26/27 Portero Rosa Manga Larga,https://camisetasdefutbol.com.co/products/camiseta-mexico-26-27-portero-rosa-manga-larga,125000,,https://cdn.shopify.com/s/files/1/0965/9354/3474/files/img-1783301771038-0.jpg?v=1783301774,https://cdn.shopify.com/s/files/1/0965/9354/3474/files/img-1783301772433-1.jpg?v=1783301774
Selecciones,México,Camiseta México Jorge Campos Portero Retro Manga Larga,https://camisetasdefutbol.com.co/products/camiseta-mexico-jorge-campos-portero-retro-manga-larga,125000,,https://cdn.shopify.com/s/files/1/0965/9354/3474/files/img-1783301794285-0.jpg?v=1783301798,https://cdn.shopify.com/s/files/1/0965/9354/3474/files/img-1783301795621-1.jpg?v=1783301797
Selecciones,México,Camiseta México Originals OG Blanco,https://camisetasdefutbol.com.co/products/camiseta-mexico-originals-og-blanco,100000,,https://cdn.shopify.com/s/files/1/0965/9354/3474/files/img-1780759674240-0.jpg?v=1780759678,https://cdn.shopify.com/s/files/1/0965/9354/3474/files/img-1780759676083-1.jpg?v=1780759678
Selecciones,México,Rompevientos México 2026 Negro,https://camisetasdefutbol.com.co/products/rompevientos-mexico-2026-negro,250000,,https://cdn.shopify.com/s/files/1/0965/9354/3474/files/img-1786161682621-0.jpg?v=1786161686,https://cdn.shopify.com/s/files/1/0965/9354/3474/files/img-1786161684057-1.jpg?v=1786161689
Selecciones,Nigeria,Camiseta Nigeria 2026 Local,https://camisetasdefutbol.com.co/products/camiseta-nigeria-2026-local,100000,,https://cdn.shopify.com/s/files/1/0965/9354/3474/files/Camiseta_Nigeria_2026_Local_front.jpg?v=1779153678,https://cdn.shopify.com/s/files/1/0965/9354/3474/files/Camiseta_Nigeria_2026_Local_back.jpg?v=1779153680
Selecciones,Nigeria,"Camiseta Nigeria 2026 Visitante, Versión Jugador",https://camisetasdefutbol.com.co/products/camiseta-nigeria-2026-visitante-version-jugador,110000,,https://cdn.shopify.com/s/files/1/0965/9354/3474/files/img-1783732215470-0.jpg?v=1783732218,https://cdn.shopify.com/s/files/1/0965/9354/3474/files/img-1783732216583-1.jpg?v=1783732218
Selecciones,Nigeria,Camiseta Nigeria 26/27 Portero Manga Larga,https://camisetasdefutbol.com.co/products/camiseta-nigeria-26-27-portero-manga-larga,125000,,https://cdn.shopify.com/s/files/1/0965/9354/3474/files/img-1783301786196-0.jpg?v=1783301790,https://cdn.shopify.com/s/files/1/0965/9354/3474/files/img-1783301788573-1.jpg?v=1783301791
Selecciones,Noruega,"Camiseta Noruega 2026 Local, Versión Jugador",https://camisetasdefutbol.com.co/products/camiseta-noruega-2026-local-version-jugador,110000,,https://cdn.shopify.com/s/files/1/0965/9354/3474/files/noruega-2026-local-jugador.png?v=1783874645,
Selecciones,Noruega,"Camiseta Noruega 2026 Suplente, Versión Jugador",https://camisetasdefutbol.com.co/products/camiseta-noruega-2026-suplente-version-jugador,110000,,https://cdn.shopify.com/s/files/1/0965/9354/3474/files/noruega-2026-suplente-jugador.png?v=1783874651,
Selecciones,Noruega,Camiseta Noruega 94/95 Local Retro,https://camisetasdefutbol.com.co/products/camiseta-noruega-94-95-local-retro,120000,,https://cdn.shopify.com/s/files/1/0965/9354/3474/files/img-1781502526285-0.jpg?v=1781502529,https://cdn.shopify.com/s/files/1/0965/9354/3474/files/img-1781502527637-1.jpg?v=1781502529
Selecciones,Noruega,Camiseta Noruega 97/98 Local Retro,https://camisetasdefutbol.com.co/products/camiseta-noruega-97-98-local-retro,120000,,https://cdn.shopify.com/s/files/1/0965/9354/3474/files/img-1781502518438-0.jpg?v=1781502522,https://cdn.shopify.com/s/files/1/0965/9354/3474/files/img-1781502519749-1.jpg?v=1781502521
Selecciones,Noruega,Camiseta Noruega 98/99 Local Retro,https://camisetasdefutbol.com.co/products/camiseta-noruega-98-99-local-retro,120000,,https://cdn.shopify.com/s/files/1/0965/9354/3474/files/img-1781502541809-0.jpg?v=1781502544,https://cdn.shopify.com/s/files/1/0965/9354/3474/files/img-1781502542989-1.jpg?v=1781502545
Selecciones,Nueva Zelanda,Camiseta Nueva Zelanda 2026 Local,https://camisetasdefutbol.com.co/products/camiseta-nueva-zelanda-2026-local,100000,,https://cdn.shopify.com/s/files/1/0965/9354/3474/files/img-1780975478357-0.jpg?v=1780975482,https://cdn.shopify.com/s/files/1/0965/9354/3474/files/img-1780975480453-1.jpg?v=1780975482
Selecciones,Nueva Zelanda,Camiseta Nueva Zelanda 2026 Visitante,https://camisetasdefutbol.com.co/products/camiseta-nueva-zelanda-2026-visitante,100000,,https://cdn.shopify.com/s/files/1/0965/9354/3474/files/img-1780975388349-0.jpg?v=1780975391,https://cdn.shopify.com/s/files/1/0965/9354/3474/files/img-1780975389544-1.jpg?v=1780975391
Selecciones,Panamá,Camiseta Panamá 2026 Local,https://camisetasdefutbol.com.co/products/camiseta-panama-2026-local,100000,,https://cdn.shopify.com/s/files/1/0965/9354/3474/files/img-1780975379053-0.jpg?v=1780975385,https://cdn.shopify.com/s/files/1/0965/9354/3474/files/img-1780975383232-1.jpg?v=1780975385
Selecciones,Panamá,Camiseta Panamá 2026 Visitante,https://camisetasdefutbol.com.co/products/camiseta-panama-2026-visitante,100000,,https://cdn.shopify.com/s/files/1/0965/9354/3474/files/img-1780975472051-0.jpg?v=1780975475,https://cdn.shopify.com/s/files/1/0965/9354/3474/files/img-1780975473226-1.jpg?v=1780975475
Selecciones,Panamá,Equipación para niños 2026 Panamá Local,https://camisetasdefutbol.com.co/products/equipacion-para-ninos-2026-panama-local,100000,,https://cdn.shopify.com/s/files/1/0965/9354/3474/files/img-1788145135632-0.jpg?v=1788145138,https://cdn.shopify.com/s/files/1/0965/9354/3474/files/img-1788145136588-1.jpg?v=1788145138
Selecciones,Países Bajos,Camiseta Países Bajos 12/13 Visitante Retro,https://camisetasdefutbol.com.co/products/camiseta-paises-bajos-12-13-visitante-retro,120000,,https://cdn.shopify.com/s/files/1/0965/9354/3474/files/img-1780747365872-0.jpg?v=1780747372,https://cdn.shopify.com/s/files/1/0965/9354/3474/files/img-1780747368348-1.jpg?v=1780747370
Selecciones,Países Bajos,Camiseta Países Bajos 1980 Local Manga Larga Retro,https://camisetasdefutbol.com.co/products/camiseta-paises-bajos-1980-local-manga-larga-retro,135000,,https://cdn.shopify.com/s/files/1/0965/9354/3474/files/img-1787112583233-0.jpg?v=1787112587,https://cdn.shopify.com/s/files/1/0965/9354/3474/files/img-1787112585267-1.jpg?v=1787112587
Selecciones,Países Bajos,Camiseta Países Bajos 1980 Local Retro,https://camisetasdefutbol.com.co/products/camiseta-paises-bajos-1980-local-retro,120000,,https://cdn.shopify.com/s/files/1/0965/9354/3474/files/img-1787112576393-0.jpg?v=1787112580,https://cdn.shopify.com/s/files/1/0965/9354/3474/files/img-1787112577654-1.jpg?v=1787112580
Selecciones,Países Bajos,Camiseta Países Bajos 1994 Local Retro,https://camisetasdefutbol.com.co/products/camiseta-paises-bajos-1994-local-retro,120000,,https://cdn.shopify.com/s/files/1/0965/9354/3474/files/img-1780747339771-0.jpg?v=1780747344,https://cdn.shopify.com/s/files/1/0965/9354/3474/files/img-1780747342284-1.jpg?v=1780747344
Selecciones,Países Bajos,Camiseta Países Bajos 1998 Visitante Retro,https://camisetasdefutbol.com.co/products/camiseta-paises-bajos-1998-visitante-retro,120000,,https://cdn.shopify.com/s/files/1/0965/9354/3474/files/img-1780747400021-0.jpg?v=1780747404,https://cdn.shopify.com/s/files/1/0965/9354/3474/files/img-1780747401720-1.jpg?v=1780747404
Selecciones,Países Bajos,Camiseta Países Bajos 2021 Visitante Retro,https://camisetasdefutbol.com.co/products/camiseta-paises-bajos-2021-visitante-retro,120000,,https://cdn.shopify.com/s/files/1/0965/9354/3474/files/img-1780747377424-0.jpg?v=1780747381,https://cdn.shopify.com/s/files/1/0965/9354/3474/files/img-1780747378814-1.jpg?v=1780747381
Selecciones,Países Bajos,"Camiseta Países Bajos 2022 Local, Versión Jugador",https://camisetasdefutbol.com.co/products/camiseta-paises-bajos-2022-local-version-jugador,110000,,https://cdn.shopify.com/s/files/1/0965/9354/3474/files/img-1783730224074-0.jpg?v=1783730228,https://cdn.shopify.com/s/files/1/0965/9354/3474/files/img-1783730225938-1.jpg?v=1783730228
Selecciones,Países Bajos,Rompevientos Países Bajos 10/11 Blanco,https://camisetasdefutbol.com.co/products/rompevientos-paises-bajos-10-11-blanco,250000,,https://cdn.shopify.com/s/files/1/0965/9354/3474/files/img-1782190046419-0.jpg?v=1782190050,https://cdn.shopify.com/s/files/1/0965/9354/3474/files/img-1782190047860-1.jpg?v=1782190049
Selecciones,Perú,Camiseta Perú 2026 Local,https://camisetasdefutbol.com.co/products/camiseta-peru-2026-local,100000,,https://cdn.shopify.com/s/files/1/0965/9354/3474/files/img-1786684953369-0.jpg?v=1786684958,https://cdn.shopify.com/s/files/1/0965/9354/3474/files/img-1786684955095-1.jpg?v=1786684957
Selecciones,Perú,Camiseta Perú 2026 Visitante,https://camisetasdefutbol.com.co/products/camiseta-peru-2026-visitante,100000,,https://cdn.shopify.com/s/files/1/0965/9354/3474/files/img-1786684960041-0.jpg?v=1786684963,https://cdn.shopify.com/s/files/1/0965/9354/3474/files/img-1786684961137-1.jpg?v=1786684963
Selecciones,Polonia,Camiseta Polonia 1982 Local Retro,https://camisetasdefutbol.com.co/products/camiseta-polonia-1982-local-retro,120000,,https://cdn.shopify.com/s/files/1/0965/9354/3474/files/img-1781502783873-0.jpg?v=1781502788,https://cdn.shopify.com/s/files/1/0965/9354/3474/files/img-1781502786045-1.jpg?v=1781502787
Selecciones,Polonia,Camiseta Polonia 1997 Local Retro,https://camisetasdefutbol.com.co/products/camiseta-polonia-1997-local-retro,120000,,https://cdn.shopify.com/s/files/1/0965/9354/3474/files/img-1781502775217-0.jpg?v=1781502779,https://cdn.shopify.com/s/files/1/0965/9354/3474/files/img-1781502776924-1.jpg?v=1781502779
Selecciones,Portugal,Camiseta 2025 Versión Jugador Manga Larga Portugal Visitante,https://camisetasdefutbol.com.co/products/camiseta-2025-version-jugador-manga-larga-portugal-visitante,130000,,https://cdn.shopify.com/s/files/1/0965/9354/3474/files/download_ab60d020-c70e-4da5-9fd2-e5e54c31c2ea.jpg?v=1776654833,https://cdn.shopify.com/s/files/1/0965/9354/3474/files/download_ed924ebf-bc97-4f14-90b2-d560b29b4444.jpg?v=1776654833
Selecciones,Portugal,Camiseta Portugal 2006 Local Retro,https://camisetasdefutbol.com.co/products/camiseta-portugal-2006-local-retro,120000,,https://cdn.shopify.com/s/files/1/0965/9354/3474/files/img-1780748650499-0.jpg?v=1780748655,
Selecciones,Portugal,Camiseta Portugal 2006 Local Versión Jugador Retro,https://camisetasdefutbol.com.co/products/camiseta-portugal-2006-local-version-jugador-retro,110000,,https://cdn.shopify.com/s/files/1/0965/9354/3474/files/img-1788145231530-0.jpg?v=1788145235,https://cdn.shopify.com/s/files/1/0965/9354/3474/files/img-1788145232934-1.jpg?v=1788145234
Selecciones,Portugal,Camiseta Portugal 2006 Tercera Retro,https://camisetasdefutbol.com.co/products/camiseta-portugal-2006-tercera-retro,120000,,https://cdn.shopify.com/s/files/1/0965/9354/3474/files/img-1780748613018-0.jpg?v=1780748617,https://cdn.shopify.com/s/files/1/0965/9354/3474/files/img-1780748615191-1.jpg?v=1780748617
Selecciones,Portugal,Camiseta Portugal 2010 Local Retro,https://camisetasdefutbol.com.co/products/camiseta-portugal-2010-local-retro,120000,,https://cdn.shopify.com/s/files/1/0965/9354/3474/files/img-1780748876768-0.jpg?v=1780748880,https://cdn.shopify.com/s/files/1/0965/9354/3474/files/img-1780748878559-1.jpg?v=1780748880
Selecciones,Portugal,Camiseta Portugal 2012 Local Manga Larga Retro,https://camisetasdefutbol.com.co/products/camiseta-portugal-2012-local-manga-larga-retro,135000,,https://cdn.shopify.com/s/files/1/0965/9354/3474/files/img-1788752115681-0.jpg?v=1788752118,https://cdn.shopify.com/s/files/1/0965/9354/3474/files/img-1788752117143-1.jpg?v=1788752118
Selecciones,Portugal,Camiseta Portugal 2012 Visitante Retro,https://camisetasdefutbol.com.co/products/camiseta-portugal-2012-visitante-retro,120000,,https://cdn.shopify.com/s/files/1/0965/9354/3474/files/img-1780749252874-0.jpg?v=1780749256,https://cdn.shopify.com/s/files/1/0965/9354/3474/files/img-1780749254379-1.jpg?v=1780749256
Selecciones,Portugal,Camiseta Portugal 2013 Visitante Retro,https://camisetasdefutbol.com.co/products/camiseta-portugal-2013-visitante-retro,120000,,https://cdn.shopify.com/s/files/1/0965/9354/3474/files/img-1780749267857-0.jpg?v=1780749271,https://cdn.shopify.com/s/files/1/0965/9354/3474/files/img-1780749269426-1.jpg?v=1780749271
Selecciones,Portugal,"Camiseta Portugal 2025 Local, Versión Jugador",https://camisetasdefutbol.com.co/products/camiseta-portugal-2025-local-version-jugador,110000,,https://cdn.shopify.com/s/files/1/0965/9354/3474/files/img-1780748864251-0.jpg?v=1780748868,https://cdn.shopify.com/s/files/1/0965/9354/3474/files/img-1780748865665-1.jpg?v=1780748868
Selecciones,Portugal,Camiseta Portugal 2026 Portero Gris,https://camisetasdefutbol.com.co/products/camiseta-portugal-2026-portero-gris,110000,,https://cdn.shopify.com/s/files/1/0965/9354/3474/files/img-1783301588585-0.jpg?v=1783301592,https://cdn.shopify.com/s/files/1/0965/9354/3474/files/img-1783301590004-1.jpg?v=1783301592
Selecciones,Portugal,Camiseta Portugal 2026 Portero Rosa,https://camisetasdefutbol.com.co/products/camiseta-portugal-2026-portero-rosa,110000,,https://cdn.shopify.com/s/files/1/0965/9354/3474/files/img-1783301573034-0.jpg?v=1783301576,https://cdn.shopify.com/s/files/1/0965/9354/3474/files/img-1783301574627-1.jpg?v=1783301576
Selecciones,Portugal,"Camiseta Portugal Edición Especial, Versión Jugador",https://camisetasdefutbol.com.co/products/camiseta-portugal-edicion-especial-version-jugador,110000,,https://cdn.shopify.com/s/files/1/0965/9354/3474/files/img-1780748855350-0.jpg?v=1780748859,https://cdn.shopify.com/s/files/1/0965/9354/3474/files/img-1780748857514-1.jpg?v=1780748859
Selecciones,Portugal,Rompevientos Portugal 10/11 Blanco,https://camisetasdefutbol.com.co/products/rompevientos-portugal-10-11-blanco,250000,,https://cdn.shopify.com/s/files/1/0965/9354/3474/files/img-1782190031452-0.jpg?v=1782190035,https://cdn.shopify.com/s/files/1/0965/9354/3474/files/img-1782190033273-1.jpg?v=1782190035
Selecciones,Portugal,Rompevientos Portugal 2026 Vinotinto,https://camisetasdefutbol.com.co/products/rompevientos-portugal-2026-vinotinto,250000,,https://cdn.shopify.com/s/files/1/0965/9354/3474/files/img-1786161663189-0.jpg?v=1786161666,https://cdn.shopify.com/s/files/1/0965/9354/3474/files/img-1786161664539-1.jpg?v=1786161666
Selecciones,RD Congo,Camiseta RD Congo 2026 Visitante,https://camisetasdefutbol.com.co/products/camiseta-rd-congo-2026-visitante,100000,,https://cdn.shopify.com/s/files/1/0965/9354/3474/files/7132edd089ecbc38a67361b04391c79a.jpg?v=1780547828,https://cdn.shopify.com/s/files/1/0965/9354/3474/files/68e493f69cbebc3d9315b12a125d9b98.jpg?v=1780547828
Selecciones,Senegal,Camiseta Senegal Terrace Icons Blanco,https://camisetasdefutbol.com.co/products/camiseta-senegal-terrace-icons-blanco,100000,,https://cdn.shopify.com/s/files/1/0965/9354/3474/files/img-1780759508956-0.jpg?v=1780759512,https://cdn.shopify.com/s/files/1/0965/9354/3474/files/img-1780759510204-1.jpg?v=1780759512
Selecciones,Senegal,Rompevientos Senegal 2026 Verde Oscuro,https://camisetasdefutbol.com.co/products/rompevientos-senegal-2026-verde-oscuro,250000,,https://cdn.shopify.com/s/files/1/0965/9354/3474/files/img-1782189969241-0.jpg?v=1782189972,https://cdn.shopify.com/s/files/1/0965/9354/3474/files/img-1782189970695-1.jpg?v=1782189972
Selecciones,Sudáfrica,Camiseta Sudáfrica 1994 Local Retro,https://camisetasdefutbol.com.co/products/camiseta-sudafrica-1994-local-retro,120000,,https://cdn.shopify.com/s/files/1/0965/9354/3474/files/img-1781502761009-0.jpg?v=1781502764,https://cdn.shopify.com/s/files/1/0965/9354/3474/files/img-1781502762693-1.jpg?v=1781502764
Selecciones,Sudáfrica,Camiseta Sudáfrica 1998 Local Retro,https://camisetasdefutbol.com.co/products/camiseta-sudafrica-1998-local-retro,120000,,https://cdn.shopify.com/s/files/1/0965/9354/3474/files/img-1781502768754-0.jpg?v=1781502772,https://cdn.shopify.com/s/files/1/0965/9354/3474/files/img-1781502769929-1.jpg?v=1781502772
Selecciones,Sudáfrica,Camiseta Sudáfrica 1998 Visitante Retro,https://camisetasdefutbol.com.co/products/camiseta-sudafrica-1998-visitante-retro,120000,,https://cdn.shopify.com/s/files/1/0965/9354/3474/files/img-1781502754304-0.jpg?v=1781502757,https://cdn.shopify.com/s/files/1/0965/9354/3474/files/img-1781502755645-1.jpg?v=1781502757
Selecciones,Sudáfrica,Camiseta Sudáfrica 2026 Local,https://camisetasdefutbol.com.co/products/camiseta-sudafrica-2026-local,100000,,https://cdn.shopify.com/s/files/1/0965/9354/3474/files/img-1780975358975-0.jpg?v=1780975362,
Selecciones,Suecia,"Camiseta Suecia 2026 Visitante, Versión Jugador",https://camisetasdefutbol.com.co/products/camiseta-suecia-2026-visitante-version-jugador,110000,,https://cdn.shopify.com/s/files/1/0965/9354/3474/files/img-1783732207270-0.jpg?v=1783732211,https://cdn.shopify.com/s/files/1/0965/9354/3474/files/img-1783732209249-1.jpg?v=1783732211
Selecciones,Turquía,Camiseta Turquía 2026 Local,https://camisetasdefutbol.com.co/products/camiseta-turquia-2026-local,100000,,https://cdn.shopify.com/s/files/1/0965/9354/3474/files/Camiseta_Turquia_2026_Local_front.jpg?v=1779153715,https://cdn.shopify.com/s/files/1/0965/9354/3474/files/Camiseta_Turquia_2026_Local_back.jpg?v=1779153717
Selecciones,Turquía,"Camiseta Turquía 2026 Local, Versión Jugador",https://camisetasdefutbol.com.co/products/camiseta-turquia-2026-local-version-jugador,110000,,https://cdn.shopify.com/s/files/1/0965/9354/3474/files/img-1783732228829-0.jpg?v=1783732232,https://cdn.shopify.com/s/files/1/0965/9354/3474/files/img-1783732229833-1.jpg?v=1783732232
Selecciones,Turquía,Camiseta Turquía 2026 Visitante,https://camisetasdefutbol.com.co/products/camiseta-turquia-2026-visitante,100000,,https://cdn.shopify.com/s/files/1/0965/9354/3474/files/Camiseta_Turquia_2026_Visitante_front.jpg?v=1779153723,https://cdn.shopify.com/s/files/1/0965/9354/3474/files/Camiseta_Turquia_2026_Visitante_back.jpg?v=1779153725
Selecciones,Túnez,Camiseta Túnez 2026 Local,https://camisetasdefutbol.com.co/products/camiseta-tunez-2026-local,100000,,https://cdn.shopify.com/s/files/1/0965/9354/3474/files/download_26554cbc-9198-4817-9ad9-986c5cd5be91.jpg?v=1776655672,https://cdn.shopify.com/s/files/1/0965/9354/3474/files/download_8716c6b4-0e08-4fe7-818f-950117b5f99e.jpg?v=1776655672
Selecciones,Túnez,Camiseta Túnez 2026 Visitante,https://camisetasdefutbol.com.co/products/camiseta-tunez-2026-visitante,100000,,https://cdn.shopify.com/s/files/1/0965/9354/3474/files/img-1780975450329-0.jpg?v=1780975453,https://cdn.shopify.com/s/files/1/0965/9354/3474/files/img-1780975451730-1.jpg?v=1780975453
Selecciones,Uruguay,Camiseta Uruguay 1990 Local Retro,https://camisetasdefutbol.com.co/products/camiseta-uruguay-1990-local-retro,120000,,https://cdn.shopify.com/s/files/1/0965/9354/3474/files/img-1788752135816-0.jpg?v=1788752138,https://cdn.shopify.com/s/files/1/0965/9354/3474/files/img-1788752136782-1.jpg?v=1788752138
Selecciones,Uruguay,Camiseta Uruguay 2010 Local Retro,https://camisetasdefutbol.com.co/products/camiseta-uruguay-2010-local-retro,120000,,https://cdn.shopify.com/s/files/1/0965/9354/3474/files/img-1788752142178-0.jpg?v=1788752144,https://cdn.shopify.com/s/files/1/0965/9354/3474/files/img-1788752143285-1.jpg?v=1788752144
Selecciones,Uruguay,"Camiseta Uruguay 2026 Edición Especial, Versión Jugador",https://camisetasdefutbol.com.co/products/camiseta-uruguay-2026-edicion-especial-version-jugador,110000,,https://cdn.shopify.com/s/files/1/0965/9354/3474/files/img-1780746940695-0.jpg?v=1780746944,https://cdn.shopify.com/s/files/1/0965/9354/3474/files/img-1780746942057-1.jpg?v=1780746944
Selecciones,Uzbekistán,Camiseta Uzbekistán 2026 Visitante,https://camisetasdefutbol.com.co/products/camiseta-uzbekistan-2026-visitante,100000,,https://cdn.shopify.com/s/files/1/0965/9354/3474/files/a7528304100af5ab67436d6405898736.jpg?v=1780547855,
Selecciones,Venezuela,Camiseta Venezuela 2000 Local Retro,https://camisetasdefutbol.com.co/products/camiseta-venezuela-2000-local-retro,120000,,https://cdn.shopify.com/s/files/1/0965/9354/3474/files/img-1781535477618-0.jpg?v=1781535481,https://cdn.shopify.com/s/files/1/0965/9354/3474/files/img-1781535478799-1.jpg?v=1781535480
Selecciones,Venezuela,"Camiseta Venezuela 2026 Visitante, Versión Jugador",https://camisetasdefutbol.com.co/products/camiseta-venezuela-2026-visitante-version-jugador,110000,,https://cdn.shopify.com/s/files/1/0965/9354/3474/files/img-1783732136760-0.jpg?v=1783732140,https://cdn.shopify.com/s/files/1/0965/9354/3474/files/img-1783732138031-1.jpg?v=1783732140
Selecciones,Yugoslavia,Camiseta Yugoslavia 1990 Visitante Retro,https://camisetasdefutbol.com.co/products/camiseta-yugoslavia-1990-visitante-retro,120000,,https://cdn.shopify.com/s/files/1/0965/9354/3474/files/img-1781503027731-0.jpg?v=1781503032,https://cdn.shopify.com/s/files/1/0965/9354/3474/files/img-1781503030444-1.jpg?v=1781503032
Selecciones,Yugoslavia,Camiseta Yugoslavia 1998 Local Retro,https://camisetasdefutbol.com.co/products/camiseta-yugoslavia-1998-local-retro,120000,,https://cdn.shopify.com/s/files/1/0965/9354/3474/files/img-1781503018253-0.jpg?v=1781503021,https://cdn.shopify.com/s/files/1/0965/9354/3474/files/img-1781503019461-1.jpg?v=1781503021
Fórmula 1,Aston Martin,Polo Aston Martin Aramco 2025 F1 Verde,https://camisetasdefutbol.com.co/products/polo-aston-martin-aramco-2025-f1-verde,150000,,https://cdn.shopify.com/s/files/1/0965/9354/3474/files/img-1780725951112-0.jpg?v=1780725954,https://cdn.shopify.com/s/files/1/0965/9354/3474/files/img-1780725952415-1.jpg?v=1780725954
Fórmula 1,Aston Martin,Polo Aston Martin Aramco 2026 F1,https://camisetasdefutbol.com.co/products/polo-aston-martin-aramco-2026-f1,150000,,https://cdn.shopify.com/s/files/1/0965/9354/3474/files/fix-237053008-0.jpg?v=1780704902,https://cdn.shopify.com/s/files/1/0965/9354/3474/files/fix-237053008-1.jpg?v=1780704902
Fórmula 1,Aston Martin,Rompevientos Aston Martin Aramco 2025 F1 Verde,https://camisetasdefutbol.com.co/products/rompevientos-aston-martin-aramco-2025-f1-verde,250000,,https://cdn.shopify.com/s/files/1/0965/9354/3474/files/img-1782189999588-0.jpg?v=1782190003,https://cdn.shopify.com/s/files/1/0965/9354/3474/files/img-1782190001380-1.jpg?v=1782190003
Fórmula 1,Ferrari,Camiseta Scuderia Ferrari 2025 F1 Blanco,https://camisetasdefutbol.com.co/products/camiseta-scuderia-ferrari-2025-f1-blanco,150000,,https://cdn.shopify.com/s/files/1/0965/9354/3474/files/img-1780723810408-0.jpg?v=1780723814,https://cdn.shopify.com/s/files/1/0965/9354/3474/files/img-1780723811702-1.jpg?v=1780723813
Fórmula 1,Ferrari,Camiseta Scuderia Ferrari 2025 F1 Negro,https://camisetasdefutbol.com.co/products/camiseta-scuderia-ferrari-2025-f1-negro,150000,,https://cdn.shopify.com/s/files/1/0965/9354/3474/files/img-1780723925208-0.jpg?v=1780723928,https://cdn.shopify.com/s/files/1/0965/9354/3474/files/img-1780723926493-1.jpg?v=1780723928
Fórmula 1,Ferrari,Camiseta Scuderia Ferrari 2025 F1 Rojo,https://camisetasdefutbol.com.co/products/camiseta-scuderia-ferrari-2025-f1-rojo,150000,,https://cdn.shopify.com/s/files/1/0965/9354/3474/files/img-1780723913099-0.jpg?v=1780723916,https://cdn.shopify.com/s/files/1/0965/9354/3474/files/img-1780723914516-1.jpg?v=1780723916
Fórmula 1,Ferrari,Camiseta Scuderia Ferrari 2026 F1 Edición Limitada,https://camisetasdefutbol.com.co/products/camiseta-scuderia-ferrari-2026-f1-edicion-limitada,150000,,https://cdn.shopify.com/s/files/1/0965/9354/3474/files/fix-238830391-0.jpg?v=1780705075,https://cdn.shopify.com/s/files/1/0965/9354/3474/files/fix-238830391-1.jpg?v=1780705075
Fórmula 1,Ferrari,Camiseta Scuderia Ferrari 2026 F1 Reedición,https://camisetasdefutbol.com.co/products/camiseta-scuderia-ferrari-2026-f1-reedicion,150000,,https://cdn.shopify.com/s/files/1/0965/9354/3474/files/fix-238830371-0.jpg?v=1780705070,https://cdn.shopify.com/s/files/1/0965/9354/3474/files/fix-238830371-1.jpg?v=1780705070
Fórmula 1,Ferrari,Polo Scuderia Ferrari 2025 F1 Blanco,https://camisetasdefutbol.com.co/products/polo-scuderia-ferrari-2025-f1-blanco,150000,,https://cdn.shopify.com/s/files/1/0965/9354/3474/files/img-1780723815780-0.jpg?v=1780723820,https://cdn.shopify.com/s/files/1/0965/9354/3474/files/img-1780723817738-1.jpg?v=1780723820
Fórmula 1,Ferrari,Polo Scuderia Ferrari 2025 F1 Negro,https://camisetasdefutbol.com.co/products/polo-scuderia-ferrari-2025-f1-negro,150000,,https://cdn.shopify.com/s/files/1/0965/9354/3474/files/img-1780723932447-0.jpg?v=1780723937,https://cdn.shopify.com/s/files/1/0965/9354/3474/files/img-1780723935303-1.jpg?v=1780723937
Fórmula 1,Ferrari,Polo Scuderia Ferrari 2025 F1 Rojo,https://camisetasdefutbol.com.co/products/polo-scuderia-ferrari-2025-f1-rojo,150000,,https://cdn.shopify.com/s/files/1/0965/9354/3474/files/img-1780723919397-0.jpg?v=1780723923,https://cdn.shopify.com/s/files/1/0965/9354/3474/files/img-1780723920641-1.jpg?v=1780723922
Fórmula 1,Ferrari,Polo Scuderia Ferrari 2026 F1 Réplica Oficial,https://camisetasdefutbol.com.co/products/polo-scuderia-ferrari-2026-f1-replica-oficial,150000,,https://cdn.shopify.com/s/files/1/0965/9354/3474/files/fix-238829756-0.jpg?v=1780705031,https://cdn.shopify.com/s/files/1/0965/9354/3474/files/fix-238829756-1.jpg?v=1780705031
Fórmula 1,Ferrari,Polo Scuderia Ferrari HP 2025 F1 Rojo,https://camisetasdefutbol.com.co/products/polo-scuderia-ferrari-hp-2025-f1-rojo,150000,,https://cdn.shopify.com/s/files/1/0965/9354/3474/files/img-1790545383866-0.jpg?v=1790545386,https://cdn.shopify.com/s/files/1/0965/9354/3474/files/img-1790545384815-1.jpg?v=1790545386
Fórmula 1,Ferrari,Polo Scuderia Ferrari HP 2025 F1 Rojo con Franja Blanca,https://camisetasdefutbol.com.co/products/polo-scuderia-ferrari-hp-2025-f1-rojo-con-franja-blanca,150000,,https://cdn.shopify.com/s/files/1/0965/9354/3474/files/img-1790545378598-0.jpg?v=1790545380,https://cdn.shopify.com/s/files/1/0965/9354/3474/files/img-1790545379540-1.jpg?v=1790545380
Fórmula 1,McLaren,Camiseta McLaren Racing 2025 F1 Azul Marino y Naranja,https://camisetasdefutbol.com.co/products/camiseta-mclaren-racing-2025-f1-azul-marino-y-naranja,150000,,https://cdn.shopify.com/s/files/1/0965/9354/3474/files/img-1790545394690-0.jpg?v=1790545396,https://cdn.shopify.com/s/files/1/0965/9354/3474/files/img-1790545395612-1.jpg?v=1790545396
Fórmula 1,McLaren,Camiseta McLaren Racing 2025 F1 Lando Norris,https://camisetasdefutbol.com.co/products/camiseta-mclaren-racing-2025-f1-lando-norris,150000,,https://cdn.shopify.com/s/files/1/0965/9354/3474/files/img-1790545389562-0.jpg?v=1790545391,https://cdn.shopify.com/s/files/1/0965/9354/3474/files/img-1790545390549-1.jpg?v=1790545391
Fórmula 1,McLaren,Camiseta McLaren Racing 2025 F1 Naranja y Azul Marino,https://camisetasdefutbol.com.co/products/camiseta-mclaren-racing-2025-f1-naranja-y-azul-marino,150000,,https://cdn.shopify.com/s/files/1/0965/9354/3474/files/img-1790545400302-0.jpg?v=1790545402,https://cdn.shopify.com/s/files/1/0965/9354/3474/files/img-1790545401193-1.jpg?v=1790545402
Fórmula 1,McLaren,Camiseta McLaren Racing 2026 F1,https://camisetasdefutbol.com.co/products/camiseta-mclaren-racing-2026-f1,150000,,https://cdn.shopify.com/s/files/1/0965/9354/3474/files/fix-238829877-0.jpg?v=1780705036,https://cdn.shopify.com/s/files/1/0965/9354/3474/files/fix-238829877-1.jpg?v=1780705036
Fórmula 1,McLaren,Polo McLaren Racing 2025 F1 Naranja,https://camisetasdefutbol.com.co/products/polo-mclaren-racing-2025-f1-naranja,150000,,https://cdn.shopify.com/s/files/1/0965/9354/3474/files/img-1780726085243-0.jpg?v=1780726089,https://cdn.shopify.com/s/files/1/0965/9354/3474/files/img-1780726087379-1.jpg?v=1780726089
Fórmula 1,McLaren,Polo McLaren Racing 2025 F1 Naranja y Azul Marino,https://camisetasdefutbol.com.co/products/polo-mclaren-racing-2025-f1-naranja-y-azul-marino,150000,,https://cdn.shopify.com/s/files/1/0965/9354/3474/files/img-1790545373281-0.jpg?v=1790545375,https://cdn.shopify.com/s/files/1/0965/9354/3474/files/img-1790545374344-1.jpg?v=1790545375
Fórmula 1,McLaren,Polo McLaren Racing 2026 F1,https://camisetasdefutbol.com.co/products/polo-mclaren-racing-2026-f1,150000,,https://cdn.shopify.com/s/files/1/0965/9354/3474/files/fix-238829265-0.jpg?v=1780705002,https://cdn.shopify.com/s/files/1/0965/9354/3474/files/fix-238829265-1.jpg?v=1780705002
Fórmula 1,Mercedes,Camiseta 2025 F1 Mercedes manga larga,https://camisetasdefutbol.com.co/products/camiseta-2025-f1-mercedes,150000,,https://cdn.shopify.com/s/files/1/0965/9354/3474/files/download_6e652021-2562-4b0f-b16f-8b2b5ae7da18.jpg?v=1776654811,https://cdn.shopify.com/s/files/1/0965/9354/3474/files/download_5eaf9a7b-f613-48fa-b5c9-7bfbcdd973d1.jpg?v=1776654812
Fórmula 1,Mercedes,Camiseta Mercedes-AMG Petronas 2026 F1,https://camisetasdefutbol.com.co/products/camiseta-mercedes-amg-petronas-2026-f1,150000,,https://cdn.shopify.com/s/files/1/0965/9354/3474/files/fix-238829945-0.jpg?v=1780705052,
Fórmula 1,Mercedes,Camiseta Mercedes-AMG Petronas 2026 F1 Negro,https://camisetasdefutbol.com.co/products/camiseta-mercedes-amg-petronas-2026-f1-negro,150000,,https://cdn.shopify.com/s/files/1/0965/9354/3474/files/fix-238829927-0.jpg?v=1780705047,https://cdn.shopify.com/s/files/1/0965/9354/3474/files/fix-238829927-1.jpg?v=1780705047
Fórmula 1,Mercedes,Polo Mercedes-AMG Petronas 2025 F1 Blanco,https://camisetasdefutbol.com.co/products/polo-mercedes-amg-petronas-2025-f1-blanco,150000,,https://cdn.shopify.com/s/files/1/0965/9354/3474/files/img-1780724081410-0.jpg?v=1780724085,https://cdn.shopify.com/s/files/1/0965/9354/3474/files/img-1780724082842-1.jpg?v=1780724084
Fórmula 1,Mercedes,Polo Mercedes-AMG Petronas 2025 F1 Negro,https://camisetasdefutbol.com.co/products/polo-mercedes-amg-petronas-2025-f1-negro,150000,,https://cdn.shopify.com/s/files/1/0965/9354/3474/files/img-1780724075226-0.jpg?v=1780724079,https://cdn.shopify.com/s/files/1/0965/9354/3474/files/img-1780724077115-1.jpg?v=1780724079
Fórmula 1,Mercedes,Polo Mercedes-AMG Petronas 2026 F1,https://camisetasdefutbol.com.co/products/polo-mercedes-amg-petronas-2026-f1,150000,,https://cdn.shopify.com/s/files/1/0965/9354/3474/files/fix-238829899-0.jpg?v=1780705042,https://cdn.shopify.com/s/files/1/0965/9354/3474/files/fix-238829899-1.jpg?v=1780705042
Fórmula 1,Mercedes,Polo Mercedes-AMG Petronas 2026 F1 Azul,https://camisetasdefutbol.com.co/products/polo-mercedes-amg-petronas-2026-f1-azul,150000,,https://cdn.shopify.com/s/files/1/0965/9354/3474/files/fix-238829302-0.jpg?v=1780705014,https://cdn.shopify.com/s/files/1/0965/9354/3474/files/fix-238829302-1.jpg?v=1780705014
Fórmula 1,Mercedes,Rompevientos Mercedes-AMG Petronas F1 Amarillo,https://camisetasdefutbol.com.co/products/rompevientos-mercedes-amg-petronas-f1-amarillo,250000,,https://cdn.shopify.com/s/files/1/0965/9354/3474/files/img-1782189989483-0.jpg?v=1782189992,https://cdn.shopify.com/s/files/1/0965/9354/3474/files/img-1782189990752-1.jpg?v=1782189992
Fórmula 1,Red Bull Racing,Camiseta Oracle Red Bull Racing 2025 F1 Azul Marino,https://camisetasdefutbol.com.co/products/camiseta-oracle-red-bull-racing-2025-f1-azul-marino,150000,,https://cdn.shopify.com/s/files/1/0965/9354/3474/files/img-1780724062962-0.jpg?v=1780724066,https://cdn.shopify.com/s/files/1/0965/9354/3474/files/img-1780724064294-1.jpg?v=1780724066
Fórmula 1,Red Bull Racing,Camiseta Oracle Red Bull Racing 2026 F1,https://camisetasdefutbol.com.co/products/camiseta-oracle-red-bull-racing-2026-f1-rojo,150000,,https://cdn.shopify.com/s/files/1/0965/9354/3474/files/fix-238830169-0.jpg?v=1780705059,https://cdn.shopify.com/s/files/1/0965/9354/3474/files/fix-238830169-1.jpg?v=1780705058
Fórmula 1,Red Bull Racing,Polo Oracle Red Bull Racing 2025 F1 Azul Marino,https://camisetasdefutbol.com.co/products/polo-oracle-red-bull-racing-2025-f1-azul-marino,150000,,https://cdn.shopify.com/s/files/1/0965/9354/3474/files/img-1780724069353-0.jpg?v=1780724073,https://cdn.shopify.com/s/files/1/0965/9354/3474/files/img-1780724070959-1.jpg?v=1780724073
Fórmula 1,Red Bull Racing,Polo Oracle Red Bull Racing 2025 F1 Blanco,https://camisetasdefutbol.com.co/products/polo-oracle-red-bull-racing-2025-f1-blanco,150000,,https://cdn.shopify.com/s/files/1/0965/9354/3474/files/img-1780725938933-0.jpg?v=1780725942,https://cdn.shopify.com/s/files/1/0965/9354/3474/files/img-1780725940160-1.jpg?v=1780725942
Fórmula 1,Red Bull Racing,Polo Oracle Red Bull Racing 2026 F1,https://camisetasdefutbol.com.co/products/polo-oracle-red-bull-racing-2026-f1,150000,,https://cdn.shopify.com/s/files/1/0965/9354/3474/files/fix-238829433-0.jpg?v=1780705019,https://cdn.shopify.com/s/files/1/0965/9354/3474/files/fix-238829433-1.jpg?v=1780705019
Fórmula 1,Red Bull Racing,Polo Oracle Red Bull Racing 2026 F1 Hypebeast,https://camisetasdefutbol.com.co/products/polo-oracle-red-bull-racing-2026-f1-hypebeast,150000,,https://cdn.shopify.com/s/files/1/0965/9354/3474/files/img-1780723940505-0.jpg?v=1780723944,https://cdn.shopify.com/s/files/1/0965/9354/3474/files/img-1780723942160-1.jpg?v=1780723944
Fórmula 1,Red Bull Racing,Rompevientos Oracle Red Bull Racing 2026 F1 Azul Marino,https://camisetasdefutbol.com.co/products/rompevientos-oracle-red-bull-racing-2026-f1-azul-marino,250000,,https://cdn.shopify.com/s/files/1/0965/9354/3474/files/img-1782189977947-0.jpg?v=1782189983,https://cdn.shopify.com/s/files/1/0965/9354/3474/files/img-1782189981197-1.jpg?v=1782189983
Oasis,Oasis,Camiseta Oasis 1996 Retro Roja,https://camisetasdefutbol.com.co/products/camiseta-oasis-1996-retro-roja,120000,,https://cdn.shopify.com/s/files/1/0965/9354/3474/files/img-1784400985469-0.jpg?v=1784400989,https://cdn.shopify.com/s/files/1/0965/9354/3474/files/img-1784400986532-1.jpg?v=1784400988
Oasis,Oasis,Camiseta Oasis Adidas Live Tour Negra,https://camisetasdefutbol.com.co/products/camiseta-oasis-adidas-live-tour-negra,120000,,https://cdn.shopify.com/s/files/1/0965/9354/3474/files/oasis-frente.jpg?v=1784898735,https://cdn.shopify.com/s/files/1/0965/9354/3474/files/oasis-espalda.jpg?v=1784898735
Oasis,Oasis,Camiseta Oasis Live '25 Tour,https://camisetasdefutbol.com.co/products/camiseta-oasis-live-25-tour,120000,,https://cdn.shopify.com/s/files/1/0965/9354/3474/files/img-1784400966980-0.jpg?v=1784400970,https://cdn.shopify.com/s/files/1/0965/9354/3474/files/img-1784400968015-1.jpg?v=1784400970
Otras Ligas,AD Ceuta,Camiseta AD Ceuta 98/00 Local Retro,https://camisetasdefutbol.com.co/products/camiseta-ad-ceuta-98-00-local-retro,120000,,https://cdn.shopify.com/s/files/1/0965/9354/3474/files/img-1790546371964-0.jpg?v=1790546374,https://cdn.shopify.com/s/files/1/0965/9354/3474/files/img-1790546373288-1.jpg?v=1790546374
Otras Ligas,AIK,Camiseta AIK 26/27 Local,https://camisetasdefutbol.com.co/products/camiseta-aik-26-27-local,100000,,https://cdn.shopify.com/s/files/1/0965/9354/3474/files/img-1784400731643-0.jpg?v=1784400736,https://cdn.shopify.com/s/files/1/0965/9354/3474/files/img-1784400733480-1.jpg?v=1784400735
Otras Ligas,Aberdeen,Camiseta Aberdeen 1982-1983 Retro Local,https://camisetasdefutbol.com.co/products/camiseta-aberdeen-1982-1983-retro-local,120000,,https://cdn.shopify.com/s/files/1/0965/9354/3474/files/download_ae0d9697-3887-4237-933c-80a7e3eaee40.jpg?v=1776655213,https://cdn.shopify.com/s/files/1/0965/9354/3474/files/download_9ebe2c37-d5cf-46b7-8cdc-e86256261409.jpg?v=1776655213
Otras Ligas,Aberdeen,Camiseta Aberdeen 93/94 Visitante Retro,https://camisetasdefutbol.com.co/products/camiseta-aberdeen-93-94-visitante-retro,120000,,https://cdn.shopify.com/s/files/1/0965/9354/3474/files/img-1786161801081-0.jpg?v=1786161804,https://cdn.shopify.com/s/files/1/0965/9354/3474/files/img-1786161802108-1.jpg?v=1786161804
Otras Ligas,Ajax,Camiseta Ajax 18/19 Visitante Retro,https://camisetasdefutbol.com.co/products/camiseta-ajax-18-19-visitante-retro,120000,,https://cdn.shopify.com/s/files/1/0965/9354/3474/files/img-1781536137607-0.jpg?v=1781536140,https://cdn.shopify.com/s/files/1/0965/9354/3474/files/img-1781536138716-1.jpg?v=1781536140
Otras Ligas,Ajax,Camiseta Ajax 2025-2026 Graffiti,https://camisetasdefutbol.com.co/products/camiseta-ajax-2025-2026-graffiti,100000,,https://cdn.shopify.com/s/files/1/0965/9354/3474/files/download_884eaa82-3917-420c-bc7f-e64aed97978e.jpg?v=1776655271,https://cdn.shopify.com/s/files/1/0965/9354/3474/files/download_e2d6eccb-e7a2-4729-89c7-81e6a7dd34fe.jpg?v=1776655271
Otras Ligas,Ajax,Camiseta Ajax 2025-2026 Versión Jugador Visitante,https://camisetasdefutbol.com.co/products/camiseta-ajax-2025-2026-version-jugador-visitante,110000,,https://cdn.shopify.com/s/files/1/0965/9354/3474/files/download_7b3d039b-b2c8-496d-a4d4-7f4fd0ec593c.jpg?v=1776655269,https://cdn.shopify.com/s/files/1/0965/9354/3474/files/download_08556b4e-bf31-4da5-a55f-d65204e846e7.jpg?v=1776655269
Otras Ligas,Ajax,"Camiseta Ajax 22/23 Local, Versión Jugador",https://camisetasdefutbol.com.co/products/camiseta-ajax-22-23-local-version-jugador,110000,,https://cdn.shopify.com/s/files/1/0965/9354/3474/files/img-1783730040718-0.jpg?v=1783730045,https://cdn.shopify.com/s/files/1/0965/9354/3474/files/img-1783730042495-1.jpg?v=1783730044
Otras Ligas,Ajax,Camiseta Ajax 26/27 Local,https://camisetasdefutbol.com.co/products/camiseta-ajax-26-27-local,100000,,https://cdn.shopify.com/s/files/1/0965/9354/3474/files/img-1789258412252-0.jpg?v=1789258415,https://cdn.shopify.com/s/files/1/0965/9354/3474/files/img-1789258413102-1.jpg?v=1789258415
Otras Ligas,Ajax,"Camiseta Ajax 26/27 Local, Versión Jugador",https://camisetasdefutbol.com.co/products/camiseta-ajax-26-27-local-version-jugador,110000,,https://cdn.shopify.com/s/files/1/0965/9354/3474/files/img-1788631316250-0.jpg?v=1788631319,https://cdn.shopify.com/s/files/1/0965/9354/3474/files/img-1788631317677-1.jpg?v=1788631320
Otras Ligas,Ajax,Camiseta Ajax 26/27 Tercera,https://camisetasdefutbol.com.co/products/camiseta-ajax-26-27-tercera,100000,,https://cdn.shopify.com/s/files/1/0965/9354/3474/files/img-1789258268839-0.jpg?v=1789258272,https://cdn.shopify.com/s/files/1/0965/9354/3474/files/img-1789258269791-1.jpg?v=1789258272
Otras Ligas,Ajax,"Camiseta Ajax 26/27 Tercera, Versión Jugador",https://camisetasdefutbol.com.co/products/camiseta-ajax-26-27-tercera-version-jugador,110000,,https://cdn.shopify.com/s/files/1/0965/9354/3474/files/img-1784696151853-0.jpg?v=1784696155,https://cdn.shopify.com/s/files/1/0965/9354/3474/files/img-1784696153168-1.jpg?v=1784696155
Otras Ligas,Ajax,Camiseta Ajax 26/27 Visitante,https://camisetasdefutbol.com.co/products/camiseta-ajax-26-27-visitante,100000,,https://cdn.shopify.com/s/files/1/0965/9354/3474/files/img-1789258135077-0.jpg?v=1789258138,https://cdn.shopify.com/s/files/1/0965/9354/3474/files/img-1789258136174-1.jpg?v=1789258138
Otras Ligas,Ajax,Camiseta Ajax 89/90 Local Retro,https://camisetasdefutbol.com.co/products/camiseta-ajax-89-90-local-retro,120000,,https://cdn.shopify.com/s/files/1/0965/9354/3474/files/img-1788752172212-0.jpg?v=1788752174,https://cdn.shopify.com/s/files/1/0965/9354/3474/files/img-1788752173449-1.jpg?v=1788752175
Otras Ligas,Ajax,Rompevientos Ajax 25/26 Carmesí,https://camisetasdefutbol.com.co/products/rompevientos-ajax-25-26-carmesi,250000,,https://cdn.shopify.com/s/files/1/0965/9354/3474/files/img-1782189959754-0.jpg?v=1782189964,https://cdn.shopify.com/s/files/1/0965/9354/3474/files/img-1782189961753-1.jpg?v=1782189964
Otras Ligas,Al Ahly,Camiseta Al Ahly 26/27 Local,https://camisetasdefutbol.com.co/products/camiseta-al-ahly-26-27-local,100000,,https://cdn.shopify.com/s/files/1/0965/9354/3474/files/img-1789258822929-0.jpg?v=1789258826,https://cdn.shopify.com/s/files/1/0965/9354/3474/files/img-1789258824226-1.jpg?v=1789258826
Otras Ligas,Al Hilal,Camiseta Al-Hilal 26/27 Visitante,https://camisetasdefutbol.com.co/products/camiseta-al-hilal-26-27-visitante,100000,,https://cdn.shopify.com/s/files/1/0965/9354/3474/files/img-1789258841311-0.jpg?v=1789258844,https://cdn.shopify.com/s/files/1/0965/9354/3474/files/img-1789258842792-1.jpg?v=1789258844
Otras Ligas,Al Nassr,"Camiseta Al-Nassr 26/27 Local, Versión Jugador",https://camisetasdefutbol.com.co/products/camiseta-al-nassr-26-27-local-version-jugador,110000,,https://cdn.shopify.com/s/files/1/0965/9354/3474/files/img-1789257989904-0.jpg?v=1789257994,https://cdn.shopify.com/s/files/1/0965/9354/3474/files/img-1789257992002-1.jpg?v=1789257994
Otras Ligas,Al Nassr,Camiseta Al-Nassr 26/27 Tercera,https://camisetasdefutbol.com.co/products/camiseta-al-nassr-26-27-tercera,100000,,https://cdn.shopify.com/s/files/1/0965/9354/3474/files/img-1789258829556-0.jpg?v=1789258833,https://cdn.shopify.com/s/files/1/0965/9354/3474/files/img-1789258830980-1.jpg?v=1789258833
Otras Ligas,Al Nassr,Camiseta Al-Nassr 26/27 Visitante,https://camisetasdefutbol.com.co/products/camiseta-al-nassr-26-27-visitante,100000,,https://cdn.shopify.com/s/files/1/0965/9354/3474/files/img-1789258406660-0.jpg?v=1789258409,https://cdn.shopify.com/s/files/1/0965/9354/3474/files/img-1789258407775-1.jpg?v=1789258410
Otras Ligas,América de Cali,Camiseta América de Cali 26/27 Visitante,https://camisetasdefutbol.com.co/products/camiseta-america-de-cali-26-27-visitante,100000,,https://cdn.shopify.com/s/files/1/0965/9354/3474/files/img-1784347135475-0.jpg?v=1784347139,
Otras Ligas,Atlético Nacional,"Camiseta Atlético Nacional 25/26 Local, Versión Jugador",https://camisetasdefutbol.com.co/products/camiseta-atletico-nacional-25-26-local-version-jugador,110000,,https://cdn.shopify.com/s/files/1/0965/9354/3474/files/download_c6b1a29e-4d55-4253-b48c-9f35077e0c94.jpg?v=1776655086,https://cdn.shopify.com/s/files/1/0965/9354/3474/files/download_1e34c9a1-e9ba-43d8-949f-b7c3eb1f6218.jpg?v=1776655086
Otras Ligas,Atlético Nacional,"Camiseta Atlético Nacional 25/26 Visitante, Versión Jugador",https://camisetasdefutbol.com.co/products/camiseta-atletico-nacional-25-26-visitante-version-jugador,110000,,https://cdn.shopify.com/s/files/1/0965/9354/3474/files/download_a55600a9-d02b-4a0c-a551-31b195493667.jpg?v=1776655084,https://cdn.shopify.com/s/files/1/0965/9354/3474/files/download_081ad342-ea0d-4ed9-b429-f727526dbe52.jpg?v=1776655084
Otras Ligas,Atlético Nacional,Camiseta Atlético Nacional 26/27 Tercera,https://camisetasdefutbol.com.co/products/camiseta-atletico-nacional-26-27-tercera,100000,,https://cdn.shopify.com/s/files/1/0965/9354/3474/files/img-1789258698296-0.jpg?v=1789258701,https://cdn.shopify.com/s/files/1/0965/9354/3474/files/img-1789258699249-1.jpg?v=1789258701
Otras Ligas,Atlético Nacional,Camiseta Atlético Nacional 26/27 Visitante,https://camisetasdefutbol.com.co/products/camiseta-atletico-nacional-26-27-visitante,100000,,https://cdn.shopify.com/s/files/1/0965/9354/3474/files/img-1789258684755-0.jpg?v=1789258687,
Otras Ligas,Avispa Fukuoka,Camiseta Avispa Fukuoka 26/27 Local,https://camisetasdefutbol.com.co/products/camiseta-avispa-fukuoka-26-27-local,100000,,https://cdn.shopify.com/s/files/1/0965/9354/3474/files/img-1789258599811-0.jpg?v=1789258603,https://cdn.shopify.com/s/files/1/0965/9354/3474/files/img-1789258600805-1.jpg?v=1789258603
Otras Ligas,Beşiktaş,Camiseta Beşiktaş 26/27 Local,https://camisetasdefutbol.com.co/products/camiseta-besiktas-26-27-local,100000,,https://cdn.shopify.com/s/files/1/0965/9354/3474/files/img-1790545259590-0.jpg?v=1790545261,https://cdn.shopify.com/s/files/1/0965/9354/3474/files/img-1790545260489-1.jpg?v=1790545261
Otras Ligas,Beşiktaş,Camiseta Beşiktaş 26/27 Tercera,https://camisetasdefutbol.com.co/products/camiseta-besiktas-26-27-tercera,100000,,https://cdn.shopify.com/s/files/1/0965/9354/3474/files/img-1790545253556-0.jpg?v=1790545255,https://cdn.shopify.com/s/files/1/0965/9354/3474/files/img-1790545254703-1.jpg?v=1790545255
Otras Ligas,Beşiktaş,Camiseta Beşiktaş 26/27 Visitante,https://camisetasdefutbol.com.co/products/camiseta-besiktas-26-27-visitante,100000,,https://cdn.shopify.com/s/files/1/0965/9354/3474/files/img-1790545265211-0.jpg?v=1790545267,https://cdn.shopify.com/s/files/1/0965/9354/3474/files/img-1790545266367-1.jpg?v=1790545267
Otras Ligas,Bohemians,Camiseta Bohemians 26/27 Tercera,https://camisetasdefutbol.com.co/products/camiseta-bohemians-26-27-tercera,100000,,https://cdn.shopify.com/s/files/1/0965/9354/3474/files/img-1789258261734-0.jpg?v=1789258266,
Otras Ligas,Celtic,Camiseta 2025-2026 Celtic Visitante,https://camisetasdefutbol.com.co/products/camiseta-2025-2026-celtic-visitante,100000,,https://cdn.shopify.com/s/files/1/0965/9354/3474/files/download_ce329459-5468-4867-97d8-9a3ce7ac0ae3.jpg?v=1776654927,https://cdn.shopify.com/s/files/1/0965/9354/3474/files/download_0a7695f9-9f3b-4f20-96aa-5d273c3c44b7.jpg?v=1776654927
Otras Ligas,Celtic,Camiseta Celtic 01/03 Local Retro,https://camisetasdefutbol.com.co/products/camiseta-celtic-01-03-local-retro,120000,,https://cdn.shopify.com/s/files/1/0965/9354/3474/files/img-1790545583859-0.jpg?v=1790545586,https://cdn.shopify.com/s/files/1/0965/9354/3474/files/img-1790545584908-1.jpg?v=1790545586
Otras Ligas,Celtic,Camiseta Celtic 03/04 Local Retro,https://camisetasdefutbol.com.co/products/camiseta-celtic-03-04-local-retro,120000,,https://cdn.shopify.com/s/files/1/0965/9354/3474/files/img-1790545577821-0.jpg?v=1790545580,https://cdn.shopify.com/s/files/1/0965/9354/3474/files/img-1790545578949-1.jpg?v=1790545580
Otras Ligas,Celtic,Camiseta Celtic 05/06 Local Retro,https://camisetasdefutbol.com.co/products/camiseta-celtic-05-06-local-retro,120000,,https://cdn.shopify.com/s/files/1/0965/9354/3474/files/img-1790545570290-0.jpg?v=1790545573,https://cdn.shopify.com/s/files/1/0965/9354/3474/files/img-1790545571518-1.jpg?v=1790545573
Otras Ligas,Celtic,Camiseta Celtic 06/07 Visitante Retro,https://camisetasdefutbol.com.co/products/camiseta-celtic-06-07-visitante-retro,120000,,https://cdn.shopify.com/s/files/1/0965/9354/3474/files/img-1790545564277-0.jpg?v=1790545567,https://cdn.shopify.com/s/files/1/0965/9354/3474/files/img-1790545565723-1.jpg?v=1790545566
Otras Ligas,Celtic,Camiseta Celtic 10/12 Local Retro,https://camisetasdefutbol.com.co/products/camiseta-celtic-10-12-local-retro,120000,,https://cdn.shopify.com/s/files/1/0965/9354/3474/files/img-1790545558456-0.jpg?v=1790545560,https://cdn.shopify.com/s/files/1/0965/9354/3474/files/img-1790545559455-1.jpg?v=1790545560
Otras Ligas,Celtic,"Camiseta Celtic 22/23 Local, Versión Jugador",https://camisetasdefutbol.com.co/products/camiseta-celtic-22-23-local-version-jugador,110000,,https://cdn.shopify.com/s/files/1/0965/9354/3474/files/img-1783729969685-0.jpg?v=1783729974,https://cdn.shopify.com/s/files/1/0965/9354/3474/files/img-1783729971634-1.jpg?v=1783729974
Otras Ligas,Celtic,"Camiseta Celtic 22/23 Visitante, Versión Jugador",https://camisetasdefutbol.com.co/products/camiseta-celtic-22-23-visitante-version-jugador,110000,,https://cdn.shopify.com/s/files/1/0965/9354/3474/files/img-1783730063819-0.jpg?v=1783730067,https://cdn.shopify.com/s/files/1/0965/9354/3474/files/img-1783730065558-1.jpg?v=1783730068
Otras Ligas,Celtic,"Camiseta Celtic 25/26 Tercera, Versión Jugador",https://camisetasdefutbol.com.co/products/camiseta-celtic-25-26-tercera-version-jugador,110000,,https://cdn.shopify.com/s/files/1/0965/9354/3474/files/img-1783732365900-0.jpg?v=1783732369,https://cdn.shopify.com/s/files/1/0965/9354/3474/files/img-1783732367081-1.jpg?v=1783732369
Otras Ligas,Celtic,Camiseta Celtic 26/27 Tercera,https://camisetasdefutbol.com.co/products/camiseta-celtic-26-27-tercera,100000,,https://cdn.shopify.com/s/files/1/0965/9354/3474/files/img-1790545552228-0.jpg?v=1790545554,https://cdn.shopify.com/s/files/1/0965/9354/3474/files/img-1790545553419-1.jpg?v=1790545554
Otras Ligas,Celtic,Camiseta Celtic 85/86 Local Retro,https://camisetasdefutbol.com.co/products/camiseta-celtic-85-86-local-retro,120000,,https://cdn.shopify.com/s/files/1/0965/9354/3474/files/img-1790545516834-0.jpg?v=1790545519,https://cdn.shopify.com/s/files/1/0965/9354/3474/files/img-1790545517798-1.jpg?v=1790545519
Otras Ligas,Celtic,Camiseta Celtic 85/86 Visitante Retro,https://camisetasdefutbol.com.co/products/camiseta-celtic-85-86-visitante-retro,120000,,https://cdn.shopify.com/s/files/1/0965/9354/3474/files/img-1790545510896-0.jpg?v=1790545512,https://cdn.shopify.com/s/files/1/0965/9354/3474/files/img-1790545511800-1.jpg?v=1790545512
Otras Ligas,Celtic,Camiseta Celtic 85/87 Local Retro,https://camisetasdefutbol.com.co/products/camiseta-celtic-85-87-local-retro,120000,,https://cdn.shopify.com/s/files/1/0965/9354/3474/files/img-1790545545640-0.jpg?v=1790545547,https://cdn.shopify.com/s/files/1/0965/9354/3474/files/img-1790545546537-1.jpg?v=1790545547
Otras Ligas,Celtic,Camiseta Celtic 87/88 Local Retro,https://camisetasdefutbol.com.co/products/camiseta-celtic-87-88-local-retro,120000,,https://cdn.shopify.com/s/files/1/0965/9354/3474/files/img-1790545540170-0.jpg?v=1790545542,https://cdn.shopify.com/s/files/1/0965/9354/3474/files/img-1790545541085-1.jpg?v=1790545542
Otras Ligas,Celtic,Camiseta Celtic 91/92 Visitante Retro,https://camisetasdefutbol.com.co/products/camiseta-celtic-91-92-visitante-retro,120000,,https://cdn.shopify.com/s/files/1/0965/9354/3474/files/img-1790545534164-0.jpg?v=1790545536,https://cdn.shopify.com/s/files/1/0965/9354/3474/files/img-1790545535260-1.jpg?v=1790545536
Otras Ligas,Celtic,Camiseta Celtic 92/93 Visitante Retro,https://camisetasdefutbol.com.co/products/camiseta-celtic-92-93-visitante-retro,120000,,https://cdn.shopify.com/s/files/1/0965/9354/3474/files/img-1781535833786-0.jpg?v=1781535838,https://cdn.shopify.com/s/files/1/0965/9354/3474/files/img-1781535836179-1.jpg?v=1781535838
Otras Ligas,Celtic,Camiseta Celtic 94/96 Visitante Retro,https://camisetasdefutbol.com.co/products/camiseta-celtic-94-96-visitante-retro,120000,,https://cdn.shopify.com/s/files/1/0965/9354/3474/files/img-1790545505218-0.jpg?v=1790545507,https://cdn.shopify.com/s/files/1/0965/9354/3474/files/img-1790545506363-1.jpg?v=1790545507
Otras Ligas,Celtic,Camiseta Celtic 98/99 Visitante Retro,https://camisetasdefutbol.com.co/products/camiseta-celtic-98-99-visitante-retro,120000,,https://cdn.shopify.com/s/files/1/0965/9354/3474/files/img-1790545528579-0.jpg?v=1790545530,https://cdn.shopify.com/s/files/1/0965/9354/3474/files/img-1790545529515-1.jpg?v=1790545530
Otras Ligas,Celtic,Camiseta Celtic 99/00 Local Retro,https://camisetasdefutbol.com.co/products/camiseta-celtic-99-00-local-retro,120000,,https://cdn.shopify.com/s/files/1/0965/9354/3474/files/img-1790545522964-0.jpg?v=1790545524,https://cdn.shopify.com/s/files/1/0965/9354/3474/files/img-1790545523914-1.jpg?v=1790545524
Otras Ligas,Cerezo Osaka,Camiseta Cerezo Osaka 26/27 Local,https://camisetasdefutbol.com.co/products/camiseta-cerezo-osaka-26-27-local,100000,,https://cdn.shopify.com/s/files/1/0965/9354/3474/files/img-1789258587719-0.jpg?v=1789258591,https://cdn.shopify.com/s/files/1/0965/9354/3474/files/img-1789258588738-1.jpg?v=1789258590
Otras Ligas,Cerezo Osaka,Camiseta Cerezo Osaka 26/27 Visitante,https://camisetasdefutbol.com.co/products/camiseta-cerezo-osaka-26-27-visitante,100000,,https://cdn.shopify.com/s/files/1/0965/9354/3474/files/img-1789258593746-0.jpg?v=1789258596,https://cdn.shopify.com/s/files/1/0965/9354/3474/files/img-1789258594694-1.jpg?v=1789258596
Otras Ligas,Dundee United,Camiseta Dundee United 26/27 Local,https://camisetasdefutbol.com.co/products/camiseta-dundee-united-26-27-local,100000,,https://cdn.shopify.com/s/files/1/0965/9354/3474/files/img-1789258101802-0.jpg?v=1789258104,https://cdn.shopify.com/s/files/1/0965/9354/3474/files/img-1789258102637-1.jpg?v=1789258104
Otras Ligas,FC Tokyo,Camiseta FC Tokyo 26/27 Local,https://camisetasdefutbol.com.co/products/camiseta-fc-tokyo-26-27-local,100000,,https://cdn.shopify.com/s/files/1/0965/9354/3474/files/img-1789258576136-0.jpg?v=1789258579,https://cdn.shopify.com/s/files/1/0965/9354/3474/files/img-1789258577111-1.jpg?v=1789258579
Otras Ligas,Fenerbahçe,Camiseta Fenerbahçe 07/08 Local Retro,https://camisetasdefutbol.com.co/products/camiseta-fenerbahce-07-08-local-retro,120000,,https://cdn.shopify.com/s/files/1/0965/9354/3474/files/img-1781535895370-0.jpg?v=1781535900,https://cdn.shopify.com/s/files/1/0965/9354/3474/files/img-1781535897516-1.jpg?v=1781535899
Otras Ligas,Fenerbahçe,Camiseta Fenerbahçe 26/27 Local,https://camisetasdefutbol.com.co/products/camiseta-fenerbahce-26-27-local,100000,,https://cdn.shopify.com/s/files/1/0965/9354/3474/files/img-1790545121487-0.jpg?v=1790545123,https://cdn.shopify.com/s/files/1/0965/9354/3474/files/img-1790545122376-1.jpg?v=1790545123
Otras Ligas,Fenerbahçe,Camiseta Fenerbahçe 26/27 Tercera,https://camisetasdefutbol.com.co/products/camiseta-fenerbahce-26-27-tercera,100000,,https://cdn.shopify.com/s/files/1/0965/9354/3474/files/img-1790545115305-0.jpg?v=1790545117,https://cdn.shopify.com/s/files/1/0965/9354/3474/files/img-1790545116825-1.jpg?v=1790545118
Otras Ligas,Fenerbahçe,Camiseta Fenerbahçe 26/27 Visitante,https://camisetasdefutbol.com.co/products/camiseta-fenerbahce-26-27-visitante,100000,,https://cdn.shopify.com/s/files/1/0965/9354/3474/files/img-1790545126931-0.jpg?v=1790545128,https://cdn.shopify.com/s/files/1/0965/9354/3474/files/img-1790545127834-1.jpg?v=1790545129
Otras Ligas,Galatasaray,Camiseta Galatasaray 10/11 Tercera Retro,https://camisetasdefutbol.com.co/products/camiseta-galatasaray-10-11-tercera-retro,120000,,https://cdn.shopify.com/s/files/1/0965/9354/3474/files/img-1786161873739-0.jpg?v=1786161876,https://cdn.shopify.com/s/files/1/0965/9354/3474/files/img-1786161874723-1.jpg?v=1786161876
Otras Ligas,Galatasaray,Camiseta Galatasaray 10/11 Visitante Retro,https://camisetasdefutbol.com.co/products/camiseta-galatasaray-10-11-visitante-retro,120000,,https://cdn.shopify.com/s/files/1/0965/9354/3474/files/img-1786161861790-0.jpg?v=1786161865,https://cdn.shopify.com/s/files/1/0965/9354/3474/files/img-1786161862737-1.jpg?v=1786161865
Otras Ligas,Galatasaray,"Camiseta Galatasaray 26/27 Local, Versión Jugador",https://camisetasdefutbol.com.co/products/camiseta-galatasaray-26-27-local-version-jugador,110000,,https://cdn.shopify.com/s/files/1/0965/9354/3474/files/img-1783732161444-0.jpg?v=1783732164,https://cdn.shopify.com/s/files/1/0965/9354/3474/files/img-1783732162864-1.jpg?v=1783732164
Otras Ligas,Galatasaray,"Camiseta Galatasaray 26/27 Visitante, Versión Jugador",https://camisetasdefutbol.com.co/products/camiseta-galatasaray-26-27-visitante-version-jugador,110000,,https://cdn.shopify.com/s/files/1/0965/9354/3474/files/img-1783732167816-0.jpg?v=1783732171,https://cdn.shopify.com/s/files/1/0965/9354/3474/files/img-1783732168767-1.jpg?v=1783732171
Otras Ligas,Gamba Osaka,Camiseta Gamba Osaka 26/27 Local,https://camisetasdefutbol.com.co/products/camiseta-gamba-osaka-26-27-local,100000,,https://cdn.shopify.com/s/files/1/0965/9354/3474/files/img-1789258564313-0.jpg?v=1789258567,https://cdn.shopify.com/s/files/1/0965/9354/3474/files/img-1789258565371-1.jpg?v=1789258567
Otras Ligas,Gamba Osaka,Camiseta Gamba Osaka 26/27 Visitante,https://camisetasdefutbol.com.co/products/camiseta-gamba-osaka-26-27-visitante,100000,,https://cdn.shopify.com/s/files/1/0965/9354/3474/files/img-1789258570450-0.jpg?v=1789258573,https://cdn.shopify.com/s/files/1/0965/9354/3474/files/img-1789258571417-1.jpg?v=1789258573
Otras Ligas,Junior de Barranquilla,Camiseta Junior 26/27 Visitante,https://camisetasdefutbol.com.co/products/camiseta-junior-26-27-visitante,100000,,https://cdn.shopify.com/s/files/1/0965/9354/3474/files/img-1784400603036-0.jpg?v=1784400606,https://cdn.shopify.com/s/files/1/0965/9354/3474/files/img-1784400604359-1.jpg?v=1784400606
Otras Ligas,Kashima Antlers,Camiseta Kashima Antlers 26/27 Local,https://camisetasdefutbol.com.co/products/camiseta-kashima-antlers-26-27-local,100000,,https://cdn.shopify.com/s/files/1/0965/9354/3474/files/img-1789258558118-0.jpg?v=1789258561,https://cdn.shopify.com/s/files/1/0965/9354/3474/files/img-1789258559471-1.jpg?v=1789258561
Otras Ligas,Kashiwa Reysol,Camiseta Kashiwa Reysol 26/27 Local,https://camisetasdefutbol.com.co/products/camiseta-kashiwa-reysol-26-27-local,100000,,https://cdn.shopify.com/s/files/1/0965/9354/3474/files/img-1789258546023-0.jpg?v=1789258549,https://cdn.shopify.com/s/files/1/0965/9354/3474/files/img-1789258547014-1.jpg?v=1789258549
Otras Ligas,Kashiwa Reysol,Camiseta Kashiwa Reysol 26/27 Visitante,https://camisetasdefutbol.com.co/products/camiseta-kashiwa-reysol-26-27-visitante,100000,,https://cdn.shopify.com/s/files/1/0965/9354/3474/files/img-1789258552238-0.jpg?v=1789258555,https://cdn.shopify.com/s/files/1/0965/9354/3474/files/img-1789258553334-1.jpg?v=1789258555
Otras Ligas,Kawasaki Frontale,Camiseta Kawasaki Frontale 26/27 Local,https://camisetasdefutbol.com.co/products/camiseta-kawasaki-frontale-26-27-local,100000,,https://cdn.shopify.com/s/files/1/0965/9354/3474/files/img-1789258534146-0.jpg?v=1789258537,https://cdn.shopify.com/s/files/1/0965/9354/3474/files/img-1789258535222-1.jpg?v=1789258537
Otras Ligas,Kawasaki Frontale,Camiseta Kawasaki Frontale 26/27 Visitante,https://camisetasdefutbol.com.co/products/camiseta-kawasaki-frontale-26-27-visitante,100000,,https://cdn.shopify.com/s/files/1/0965/9354/3474/files/img-1789258540405-0.jpg?v=1789258543,https://cdn.shopify.com/s/files/1/0965/9354/3474/files/img-1789258541329-1.jpg?v=1789258543
Otras Ligas,Kyoto Sanga,Camiseta Kyoto Sanga 26/27 Local,https://camisetasdefutbol.com.co/products/camiseta-kyoto-sanga-26-27-local,100000,,https://cdn.shopify.com/s/files/1/0965/9354/3474/files/img-1789258521896-0.jpg?v=1789258525,https://cdn.shopify.com/s/files/1/0965/9354/3474/files/img-1789258522963-1.jpg?v=1789258525
Otras Ligas,Kyoto Sanga,Camiseta Kyoto Sanga 26/27 Visitante,https://camisetasdefutbol.com.co/products/camiseta-kyoto-sanga-26-27-visitante,100000,,https://cdn.shopify.com/s/files/1/0965/9354/3474/files/img-1789258528298-0.jpg?v=1789258531,https://cdn.shopify.com/s/files/1/0965/9354/3474/files/img-1789258529339-1.jpg?v=1789258531
Otras Ligas,Millonarios,Camiseta Millonarios 26/27 Local,https://camisetasdefutbol.com.co/products/camiseta-millonarios-26-27-local,100000,,https://cdn.shopify.com/s/files/1/0965/9354/3474/files/img-1784347149675-0.jpg?v=1784347154,https://cdn.shopify.com/s/files/1/0965/9354/3474/files/img-1784347151570-1.jpg?v=1784347154
Otras Ligas,Nacional,Camiseta Nacional 26/27 Portero Rojo,https://camisetasdefutbol.com.co/products/camiseta-nacional-26-27-portero-rojo,110000,,https://cdn.shopify.com/s/files/1/0965/9354/3474/files/img-1783301659300-0.jpg?v=1783301662,https://cdn.shopify.com/s/files/1/0965/9354/3474/files/img-1783301660589-1.jpg?v=1783301662
Otras Ligas,Nagoya Grampus,Camiseta Nagoya Grampus 26/27 Local,https://camisetasdefutbol.com.co/products/camiseta-nagoya-grampus-26-27-local,100000,,https://cdn.shopify.com/s/files/1/0965/9354/3474/files/img-1789258495504-0.jpg?v=1789258498,https://cdn.shopify.com/s/files/1/0965/9354/3474/files/img-1789258496650-1.jpg?v=1789258499
Otras Ligas,Nagoya Grampus,Camiseta Nagoya Grampus 26/27 Visitante,https://camisetasdefutbol.com.co/products/camiseta-nagoya-grampus-26-27-visitante,100000,,https://cdn.shopify.com/s/files/1/0965/9354/3474/files/img-1789258502043-0.jpg?v=1789258505,https://cdn.shopify.com/s/files/1/0965/9354/3474/files/img-1789258503716-1.jpg?v=1789258506
Otras Ligas,Olimpia,Camiseta CD Olimpia 26/27 Local,https://camisetasdefutbol.com.co/products/camiseta-cd-olimpia-26-27-local,100000,,https://cdn.shopify.com/s/files/1/0965/9354/3474/files/img-1789258853854-0.jpg?v=1789258857,https://cdn.shopify.com/s/files/1/0965/9354/3474/files/img-1789258854795-1.jpg?v=1789258857
Otras Ligas,Olimpia,Camiseta CD Olimpia 26/27 Tercera,https://camisetasdefutbol.com.co/products/camiseta-cd-olimpia-26-27-tercera,100000,,https://cdn.shopify.com/s/files/1/0965/9354/3474/files/img-1789258847787-0.jpg?v=1789258850,
Otras Ligas,Olimpia,Camiseta CD Olimpia 26/27 Visitante,https://camisetasdefutbol.com.co/products/camiseta-cd-olimpia-26-27-visitante,100000,,https://cdn.shopify.com/s/files/1/0965/9354/3474/files/img-1789258860497-0.jpg?v=1789258864,https://cdn.shopify.com/s/files/1/0965/9354/3474/files/img-1789258861681-1.jpg?v=1789258864
Otras Ligas,Olimpia,Camiseta Olimpia 26/27 Tercera,https://camisetasdefutbol.com.co/products/camiseta-olimpia-26-27-tercera,100000,,https://cdn.shopify.com/s/files/1/0965/9354/3474/files/img-1789258872958-0.jpg?v=1789258876,https://cdn.shopify.com/s/files/1/0965/9354/3474/files/img-1789258874139-1.jpg?v=1789258876
Otras Ligas,Olimpia,Camiseta Olimpia 26/27 Visitante,https://camisetasdefutbol.com.co/products/camiseta-olimpia-26-27-visitante,100000,,https://cdn.shopify.com/s/files/1/0965/9354/3474/files/img-1789258866616-0.jpg?v=1789258869,https://cdn.shopify.com/s/files/1/0965/9354/3474/files/img-1789258867682-1.jpg?v=1789258869
Otras Ligas,Olympiacos,Camiseta Olympiacos 02/03 Local Retro,https://camisetasdefutbol.com.co/products/camiseta-olympiacos-02-03-local-retro,120000,,https://cdn.shopify.com/s/files/1/0965/9354/3474/files/img-1781536450522-0.jpg?v=1781536454,https://cdn.shopify.com/s/files/1/0965/9354/3474/files/img-1781536451869-1.jpg?v=1781536454
Otras Ligas,Olympiacos,Camiseta Olympiacos 26/27 Local,https://camisetasdefutbol.com.co/products/camiseta-olympiacos-26-27-local,100000,,https://cdn.shopify.com/s/files/1/0965/9354/3474/files/img-1784400421579-0.jpg?v=1784400425,https://cdn.shopify.com/s/files/1/0965/9354/3474/files/img-1784400422862-1.jpg?v=1784400425
Otras Ligas,Otros,Camiseta 2025-2026  Venezia Visitante,https://camisetasdefutbol.com.co/products/camiseta-2025-2026-venezia-visitante,100000,,https://cdn.shopify.com/s/files/1/0965/9354/3474/files/download_991fddc4-6eeb-4f5d-8ace-dbe560e76baa.jpg?v=1776655169,https://cdn.shopify.com/s/files/1/0965/9354/3474/files/download_8ef7e012-37ce-4095-a107-783079cb40ee.jpg?v=1776655169
Otras Ligas,Otros,Camiseta 2025-2026 Guimarães Local,https://camisetasdefutbol.com.co/products/camiseta-2025-2026-guimaraes-local,100000,,https://cdn.shopify.com/s/files/1/0965/9354/3474/files/download_ac470764-583a-458e-9c18-6d0067e783fd.jpg?v=1776654976,
Otras Ligas,Otros,Camiseta 2025-2026 Guimarães Visitante,https://camisetasdefutbol.com.co/products/camiseta-2025-2026-guimaraes-visitante,100000,,https://cdn.shopify.com/s/files/1/0965/9354/3474/files/download_a42c0f49-ef84-4eec-88a4-38a775eadb00.jpg?v=1776654974,https://cdn.shopify.com/s/files/1/0965/9354/3474/files/download_6a786e40-4576-4dc2-be52-ae96170f4b3e.jpg?v=1776654973
Otras Ligas,Otros,Camiseta 2025-2026 Manga Larga Venezia Visitante,https://camisetasdefutbol.com.co/products/camiseta-2025-2026-manga-larga-venice-visitante,120000,,https://cdn.shopify.com/s/files/1/0965/9354/3474/files/8666c96f.jpg?v=1778468532,https://cdn.shopify.com/s/files/1/0965/9354/3474/files/download_827268b5-f024-4685-9dc1-530fb430b639.jpg?v=1776655005
Otras Ligas,Otros,Camiseta 2025-2026 Venezia Local,https://camisetasdefutbol.com.co/products/camiseta-2025-2026-venezia-local,100000,,https://cdn.shopify.com/s/files/1/0965/9354/3474/files/download_ee0caf7c-4541-475d-bc39-68e077c81135.jpg?v=1776655171,https://cdn.shopify.com/s/files/1/0965/9354/3474/files/download_f15768e7-bfa8-4574-a1f0-1649e4f0ee1f.jpg?v=1776655171
Otras Ligas,Otros,Camiseta CD Castellón 25/26 Retro,https://camisetasdefutbol.com.co/products/camiseta-cd-castellon-25-26-retro,120000,,https://cdn.shopify.com/s/files/1/0965/9354/3474/files/img-1783228942680-0.jpg?v=1783228946,https://cdn.shopify.com/s/files/1/0965/9354/3474/files/img-1783228943919-1.jpg?v=1783228946
Otras Ligas,Otros,Camiseta CF Montréal 26/27 Visitante,https://camisetasdefutbol.com.co/products/camiseta-cf-montreal-26-27-visitante,100000,,https://cdn.shopify.com/s/files/1/0965/9354/3474/files/img-1790545841428-0.jpg?v=1790545843,https://cdn.shopify.com/s/files/1/0965/9354/3474/files/img-1790545842623-1.jpg?v=1790545843
Otras Ligas,Otros,Camiseta Cerro Porteño 26/27 Visitante,https://camisetasdefutbol.com.co/products/camiseta-cerro-porteno-26-27-visitante,100000,,https://cdn.shopify.com/s/files/1/0965/9354/3474/files/img-1784347171803-0.jpg?v=1784347175,https://cdn.shopify.com/s/files/1/0965/9354/3474/files/img-1784347173514-1.jpg?v=1784347175
Otras Ligas,Otros,Camiseta Chicago Fire 26/27 Local,https://camisetasdefutbol.com.co/products/camiseta-chicago-fire-26-27-local,100000,,https://cdn.shopify.com/s/files/1/0965/9354/3474/files/img-1790545207576-0.jpg?v=1790545209,https://cdn.shopify.com/s/files/1/0965/9354/3474/files/img-1790545208530-1.jpg?v=1790545209
Otras Ligas,Otros,Camiseta Chicago Fire 26/27 Tercera,https://camisetasdefutbol.com.co/products/camiseta-chicago-fire-26-27-tercera,100000,,https://cdn.shopify.com/s/files/1/0965/9354/3474/files/img-1790545201293-0.jpg?v=1790545204,https://cdn.shopify.com/s/files/1/0965/9354/3474/files/img-1790545202840-1.jpg?v=1790545204
Otras Ligas,Otros,"Camiseta Club León 26/27 Visitante, Versión Jugador",https://camisetasdefutbol.com.co/products/camiseta-club-leon-26-27-visitante-version-jugador,110000,,https://cdn.shopify.com/s/files/1/0965/9354/3474/files/img-1790545179472-0.jpg?v=1790545181,https://cdn.shopify.com/s/files/1/0965/9354/3474/files/img-1790545180654-1.jpg?v=1790545181
Otras Ligas,Otros,Camiseta Colonia 1992 Visitante Retro,https://camisetasdefutbol.com.co/products/camiseta-colonia-1992-visitante-retro,120000,,https://cdn.shopify.com/s/files/1/0965/9354/3474/files/img-1786161951285-0.jpg?v=1786161954,https://cdn.shopify.com/s/files/1/0965/9354/3474/files/img-1786161952199-1.jpg?v=1786161954
Otras Ligas,Otros,Camiseta Colonia 88/89 Tercera Retro,https://camisetasdefutbol.com.co/products/camiseta-colonia-88-89-tercera-retro,120000,,https://cdn.shopify.com/s/files/1/0965/9354/3474/files/img-1781536094311-0.jpg?v=1781536098,https://cdn.shopify.com/s/files/1/0965/9354/3474/files/img-1781536095625-1.jpg?v=1781536098
Otras Ligas,Otros,Camiseta Compostela 97/99 Local Retro,https://camisetasdefutbol.com.co/products/camiseta-compostela-97-99-local-retro,120000,,https://cdn.shopify.com/s/files/1/0965/9354/3474/files/img-1784483509823-0.jpg?v=1784483513,https://cdn.shopify.com/s/files/1/0965/9354/3474/files/img-1784483511272-1.jpg?v=1784483513
Otras Ligas,Otros,Camiseta Cultural Leonesa 26/27 Local,https://camisetasdefutbol.com.co/products/camiseta-cultural-leonesa-26-27-local,100000,,https://cdn.shopify.com/s/files/1/0965/9354/3474/files/img-1790545147245-0.jpg?v=1790545149,https://cdn.shopify.com/s/files/1/0965/9354/3474/files/img-1790545148413-1.jpg?v=1790545149
Otras Ligas,Otros,Camiseta Cultural Leonesa 26/27 Visitante,https://camisetasdefutbol.com.co/products/camiseta-cultural-leonesa-26-27-visitante,100000,,https://cdn.shopify.com/s/files/1/0965/9354/3474/files/img-1790545152884-0.jpg?v=1790545155,https://cdn.shopify.com/s/files/1/0965/9354/3474/files/img-1790545153896-1.jpg?v=1790545155
Otras Ligas,Otros,Camiseta Derry City 26/27 Local,https://camisetasdefutbol.com.co/products/camiseta-derry-city-26-27-local,100000,,https://cdn.shopify.com/s/files/1/0965/9354/3474/files/img-1784400678885-0.jpg?v=1784400682,https://cdn.shopify.com/s/files/1/0965/9354/3474/files/img-1784400680358-1.jpg?v=1784400682
Otras Ligas,Otros,Camiseta Estrella Roja de Belgrado 26/27 Local,https://camisetasdefutbol.com.co/products/camiseta-estrella-roja-de-belgrado-26-27-local,100000,,https://cdn.shopify.com/s/files/1/0965/9354/3474/files/img-1784400649597-0.jpg?v=1784400653,https://cdn.shopify.com/s/files/1/0965/9354/3474/files/img-1784400650794-1.jpg?v=1784400653
Otras Ligas,Otros,Camiseta Euskal Herria Años 90 Negra Retro,https://camisetasdefutbol.com.co/products/camiseta-euskal-herria-anos-90-negra-retro,120000,,https://cdn.shopify.com/s/files/1/0965/9354/3474/files/img-1790545325022-0.jpg?v=1790545327,https://cdn.shopify.com/s/files/1/0965/9354/3474/files/img-1790545326126-1.jpg?v=1790545327
Otras Ligas,Otros,Camiseta Euskal Herria Años 90 Verde Retro,https://camisetasdefutbol.com.co/products/camiseta-euskal-herria-anos-90-verde-retro,120000,,https://cdn.shopify.com/s/files/1/0965/9354/3474/files/img-1790545330693-0.jpg?v=1790545333,https://cdn.shopify.com/s/files/1/0965/9354/3474/files/img-1790545331902-1.jpg?v=1790545333
Otras Ligas,Otros,Camiseta Heart of Midlothian 26/27 Local,https://camisetasdefutbol.com.co/products/camiseta-heart-of-midlothian-26-27-local,100000,,https://cdn.shopify.com/s/files/1/0965/9354/3474/files/img-1784400671341-0.jpg?v=1784400674,https://cdn.shopify.com/s/files/1/0965/9354/3474/files/img-1784400672490-1.jpg?v=1784400674
Otras Ligas,Otros,Camiseta Heart of Midlothian 26/27 Visitante,https://camisetasdefutbol.com.co/products/camiseta-heart-of-midlothian-26-27-visitante,100000,,https://cdn.shopify.com/s/files/1/0965/9354/3474/files/img-1789258248743-0.jpg?v=1789258251,https://cdn.shopify.com/s/files/1/0965/9354/3474/files/img-1789258249677-1.jpg?v=1789258251
Otras Ligas,Otros,Camiseta Levante UD 26/27 Local,https://camisetasdefutbol.com.co/products/camiseta-levante-ud-26-27-local,100000,,https://cdn.shopify.com/s/files/1/0965/9354/3474/files/img-1790545344066-0.jpg?v=1790545346,https://cdn.shopify.com/s/files/1/0965/9354/3474/files/img-1790545345294-1.jpg?v=1790545346
Otras Ligas,Otros,Camiseta Levante UD 26/27 Visitante,https://camisetasdefutbol.com.co/products/camiseta-levante-ud-26-27-visitante,100000,,https://cdn.shopify.com/s/files/1/0965/9354/3474/files/img-1790545350207-0.jpg?v=1790545353,https://cdn.shopify.com/s/files/1/0965/9354/3474/files/img-1790545351191-1.jpg?v=1790545352
Otras Ligas,Otros,Camiseta Los Angeles FC 26/27 Local,https://camisetasdefutbol.com.co/products/camiseta-los-angeles-fc-26-27-local,100000,,https://cdn.shopify.com/s/files/1/0965/9354/3474/files/img-1790545707489-0.jpg?v=1790545709,https://cdn.shopify.com/s/files/1/0965/9354/3474/files/img-1790545708596-1.jpg?v=1790545709
Otras Ligas,Otros,Camiseta Montevideo City Torque 26/27 Local,https://camisetasdefutbol.com.co/products/camiseta-montevideo-city-torque-26-27-local,100000,,https://cdn.shopify.com/s/files/1/0965/9354/3474/files/img-1784400657013-0.jpg?v=1784400660,https://cdn.shopify.com/s/files/1/0965/9354/3474/files/img-1784400658191-1.jpg?v=1784400660
Otras Ligas,Otros,Camiseta New York Red Bulls 26/27 Local,https://camisetasdefutbol.com.co/products/camiseta-new-york-red-bulls-26-27-local,100000,,https://cdn.shopify.com/s/files/1/0965/9354/3474/files/img-1784400762199-0.jpg?v=1784400765,https://cdn.shopify.com/s/files/1/0965/9354/3474/files/img-1784400763700-1.jpg?v=1784400765
Otras Ligas,Otros,Camiseta Newell's Old Boys 26/27 Visitante,https://camisetasdefutbol.com.co/products/camiseta-newells-old-boys-26-27-visitante,100000,,https://cdn.shopify.com/s/files/1/0965/9354/3474/files/img-1784347186059-0.jpg?v=1784347189,https://cdn.shopify.com/s/files/1/0965/9354/3474/files/img-1784347187266-1.jpg?v=1784347189
Otras Ligas,Otros,Camiseta Norwich City 92/94 Local Retro,https://camisetasdefutbol.com.co/products/camiseta-norwich-city-92-94-local-retro,120000,,https://cdn.shopify.com/s/files/1/0965/9354/3474/files/img-1790546069582-0.jpg?v=1790546072,https://cdn.shopify.com/s/files/1/0965/9354/3474/files/img-1790546070741-1.jpg?v=1790546071
Otras Ligas,Otros,Camiseta Náutico 26/27 Local,https://camisetasdefutbol.com.co/products/camiseta-nautico-26-27-local,100000,,https://cdn.shopify.com/s/files/1/0965/9354/3474/files/img-1784400706404-0.jpg?v=1784400709,https://cdn.shopify.com/s/files/1/0965/9354/3474/files/img-1784400707617-1.jpg?v=1784400710
Otras Ligas,Otros,Camiseta Olympique de Marseille 92/93 Local Retro,https://camisetasdefutbol.com.co/products/camiseta-olympique-de-marseille-92-93-local-retro,120000,,https://cdn.shopify.com/s/files/1/0965/9354/3474/files/img-1781536152964-0.jpg?v=1781536157,https://cdn.shopify.com/s/files/1/0965/9354/3474/files/img-1781536155770-1.jpg?v=1781536157
Otras Ligas,Otros,Camiseta Olympique de Marsella 09/10 Local Retro,https://camisetasdefutbol.com.co/products/camiseta-olympique-de-marsella-09-10-local-retro,120000,,https://cdn.shopify.com/s/files/1/0965/9354/3474/files/img-1786161928435-0.jpg?v=1786161931,https://cdn.shopify.com/s/files/1/0965/9354/3474/files/img-1786161929505-1.jpg?v=1786161931
Otras Ligas,Otros,Camiseta Olympique de Marsella 11/12 Tercera Retro,https://camisetasdefutbol.com.co/products/camiseta-olympique-de-marsella-11-12-tercera-retro,120000,,https://cdn.shopify.com/s/files/1/0965/9354/3474/files/img-1784483255096-0.jpg?v=1784483258,https://cdn.shopify.com/s/files/1/0965/9354/3474/files/img-1784483256192-1.jpg?v=1784483258
Otras Ligas,Otros,Camiseta Olympique de Marsella 1990 Local Retro,https://camisetasdefutbol.com.co/products/camiseta-olympique-de-marsella-1990-local-retro,120000,,https://cdn.shopify.com/s/files/1/0965/9354/3474/files/img-1786685089311-0.jpg?v=1786685093,https://cdn.shopify.com/s/files/1/0965/9354/3474/files/img-1786685090808-1.jpg?v=1786685093
Otras Ligas,Otros,Camiseta Olympique de Marsella 1990 Visitante Retro,https://camisetasdefutbol.com.co/products/camiseta-olympique-de-marsella-1990-visitante-retro,120000,,https://cdn.shopify.com/s/files/1/0965/9354/3474/files/img-1787024050058-0.jpg?v=1787024053,https://cdn.shopify.com/s/files/1/0965/9354/3474/files/img-1787024051311-1.jpg?v=1787024053
Otras Ligas,Otros,Camiseta Olympique de Marsella 25/26 Tercera,https://camisetasdefutbol.com.co/products/camiseta-olympique-de-marsella-25-26-tercera,100000,,https://cdn.shopify.com/s/files/1/0965/9354/3474/files/img-1784896671652-0.jpg?v=1784896675,
Otras Ligas,Otros,"Camiseta Olympique de Marsella 25/26 Tercera, Versión Jugador",https://camisetasdefutbol.com.co/products/camiseta-olympique-de-marsella-25-26-tercera-version-jugador,110000,,https://cdn.shopify.com/s/files/1/0965/9354/3474/files/img-1783732462280-0.jpg?v=1783732466,https://cdn.shopify.com/s/files/1/0965/9354/3474/files/img-1783732463850-1.jpg?v=1783732466
Otras Ligas,Otros,"Camiseta Olympique de Marsella 25/26 Visitante, Versión Jugador",https://camisetasdefutbol.com.co/products/camiseta-olympique-de-marsella-25-26-visitante-version-jugador,110000,,https://cdn.shopify.com/s/files/1/0965/9354/3474/files/img-1783732373683-0.jpg?v=1783732377,https://cdn.shopify.com/s/files/1/0965/9354/3474/files/img-1783732374866-1.jpg?v=1783732377
Otras Ligas,Otros,Camiseta Olympique de Marsella 26/27 Edición Especial,https://camisetasdefutbol.com.co/products/camiseta-olympique-de-marsella-26-27-edicion-especial,100000,,https://cdn.shopify.com/s/files/1/0965/9354/3474/files/img-1784696088846-0.jpg?v=1784696092,https://cdn.shopify.com/s/files/1/0965/9354/3474/files/img-1784696090695-1.jpg?v=1784696092
Otras Ligas,Otros,Camiseta Olympique de Marsella 26/27 Local,https://camisetasdefutbol.com.co/products/camiseta-olympique-de-marsella-26-27-local,100000,,https://cdn.shopify.com/s/files/1/0965/9354/3474/files/img-1788631375163-0.jpg?v=1788631378,https://cdn.shopify.com/s/files/1/0965/9354/3474/files/img-1788631376515-1.jpg?v=1788631378
Otras Ligas,Otros,"Camiseta Olympique de Marsella 26/27 Local, Versión Jugador",https://camisetasdefutbol.com.co/products/camiseta-olympique-de-marsella-26-27-local-version-jugador,110000,,https://cdn.shopify.com/s/files/1/0965/9354/3474/files/img-1783228849310-0.jpg?v=1783228854,https://cdn.shopify.com/s/files/1/0965/9354/3474/files/img-1783228852098-1.jpg?v=1783228854
Otras Ligas,Otros,Camiseta Olympique de Marsella 26/27 Visitante,https://camisetasdefutbol.com.co/products/camiseta-olympique-de-marsella-26-27-visitante,100000,,https://cdn.shopify.com/s/files/1/0965/9354/3474/files/img-1789258242111-0.jpg?v=1789258245,https://cdn.shopify.com/s/files/1/0965/9354/3474/files/img-1789258243568-1.jpg?v=1789258245
Otras Ligas,Otros,"Camiseta Olympique de Marsella 26/27 Visitante, Versión Jugador",https://camisetasdefutbol.com.co/products/camiseta-olympique-de-marsella-26-27-visitante-version-jugador,110000,,https://cdn.shopify.com/s/files/1/0965/9354/3474/files/img-1788631381389-0.jpg?v=1788631385,https://cdn.shopify.com/s/files/1/0965/9354/3474/files/img-1788631383257-1.jpg?v=1788631385
Otras Ligas,Otros,Camiseta Olympique de Marsella 98/99 Visitante Retro,https://camisetasdefutbol.com.co/products/camiseta-olympique-de-marsella-98-99-visitante-retro,120000,,https://cdn.shopify.com/s/files/1/0965/9354/3474/files/img-1787024056905-0.jpg?v=1787024061,https://cdn.shopify.com/s/files/1/0965/9354/3474/files/img-1787024058924-1.jpg?v=1787024061
Otras Ligas,Otros,Camiseta Olympique de Marsella 99/00 Tercera Retro,https://camisetasdefutbol.com.co/products/camiseta-olympique-de-marsella-99-00-tercera-retro,120000,,https://cdn.shopify.com/s/files/1/0965/9354/3474/files/img-1784437004135-0.jpg?v=1784437007,https://cdn.shopify.com/s/files/1/0965/9354/3474/files/img-1784437005174-1.jpg?v=1784437006
Otras Ligas,Otros,Camiseta Orlando Pirates 26/27 Local,https://camisetasdefutbol.com.co/products/camiseta-orlando-pirates-26-27-local,100000,,https://cdn.shopify.com/s/files/1/0965/9354/3474/files/img-1790545694627-0.jpg?v=1790545696,https://cdn.shopify.com/s/files/1/0965/9354/3474/files/img-1790545695515-1.jpg?v=1790545696
Otras Ligas,Otros,Camiseta Orlando Pirates 26/27 Visitante,https://camisetasdefutbol.com.co/products/camiseta-orlando-pirates-26-27-visitante,100000,,https://cdn.shopify.com/s/files/1/0965/9354/3474/files/img-1790545700596-0.jpg?v=1790545702,https://cdn.shopify.com/s/files/1/0965/9354/3474/files/img-1790545701514-1.jpg?v=1790545702
Otras Ligas,Otros,Camiseta Perugia 98/99 Local Retro,https://camisetasdefutbol.com.co/products/camiseta-perugia-98-99-local-retro,120000,,https://cdn.shopify.com/s/files/1/0965/9354/3474/files/img-1790545909222-0.jpg?v=1790545911,https://cdn.shopify.com/s/files/1/0965/9354/3474/files/img-1790545910319-1.jpg?v=1790545911
Otras Ligas,Otros,Camiseta Plymouth Argyle 26/27 Local,https://camisetasdefutbol.com.co/products/camiseta-plymouth-argyle-26-27-local,100000,,https://cdn.shopify.com/s/files/1/0965/9354/3474/files/img-1784400690869-0.jpg?v=1784400694,https://cdn.shopify.com/s/files/1/0965/9354/3474/files/img-1784400692357-1.jpg?v=1784400694
Otras Ligas,Otros,Camiseta RC Lens 26/27 Local,https://camisetasdefutbol.com.co/products/camiseta-rc-lens-26-27-local,100000,,https://cdn.shopify.com/s/files/1/0965/9354/3474/files/img-1784347200788-0.jpg?v=1784347204,https://cdn.shopify.com/s/files/1/0965/9354/3474/files/img-1784347202079-1.jpg?v=1784347204
Otras Ligas,Otros,Camiseta RC Lens 26/27 Tercera,https://camisetasdefutbol.com.co/products/camiseta-rc-lens-26-27-tercera,100000,,https://cdn.shopify.com/s/files/1/0965/9354/3474/files/img-1790545067549-0.jpg?v=1790545069,https://cdn.shopify.com/s/files/1/0965/9354/3474/files/img-1790545068530-1.jpg?v=1790545069
Otras Ligas,Otros,Camiseta RC Lens 26/27 Visitante,https://camisetasdefutbol.com.co/products/camiseta-rc-lens-26-27-visitante,100000,,https://cdn.shopify.com/s/files/1/0965/9354/3474/files/img-1784400769153-0.jpg?v=1784400772,https://cdn.shopify.com/s/files/1/0965/9354/3474/files/img-1784400770349-1.jpg?v=1784400772
Otras Ligas,Otros,Camiseta Rayo Vallecano 01/02 Local Retro,https://camisetasdefutbol.com.co/products/camiseta-rayo-vallecano-01-02-local-retro,120000,,https://cdn.shopify.com/s/files/1/0965/9354/3474/files/img-1784588666654-0.jpg?v=1784588670,https://cdn.shopify.com/s/files/1/0965/9354/3474/files/img-1784588668220-1.jpg?v=1784588670
Otras Ligas,Otros,Camiseta Rayo Vallecano 24/25 Local,https://camisetasdefutbol.com.co/products/camiseta-rayo-vallecano-24-25-local,100000,,https://cdn.shopify.com/s/files/1/0965/9354/3474/files/img-1784588657743-0.jpg?v=1784588661,https://cdn.shopify.com/s/files/1/0965/9354/3474/files/img-1784588659617-1.jpg?v=1784588662
Otras Ligas,Otros,Camiseta Rayo Vallecano 25/26 Local,https://camisetasdefutbol.com.co/products/camiseta-rayo-vallecano-25-26-local,100000,,https://cdn.shopify.com/s/files/1/0965/9354/3474/files/img-1784588723603-0.jpg?v=1784588727,https://cdn.shopify.com/s/files/1/0965/9354/3474/files/img-1784588725206-1.jpg?v=1784588727
Otras Ligas,Otros,Camiseta Rayo Vallecano 25/26 Visitante,https://camisetasdefutbol.com.co/products/camiseta-rayo-vallecano-25-26-visitante,100000,,https://cdn.shopify.com/s/files/1/0965/9354/3474/files/img-1784588706256-0.jpg?v=1784588711,https://cdn.shopify.com/s/files/1/0965/9354/3474/files/img-1784588708875-1.jpg?v=1784588711
Otras Ligas,Otros,Camiseta Rayo Vallecano 77/79 Local Retro,https://camisetasdefutbol.com.co/products/camiseta-rayo-vallecano-77-79-local-retro,120000,,https://cdn.shopify.com/s/files/1/0965/9354/3474/files/img-1790546262657-0.jpg?v=1790546264,https://cdn.shopify.com/s/files/1/0965/9354/3474/files/img-1790546263592-1.jpg?v=1790546264
Otras Ligas,Otros,Camiseta Rayo Vallecano 94/95 Local Retro,https://camisetasdefutbol.com.co/products/camiseta-rayo-vallecano-94-95-local-retro,120000,,https://cdn.shopify.com/s/files/1/0965/9354/3474/files/img-1784588675857-0.jpg?v=1784588682,https://cdn.shopify.com/s/files/1/0965/9354/3474/files/img-1784588679882-1.jpg?v=1784588682
Otras Ligas,Otros,Camiseta Rayo Vallecano 95/96 Visitante Retro,https://camisetasdefutbol.com.co/products/camiseta-rayo-vallecano-95-96-visitante-retro,120000,,https://cdn.shopify.com/s/files/1/0965/9354/3474/files/img-1784588731834-0.jpg?v=1784588735,https://cdn.shopify.com/s/files/1/0965/9354/3474/files/img-1784588733635-1.jpg?v=1784588735
Otras Ligas,Otros,Camiseta Rayo Vallecano 97/98 Local Retro,https://camisetasdefutbol.com.co/products/camiseta-rayo-vallecano-97-98-local-retro,120000,,https://cdn.shopify.com/s/files/1/0965/9354/3474/files/img-1784588686635-0.jpg?v=1784588691,https://cdn.shopify.com/s/files/1/0965/9354/3474/files/img-1784588689295-1.jpg?v=1784588691
Otras Ligas,Otros,Camiseta Real Zaragoza 03/04 Visitante Retro,https://camisetasdefutbol.com.co/products/camiseta-real-zaragoza-03-04-visitante-retro,120000,,https://cdn.shopify.com/s/files/1/0965/9354/3474/files/img-1781536404116-0.jpg?v=1781536408,https://cdn.shopify.com/s/files/1/0965/9354/3474/files/img-1781536406542-1.jpg?v=1781536408
Otras Ligas,Otros,Camiseta Real Zaragoza 04/05 Visitante Retro,https://camisetasdefutbol.com.co/products/camiseta-real-zaragoza-04-05-visitante-retro,120000,,https://cdn.shopify.com/s/files/1/0965/9354/3474/files/img-1784483410848-0.jpg?v=1784483414,https://cdn.shopify.com/s/files/1/0965/9354/3474/files/img-1784483412546-1.jpg?v=1784483414
Otras Ligas,Otros,Camiseta Real Zaragoza 2004 Local Retro,https://camisetasdefutbol.com.co/products/camiseta-real-zaragoza-2004-local-retro,120000,,https://cdn.shopify.com/s/files/1/0965/9354/3474/files/img-1790546219010-0.jpg?v=1790546221,https://cdn.shopify.com/s/files/1/0965/9354/3474/files/img-1790546220118-1.jpg?v=1790546221
Otras Ligas,Otros,Camiseta Real Zaragoza 26/27 Local,https://camisetasdefutbol.com.co/products/camiseta-real-zaragoza-26-27-local,100000,,https://cdn.shopify.com/s/files/1/0965/9354/3474/files/img-1789856792040-0.jpg?v=1789856794,https://cdn.shopify.com/s/files/1/0965/9354/3474/files/img-1789856793044-1.jpg?v=1789856794
Otras Ligas,Otros,Camiseta Real Zaragoza 26/27 Visitante,https://camisetasdefutbol.com.co/products/camiseta-real-zaragoza-26-27-visitante,100000,,https://cdn.shopify.com/s/files/1/0965/9354/3474/files/img-1789856798379-0.jpg?v=1789856800,https://cdn.shopify.com/s/files/1/0965/9354/3474/files/img-1789856799439-1.jpg?v=1789856801
Otras Ligas,Otros,Camiseta Real Zaragoza 92/93 Visitante Retro,https://camisetasdefutbol.com.co/products/camiseta-real-zaragoza-92-93-visitante-retro,120000,,https://cdn.shopify.com/s/files/1/0965/9354/3474/files/img-1790546212071-0.jpg?v=1790546214,https://cdn.shopify.com/s/files/1/0965/9354/3474/files/img-1790546213136-1.jpg?v=1790546214
Otras Ligas,Otros,Camiseta Red Bull Bragantino 26/27 Local,https://camisetasdefutbol.com.co/products/camiseta-red-bull-bragantino-26-27-local,100000,,https://cdn.shopify.com/s/files/1/0965/9354/3474/files/img-1789258481481-0.jpg?v=1789258484,https://cdn.shopify.com/s/files/1/0965/9354/3474/files/img-1789258482541-1.jpg?v=1789258484
Otras Ligas,Otros,Camiseta Remo 24/25 Local,https://camisetasdefutbol.com.co/products/camiseta-remo-24-25-local,100000,,https://cdn.shopify.com/s/files/1/0965/9354/3474/files/img-1787112091843-0.jpg?v=1787112096,https://cdn.shopify.com/s/files/1/0965/9354/3474/files/img-1787112093861-1.jpg?v=1787112095
Otras Ligas,Otros,Camiseta Rosenborg 26/27 Local,https://camisetasdefutbol.com.co/products/camiseta-rosenborg-26-27-local,100000,,https://cdn.shopify.com/s/files/1/0965/9354/3474/files/img-1784400746841-0.jpg?v=1784400750,https://cdn.shopify.com/s/files/1/0965/9354/3474/files/img-1784400748027-1.jpg?v=1784400750
Otras Ligas,Otros,Camiseta SC Braga 26/27 Local,https://camisetasdefutbol.com.co/products/camiseta-sc-braga-26-27-local,100000,,https://cdn.shopify.com/s/files/1/0965/9354/3474/files/img-1789257998160-0.jpg?v=1789258001,https://cdn.shopify.com/s/files/1/0965/9354/3474/files/img-1789257999307-1.jpg?v=1789258001
Otras Ligas,Otros,Camiseta SG Wattenscheid 09 92/94 Local Retro,https://camisetasdefutbol.com.co/products/camiseta-sg-wattenscheid-09-92-94-local-retro,120000,,https://cdn.shopify.com/s/files/1/0965/9354/3474/files/img-1790544942697-0.jpg?v=1790544944,https://cdn.shopify.com/s/files/1/0965/9354/3474/files/img-1790544943801-1.jpg?v=1790544945
Otras Ligas,Otros,Camiseta Sampdoria 00/01 Local Retro,https://camisetasdefutbol.com.co/products/camiseta-sampdoria-00-01-local-retro,120000,,https://cdn.shopify.com/s/files/1/0965/9354/3474/files/img-1787023895145-0.jpg?v=1787023899,https://cdn.shopify.com/s/files/1/0965/9354/3474/files/img-1787023896478-1.jpg?v=1787023898
Otras Ligas,Otros,Camiseta Sampdoria 03/04 Local Retro,https://camisetasdefutbol.com.co/products/camiseta-sampdoria-03-04-local-retro,120000,,https://cdn.shopify.com/s/files/1/0965/9354/3474/files/img-1787023915300-0.jpg?v=1787023918,https://cdn.shopify.com/s/files/1/0965/9354/3474/files/img-1787023916627-1.jpg?v=1787023918
Otras Ligas,Otros,Camiseta Sampdoria 15/16 Local Retro,https://camisetasdefutbol.com.co/products/camiseta-sampdoria-15-16-local-retro,120000,,https://cdn.shopify.com/s/files/1/0965/9354/3474/files/img-1787023888401-0.jpg?v=1787023891,https://cdn.shopify.com/s/files/1/0965/9354/3474/files/img-1787023889719-1.jpg?v=1787023891
Otras Ligas,Otros,Camiseta Sampdoria 16/17 Local Retro,https://camisetasdefutbol.com.co/products/camiseta-sampdoria-16-17-local-retro,120000,,https://cdn.shopify.com/s/files/1/0965/9354/3474/files/img-1781536656379-0.jpg?v=1781536660,https://cdn.shopify.com/s/files/1/0965/9354/3474/files/60473b96.jpg?v=1782001478
Otras Ligas,Otros,Camiseta Sampdoria 26/27 Local,https://camisetasdefutbol.com.co/products/camiseta-sampdoria-26-27-local,100000,,https://cdn.shopify.com/s/files/1/0965/9354/3474/files/img-1790545054426-0.jpg?v=1790545057,https://cdn.shopify.com/s/files/1/0965/9354/3474/files/img-1790545055544-1.jpg?v=1790545057
Otras Ligas,Otros,Camiseta Sampdoria 84/88 Local Retro,https://camisetasdefutbol.com.co/products/camiseta-sampdoria-84-88-local-retro,120000,,https://cdn.shopify.com/s/files/1/0965/9354/3474/files/img-1787023921610-0.jpg?v=1787023925,https://cdn.shopify.com/s/files/1/0965/9354/3474/files/img-1787023923199-1.jpg?v=1787023925
Otras Ligas,Otros,Camiseta Sampdoria 93/94 Local Retro,https://camisetasdefutbol.com.co/products/camiseta-sampdoria-93-94-local-retro,120000,,https://cdn.shopify.com/s/files/1/0965/9354/3474/files/img-1787023901991-0.jpg?v=1787023905,https://cdn.shopify.com/s/files/1/0965/9354/3474/files/img-1787023903232-1.jpg?v=1787023905
Otras Ligas,Otros,Camiseta Sampdoria 94/95 Local Retro,https://camisetasdefutbol.com.co/products/camiseta-sampdoria-94-95-local-retro,120000,,https://cdn.shopify.com/s/files/1/0965/9354/3474/files/img-1787023908452-0.jpg?v=1787023911,https://cdn.shopify.com/s/files/1/0965/9354/3474/files/img-1787023909541-1.jpg?v=1787023911
Otras Ligas,Otros,Camiseta San Diego FC 26/27 Visitante,https://camisetasdefutbol.com.co/products/camiseta-san-diego-fc-26-27-visitante,100000,,https://cdn.shopify.com/s/files/1/0965/9354/3474/files/img-1790545670234-0.jpg?v=1790545672,https://cdn.shopify.com/s/files/1/0965/9354/3474/files/img-1790545671529-1.jpg?v=1790545672
Otras Ligas,Otros,Camiseta Sanfrecce Hiroshima 26/27 Local,https://camisetasdefutbol.com.co/products/camiseta-sanfrecce-hiroshima-26-27-local,100000,,https://cdn.shopify.com/s/files/1/0965/9354/3474/files/img-1789258474413-0.jpg?v=1789258477,https://cdn.shopify.com/s/files/1/0965/9354/3474/files/img-1789258475454-1.jpg?v=1789258477
Otras Ligas,Otros,Camiseta Santa Cruz 26/27 Local,https://camisetasdefutbol.com.co/products/camiseta-santa-cruz-26-27-local,100000,,https://cdn.shopify.com/s/files/1/0965/9354/3474/files/img-1784400721336-0.jpg?v=1784400725,https://cdn.shopify.com/s/files/1/0965/9354/3474/files/img-1784400723129-1.jpg?v=1784400725
Otras Ligas,Otros,Camiseta Santa Cruz 26/27 Pre Match,https://camisetasdefutbol.com.co/products/camiseta-santa-cruz-26-27-pre-match,100000,,https://cdn.shopify.com/s/files/1/0965/9354/3474/files/img-1788145223630-0.jpg?v=1788145226,https://cdn.shopify.com/s/files/1/0965/9354/3474/files/img-1788145224582-1.jpg?v=1788145226
Otras Ligas,Otros,Camiseta Santa Cruz 26/27 Visitante,https://camisetasdefutbol.com.co/products/camiseta-santa-cruz-26-27-visitante,100000,,https://cdn.shopify.com/s/files/1/0965/9354/3474/files/img-1789258672667-0.jpg?v=1789258676,https://cdn.shopify.com/s/files/1/0965/9354/3474/files/img-1789258674095-1.jpg?v=1789258676
Otras Ligas,Otros,Camiseta Shimizu S-Pulse 26/27 Local,https://camisetasdefutbol.com.co/products/camiseta-shimizu-s-pulse-26-27-local,100000,,https://cdn.shopify.com/s/files/1/0965/9354/3474/files/img-1789258461177-0.jpg?v=1789258464,https://cdn.shopify.com/s/files/1/0965/9354/3474/files/img-1789258462119-1.jpg?v=1789258464
Otras Ligas,Otros,Camiseta Shimizu S-Pulse 26/27 Visitante,https://camisetasdefutbol.com.co/products/camiseta-shimizu-s-pulse-26-27-visitante,100000,,https://cdn.shopify.com/s/files/1/0965/9354/3474/files/img-1789258468669-0.jpg?v=1789258471,https://cdn.shopify.com/s/files/1/0965/9354/3474/files/img-1789258469786-1.jpg?v=1789258471
Otras Ligas,Otros,Camiseta Southampton 1993 Local Retro,https://camisetasdefutbol.com.co/products/camiseta-southampton-1993-local-retro,120000,,https://cdn.shopify.com/s/files/1/0965/9354/3474/files/img-1783228955809-0.jpg?v=1783228959,https://cdn.shopify.com/s/files/1/0965/9354/3474/files/img-1783228957704-1.jpg?v=1783228959
Otras Ligas,Otros,Camiseta Southampton 1993 Visitante Retro,https://camisetasdefutbol.com.co/products/camiseta-southampton-1993-visitante-retro,120000,,https://cdn.shopify.com/s/files/1/0965/9354/3474/files/img-1783228962551-0.jpg?v=1783228965,https://cdn.shopify.com/s/files/1/0965/9354/3474/files/img-1783228963617-1.jpg?v=1783228965
Otras Ligas,Otros,Camiseta Southampton 93/95 Local Negro Retro,https://camisetasdefutbol.com.co/products/camiseta-southampton-93-95-local-negro-retro,120000,,https://cdn.shopify.com/s/files/1/0965/9354/3474/files/img-1781535869280-0.jpg?v=1781535872,https://cdn.shopify.com/s/files/1/0965/9354/3474/files/img-1781535870739-1.jpg?v=1781535872
Otras Ligas,Otros,Camiseta Southampton 93/95 Retro Negra,https://camisetasdefutbol.com.co/products/camiseta-southampton-93-95-retro-negra,120000,,https://cdn.shopify.com/s/files/1/0965/9354/3474/files/img-1783228917861-0.jpg?v=1783228920,https://cdn.shopify.com/s/files/1/0965/9354/3474/files/img-1783228918459-1.jpg?v=1783228920
Otras Ligas,Otros,Camiseta Sport Recife 26/27 Local,https://camisetasdefutbol.com.co/products/camiseta-sport-recife-26-27-local,100000,,https://cdn.shopify.com/s/files/1/0965/9354/3474/files/img-1783228811672-0.jpg?v=1783228815,https://cdn.shopify.com/s/files/1/0965/9354/3474/files/img-1783228813230-1.jpg?v=1783228815
Otras Ligas,Otros,Camiseta Sport Recife 26/27 Local para Mujer,https://camisetasdefutbol.com.co/products/camiseta-sport-recife-26-27-local-para-mujer,100000,,https://cdn.shopify.com/s/files/1/0965/9354/3474/files/img-1786161604604-0.jpg?v=1786161608,https://cdn.shopify.com/s/files/1/0965/9354/3474/files/img-1786161606107-1.jpg?v=1786161613
Otras Ligas,Otros,Camiseta Sport Recife 26/27 Visitante,https://camisetasdefutbol.com.co/products/camiseta-sport-recife-26-27-visitante,100000,,https://cdn.shopify.com/s/files/1/0965/9354/3474/files/img-1783228825792-0.jpg?v=1783228830,https://cdn.shopify.com/s/files/1/0965/9354/3474/files/img-1783228828100-1.jpg?v=1783228830
Otras Ligas,Otros,Camiseta Stade Rennais 26/27 Local,https://camisetasdefutbol.com.co/products/camiseta-stade-rennais-26-27-local,100000,,https://cdn.shopify.com/s/files/1/0965/9354/3474/files/img-1790545663435-0.jpg?v=1790545665,https://cdn.shopify.com/s/files/1/0965/9354/3474/files/img-1790545664599-1.jpg?v=1790545665
Otras Ligas,Otros,Camiseta Stoke City 26/27 Local,https://camisetasdefutbol.com.co/products/camiseta-stoke-city-26-27-local,100000,,https://cdn.shopify.com/s/files/1/0965/9354/3474/files/img-1790545027406-0.jpg?v=1790545029,https://cdn.shopify.com/s/files/1/0965/9354/3474/files/img-1790545028583-1.jpg?v=1790545029
Otras Ligas,Otros,Camiseta Stoke City 26/27 Visitante,https://camisetasdefutbol.com.co/products/camiseta-stoke-city-26-27-visitante,100000,,https://cdn.shopify.com/s/files/1/0965/9354/3474/files/img-1790545033219-0.jpg?v=1790545035,https://cdn.shopify.com/s/files/1/0965/9354/3474/files/img-1790545034155-1.jpg?v=1790545035
Otras Ligas,Otros,Camiseta TSV 1860 Múnich 93/94 Local Retro,https://camisetasdefutbol.com.co/products/camiseta-tsv-1860-munich-93-94-local-retro,120000,,https://cdn.shopify.com/s/files/1/0965/9354/3474/files/img-1790544993379-0.jpg?v=1790544995,https://cdn.shopify.com/s/files/1/0965/9354/3474/files/img-1790544994674-1.jpg?v=1790544995
Otras Ligas,Otros,Camiseta TSV 1860 Múnich 94/95 Local Retro,https://camisetasdefutbol.com.co/products/camiseta-tsv-1860-munich-94-95-local-retro,120000,,https://cdn.shopify.com/s/files/1/0965/9354/3474/files/img-1790544987204-0.jpg?v=1790544989,https://cdn.shopify.com/s/files/1/0965/9354/3474/files/img-1790544988183-1.jpg?v=1790544989
Otras Ligas,Otros,Camiseta TSV 1860 Múnich 95/96 Local Retro,https://camisetasdefutbol.com.co/products/camiseta-tsv-1860-munich-95-96-local-retro,120000,,https://cdn.shopify.com/s/files/1/0965/9354/3474/files/img-1790544976029-0.jpg?v=1790544978,https://cdn.shopify.com/s/files/1/0965/9354/3474/files/img-1790544977128-1.jpg?v=1790544978
Otras Ligas,Otros,Camiseta TSV 1860 Múnich 95/96 Visitante Retro,https://camisetasdefutbol.com.co/products/camiseta-tsv-1860-munich-95-96-visitante-retro,120000,,https://cdn.shopify.com/s/files/1/0965/9354/3474/files/img-1790544981611-0.jpg?v=1790544983,https://cdn.shopify.com/s/files/1/0965/9354/3474/files/img-1790544982531-1.jpg?v=1790544983
Otras Ligas,Otros,Camiseta Tigres UANL 05/06 Tercera Retro,https://camisetasdefutbol.com.co/products/camiseta-tigres-uanl-05-06-tercera-retro,120000,,https://cdn.shopify.com/s/files/1/0965/9354/3474/files/img-1784483475039-0.jpg?v=1784483479,https://cdn.shopify.com/s/files/1/0965/9354/3474/files/img-1784483476372-1.jpg?v=1784483478
Otras Ligas,Otros,Camiseta Tigres UANL 2006 Local Retro,https://camisetasdefutbol.com.co/products/camiseta-tigres-uanl-2006-local-retro,120000,,https://cdn.shopify.com/s/files/1/0965/9354/3474/files/img-1781536756441-0.jpg?v=1781536760,https://cdn.shopify.com/s/files/1/0965/9354/3474/files/img-1781536758025-1.jpg?v=1781536760
Otras Ligas,Otros,Camiseta Tigres UANL 2006 Visitante Retro,https://camisetasdefutbol.com.co/products/camiseta-tigres-uanl-2006-visitante-retro,120000,,https://cdn.shopify.com/s/files/1/0965/9354/3474/files/img-1784483467963-0.jpg?v=1784483472,https://cdn.shopify.com/s/files/1/0965/9354/3474/files/img-1784483470226-1.jpg?v=1784483472
Otras Ligas,Otros,Camiseta Tigres UANL 26/27 Local,https://camisetasdefutbol.com.co/products/camiseta-tigres-uanl-26-27-local,100000,,https://cdn.shopify.com/s/files/1/0965/9354/3474/files/img-1789258275242-0.jpg?v=1789258278,https://cdn.shopify.com/s/files/1/0965/9354/3474/files/img-1789258276199-1.jpg?v=1789258278
Otras Ligas,Otros,"Camiseta Tigres UANL 26/27 Local, Versión Jugador",https://camisetasdefutbol.com.co/products/camiseta-tigres-uanl-26-27-local-version-jugador,110000,,https://cdn.shopify.com/s/files/1/0965/9354/3474/files/img-1787112496726-0.jpg?v=1787112500,https://cdn.shopify.com/s/files/1/0965/9354/3474/files/img-1787112498259-1.jpg?v=1787112500
Otras Ligas,Otros,"Camiseta Tigres UANL 26/27 Visitante, Versión Jugador",https://camisetasdefutbol.com.co/products/camiseta-tigres-uanl-26-27-visitante-version-jugador,110000,,https://cdn.shopify.com/s/files/1/0965/9354/3474/files/img-1787112504271-0.jpg?v=1787112509,https://cdn.shopify.com/s/files/1/0965/9354/3474/files/img-1787112507179-1.jpg?v=1787112509
Otras Ligas,Otros,Camiseta Tigres UANL 97/98 Local Retro,https://camisetasdefutbol.com.co/products/camiseta-tigres-uanl-97-98-local-retro,120000,,https://cdn.shopify.com/s/files/1/0965/9354/3474/files/img-1790545656630-0.jpg?v=1790545658,https://cdn.shopify.com/s/files/1/0965/9354/3474/files/img-1790545657623-1.jpg?v=1790545658
Otras Ligas,Otros,Camiseta Torino 26/27 Local,https://camisetasdefutbol.com.co/products/camiseta-torino-26-27-local,100000,,https://cdn.shopify.com/s/files/1/0965/9354/3474/files/img-1790545007512-0.jpg?v=1790545010,https://cdn.shopify.com/s/files/1/0965/9354/3474/files/img-1790545009130-1.jpg?v=1790545010
Otras Ligas,Otros,Camiseta Toronto FC 26/27 Visitante,https://camisetasdefutbol.com.co/products/camiseta-toronto-fc-26-27-visitante,100000,,https://cdn.shopify.com/s/files/1/0965/9354/3474/files/img-1790545650469-0.jpg?v=1790545653,https://cdn.shopify.com/s/files/1/0965/9354/3474/files/img-1790545651904-1.jpg?v=1790545652
Otras Ligas,Otros,Camiseta Toulouse FC 26/27 Local,https://camisetasdefutbol.com.co/products/camiseta-toulouse-fc-26-27-local,100000,,https://cdn.shopify.com/s/files/1/0965/9354/3474/files/img-1790545000514-0.jpg?v=1790545003,https://cdn.shopify.com/s/files/1/0965/9354/3474/files/img-1790545001674-1.jpg?v=1790545003
Otras Ligas,Otros,Camiseta UD Almería 25/26 Retro,https://camisetasdefutbol.com.co/products/camiseta-ud-almeria-25-26-retro,120000,,https://cdn.shopify.com/s/files/1/0965/9354/3474/files/img-1783228874109-0.jpg?v=1783228878,https://cdn.shopify.com/s/files/1/0965/9354/3474/files/img-1783228875834-1.jpg?v=1783228878
Otras Ligas,Otros,Camiseta UD Almería 26/27 Local,https://camisetasdefutbol.com.co/products/camiseta-ud-almeria-26-27-local,100000,,https://cdn.shopify.com/s/files/1/0965/9354/3474/files/img-1789856740127-0.jpg?v=1789856742,https://cdn.shopify.com/s/files/1/0965/9354/3474/files/img-1789856741062-1.jpg?v=1789856742
Otras Ligas,Otros,Camiseta UD Almería 26/27 Tercera,https://camisetasdefutbol.com.co/products/camiseta-ud-almeria-26-27-tercera,100000,,https://cdn.shopify.com/s/files/1/0965/9354/3474/files/img-1789856733414-0.jpg?v=1789856736,https://cdn.shopify.com/s/files/1/0965/9354/3474/files/img-1789856734879-1.jpg?v=1789856736
Otras Ligas,Otros,Camiseta UD Almería 26/27 Visitante,https://camisetasdefutbol.com.co/products/camiseta-ud-almeria-26-27-visitante,100000,,https://cdn.shopify.com/s/files/1/0965/9354/3474/files/img-1790544968569-0.jpg?v=1790544970,https://cdn.shopify.com/s/files/1/0965/9354/3474/files/img-1790544969524-1.jpg?v=1790544970
Otras Ligas,Otros,Camiseta Union Berlin 26/27 Local,https://camisetasdefutbol.com.co/products/camiseta-union-berlin-26-27-local,100000,,https://cdn.shopify.com/s/files/1/0965/9354/3474/files/img-1787112252267-0.jpg?v=1787112256,https://cdn.shopify.com/s/files/1/0965/9354/3474/files/img-1787112254114-1.jpg?v=1787112256
Otras Ligas,Otros,Camiseta Urawa Red Diamonds 26/27 Local,https://camisetasdefutbol.com.co/products/camiseta-urawa-red-diamonds-26-27-local,100000,,https://cdn.shopify.com/s/files/1/0965/9354/3474/files/img-1784400713425-0.jpg?v=1784400717,https://cdn.shopify.com/s/files/1/0965/9354/3474/files/img-1784400714692-1.jpg?v=1784400717
Otras Ligas,Otros,Camiseta Valencia 26/27 Visitante,https://camisetasdefutbol.com.co/products/camiseta-valencia-26-27-visitante,100000,,https://cdn.shopify.com/s/files/1/0965/9354/3474/files/img-1784400582720-0.jpg?v=1784400586,https://cdn.shopify.com/s/files/1/0965/9354/3474/files/img-1784400584294-1.jpg?v=1784400586
Otras Ligas,Otros,Camiseta Valencia CF 2006 Visitante Retro,https://camisetasdefutbol.com.co/products/camiseta-valencia-cf-2006-visitante-retro,120000,,https://cdn.shopify.com/s/files/1/0965/9354/3474/files/img-1780726886262-0.jpg?v=1780726889,https://cdn.shopify.com/s/files/1/0965/9354/3474/files/img-1780726887566-1.jpg?v=1780726889
Otras Ligas,Otros,Camiseta Valencia CF 25/26,https://camisetasdefutbol.com.co/products/camiseta-valencia-cf-25-26,100000,,https://cdn.shopify.com/s/files/1/0965/9354/3474/files/fix-232975425-0.jpg?v=1780704813,https://cdn.shopify.com/s/files/1/0965/9354/3474/files/fix-232975425-1.jpg?v=1780704814
Otras Ligas,Otros,Camiseta Valencia CF 25/26 Visitante,https://camisetasdefutbol.com.co/products/camiseta-valencia-cf-25-26-visitante,100000,,https://cdn.shopify.com/s/files/1/0965/9354/3474/files/img-1780733778473-0.jpg?v=1780733781,https://cdn.shopify.com/s/files/1/0965/9354/3474/files/img-1780733779658-1.jpg?v=1780733781
Otras Ligas,Otros,Camiseta Valencia CF 26/27 Local,https://camisetasdefutbol.com.co/products/camiseta-valencia-cf-26-27-local,100000,,https://cdn.shopify.com/s/files/1/0965/9354/3474/files/img-1790546199343-0.jpg?v=1790546201,https://cdn.shopify.com/s/files/1/0965/9354/3474/files/img-1790546200493-1.jpg?v=1790546201
Otras Ligas,Otros,Camiseta Valencia CF 26/27 Tercera,https://camisetasdefutbol.com.co/products/camiseta-valencia-cf-26-27-tercera,100000,,https://cdn.shopify.com/s/files/1/0965/9354/3474/files/img-1787112330558-0.jpg?v=1787112334,https://cdn.shopify.com/s/files/1/0965/9354/3474/files/img-1787112331902-1.jpg?v=1787112334
Otras Ligas,Otros,Camiseta Valencia CF 26/27 Visitante,https://camisetasdefutbol.com.co/products/camiseta-valencia-cf-26-27-visitante,100000,,https://cdn.shopify.com/s/files/1/0965/9354/3474/files/fix-239932069-0.jpg?v=1780705141,https://cdn.shopify.com/s/files/1/0965/9354/3474/files/fix-239932069-1.jpg?v=1780705141
Otras Ligas,Otros,Camiseta Valencia CF 90/91 Visitante Retro,https://camisetasdefutbol.com.co/products/camiseta-valencia-cf-90-91-visitante-retro,120000,,https://cdn.shopify.com/s/files/1/0965/9354/3474/files/img-1780726443627-0.jpg?v=1780726447,https://cdn.shopify.com/s/files/1/0965/9354/3474/files/img-1780726444872-1.jpg?v=1780726447
Otras Ligas,Otros,Camiseta Vancouver Whitecaps 26/27 Visitante,https://camisetasdefutbol.com.co/products/camiseta-vancouver-whitecaps-26-27-visitante,100000,,https://cdn.shopify.com/s/files/1/0965/9354/3474/files/img-1789258691818-0.jpg?v=1789258695,https://cdn.shopify.com/s/files/1/0965/9354/3474/files/img-1789258693160-1.jpg?v=1789258695
Otras Ligas,Otros,Camiseta VfB Stuttgart 06/07 Local Retro,https://camisetasdefutbol.com.co/products/camiseta-vfb-stuttgart-06-07-local-retro,120000,,https://cdn.shopify.com/s/files/1/0965/9354/3474/files/img-1790546000929-0.jpg?v=1790546003,https://cdn.shopify.com/s/files/1/0965/9354/3474/files/img-1790546002288-1.jpg?v=1790546003
Otras Ligas,Otros,Camiseta VfB Stuttgart 06/07 Visitante Retro,https://camisetasdefutbol.com.co/products/camiseta-vfb-stuttgart-06-07-visitante-retro,120000,,https://cdn.shopify.com/s/files/1/0965/9354/3474/files/img-1790546007163-0.jpg?v=1790546009,https://cdn.shopify.com/s/files/1/0965/9354/3474/files/img-1790546008170-1.jpg?v=1790546009
Otras Ligas,Otros,Camiseta VfB Stuttgart 26/27 Local,https://camisetasdefutbol.com.co/products/camiseta-vfb-stuttgart-26-27-local,100000,,https://cdn.shopify.com/s/files/1/0965/9354/3474/files/img-1790544956792-0.jpg?v=1790544959,https://cdn.shopify.com/s/files/1/0965/9354/3474/files/img-1790544957900-1.jpg?v=1790544959
Otras Ligas,Otros,Camiseta VfB Stuttgart 26/27 Visitante,https://camisetasdefutbol.com.co/products/camiseta-vfb-stuttgart-26-27-visitante,100000,,https://cdn.shopify.com/s/files/1/0965/9354/3474/files/img-1790544962573-0.jpg?v=1790544964,https://cdn.shopify.com/s/files/1/0965/9354/3474/files/img-1790544963528-1.jpg?v=1790544964
Otras Ligas,Otros,Camiseta Vissel Kobe 26/27 Local,https://camisetasdefutbol.com.co/products/camiseta-vissel-kobe-26-27-local,100000,,https://cdn.shopify.com/s/files/1/0965/9354/3474/files/img-1789258430202-0.jpg?v=1789258434,https://cdn.shopify.com/s/files/1/0965/9354/3474/files/img-1789258431735-1.jpg?v=1789258434
Otras Ligas,Otros,Camiseta Vissel Kobe 26/27 Visitante,https://camisetasdefutbol.com.co/products/camiseta-vissel-kobe-26-27-visitante,100000,,https://cdn.shopify.com/s/files/1/0965/9354/3474/files/img-1789258436889-0.jpg?v=1789258440,https://cdn.shopify.com/s/files/1/0965/9354/3474/files/img-1789258438342-1.jpg?v=1789258440
Otras Ligas,Otros,Camiseta Watford 26/27 Local,https://camisetasdefutbol.com.co/products/camiseta-watford-26-27-local,100000,,https://cdn.shopify.com/s/files/1/0965/9354/3474/files/img-1790544949439-0.jpg?v=1790544951,https://cdn.shopify.com/s/files/1/0965/9354/3474/files/img-1790544950553-1.jpg?v=1790544951
Otras Ligas,Otros,Camiseta Werder Bremen 01/02 Visitante Retro,https://camisetasdefutbol.com.co/products/camiseta-werder-bremen-01-02-visitante-retro,120000,,https://cdn.shopify.com/s/files/1/0965/9354/3474/files/img-1790545995296-0.jpg?v=1790545997,
Otras Ligas,Otros,Camiseta Werder Bremen 09/10 Local Retro,https://camisetasdefutbol.com.co/products/camiseta-werder-bremen-09-10-local-retro,120000,,https://cdn.shopify.com/s/files/1/0965/9354/3474/files/img-1786161922131-0.jpg?v=1786161925,
Otras Ligas,Otros,Camiseta Werder Bremen 26/27 Local,https://camisetasdefutbol.com.co/products/camiseta-werder-bremen-26-27-local,100000,,https://cdn.shopify.com/s/files/1/0965/9354/3474/files/img-1790545020131-0.jpg?v=1790545022,https://cdn.shopify.com/s/files/1/0965/9354/3474/files/img-1790545021101-1.jpg?v=1790545022
Otras Ligas,Otros,Camiseta Werder Bremen 26/27 Tercera,https://camisetasdefutbol.com.co/products/camiseta-werder-bremen-26-27-tercera,100000,,https://cdn.shopify.com/s/files/1/0965/9354/3474/files/img-1790545014172-0.jpg?v=1790545016,https://cdn.shopify.com/s/files/1/0965/9354/3474/files/img-1790545015131-1.jpg?v=1790545016
Otras Ligas,Otros,Camiseta Werder Bremen 26/27 Visitante,https://camisetasdefutbol.com.co/products/camiseta-werder-bremen-26-27-visitante,100000,,https://cdn.shopify.com/s/files/1/0965/9354/3474/files/img-1789258044073-0.jpg?v=1789258047,https://cdn.shopify.com/s/files/1/0965/9354/3474/files/img-1789258045183-1.jpg?v=1789258047
Otras Ligas,Otros,Camiseta Werder Bremen 88/89 Local Retro,https://camisetasdefutbol.com.co/products/camiseta-werder-bremen-88-89-local-retro,120000,,https://cdn.shopify.com/s/files/1/0965/9354/3474/files/img-1781536078767-0.jpg?v=1781536082,https://cdn.shopify.com/s/files/1/0965/9354/3474/files/img-1781536080148-1.jpg?v=1781536082
Otras Ligas,Otros,Camiseta West Bromwich Albion 26/27 Local,https://camisetasdefutbol.com.co/products/camiseta-west-bromwich-albion-26-27-local,100000,,https://cdn.shopify.com/s/files/1/0965/9354/3474/files/img-1790544929663-0.jpg?v=1790544931,https://cdn.shopify.com/s/files/1/0965/9354/3474/files/img-1790544930785-1.jpg?v=1790544931
Otras Ligas,Otros,Camiseta West Bromwich Albion 26/27 Visitante,https://camisetasdefutbol.com.co/products/camiseta-west-bromwich-albion-26-27-visitante,100000,,https://cdn.shopify.com/s/files/1/0965/9354/3474/files/img-1790544935902-0.jpg?v=1790544938,https://cdn.shopify.com/s/files/1/0965/9354/3474/files/img-1790544936843-1.jpg?v=1790544938
Otras Ligas,Otros,Camiseta Wolfsburg 95/96 Visitante Retro,https://camisetasdefutbol.com.co/products/camiseta-wolfsburg-95-96-visitante-retro,120000,,https://cdn.shopify.com/s/files/1/0965/9354/3474/files/img-1781536121080-0.jpg?v=1781536124,https://cdn.shopify.com/s/files/1/0965/9354/3474/files/img-1781536122229-1.jpg?v=1781536124
Otras Ligas,Otros,Camiseta Wrexham 26/27 Local,https://camisetasdefutbol.com.co/products/camiseta-wrexham-26-27-local,100000,,https://cdn.shopify.com/s/files/1/0965/9354/3474/files/img-1789856719660-0.jpg?v=1789856722,https://cdn.shopify.com/s/files/1/0965/9354/3474/files/img-1789856720712-1.jpg?v=1789856722
Otras Ligas,Otros,Camiseta Wrexham 26/27 Visitante,https://camisetasdefutbol.com.co/products/camiseta-wrexham-26-27-visitante,100000,,https://cdn.shopify.com/s/files/1/0965/9354/3474/files/lo-wrexham-0.jpg?v=1786924560,https://cdn.shopify.com/s/files/1/0965/9354/3474/files/lo-wrexham-1.jpg?v=1786924560
Otras Ligas,Otros,Camiseta Yokohama F. Marinos 26/27 Local,https://camisetasdefutbol.com.co/products/camiseta-yokohama-f-marinos-26-27-local,100000,,https://cdn.shopify.com/s/files/1/0965/9354/3474/files/img-1789258417896-0.jpg?v=1789258420,https://cdn.shopify.com/s/files/1/0965/9354/3474/files/img-1789258418814-1.jpg?v=1789258420
Otras Ligas,Otros,Camiseta Yokohama F. Marinos 26/27 Visitante,https://camisetasdefutbol.com.co/products/camiseta-yokohama-f-marinos-26-27-visitante,100000,,https://cdn.shopify.com/s/files/1/0965/9354/3474/files/img-1789258424089-0.jpg?v=1789258427,https://cdn.shopify.com/s/files/1/0965/9354/3474/files/img-1789258425022-1.jpg?v=1789258427
Otras Ligas,Otros,Equipación para niños 2025-2026 Valencia Visitante,https://camisetasdefutbol.com.co/products/camiseta-2025-2026-valencia-visitante,100000,,https://cdn.shopify.com/s/files/1/0965/9354/3474/files/download_514d6fba-ed9a-4a52-b4a1-df4029acd694.jpg?v=1776655168,https://cdn.shopify.com/s/files/1/0965/9354/3474/files/download_d704bc6e-2662-40c7-b135-641e34e21473.jpg?v=1776655168
Otras Ligas,Otros,Parche Brasileirão,https://camisetasdefutbol.com.co/products/parche-brasileirao,5000,,https://cdn.shopify.com/s/files/1/0965/9354/3474/files/parche-brasileirao.svg?v=1786921182,
Otras Ligas,Otros,Parche Bundesliga,https://camisetasdefutbol.com.co/products/parche-bundesliga,5000,,https://cdn.shopify.com/s/files/1/0965/9354/3474/files/parche-bundesliga.svg?v=1786921178,
Otras Ligas,Otros,Parche Champions League,https://camisetasdefutbol.com.co/products/parche-champions-league,5000,,https://cdn.shopify.com/s/files/1/0965/9354/3474/files/parche-champions-league.svg?v=1786921188,
Otras Ligas,Otros,Parche Championship,https://camisetasdefutbol.com.co/products/parche-championship,5000,,https://cdn.shopify.com/s/files/1/0965/9354/3474/files/parche-championship.svg?v=1786921186,
Otras Ligas,Otros,Parche Conference League,https://camisetasdefutbol.com.co/products/parche-conference-league,5000,,https://cdn.shopify.com/s/files/1/0965/9354/3474/files/parche-conference-league.svg?v=1786924139,
Otras Ligas,Otros,Parche Copa Intercontinental FIFA,https://camisetasdefutbol.com.co/products/parche-copa-intercontinental-fifa,5000,,https://cdn.shopify.com/s/files/1/0965/9354/3474/files/parche-copa-intercontinental-fifa.svg?v=1786924145,
Otras Ligas,Otros,Parche Copa Libertadores,https://camisetasdefutbol.com.co/products/parche-copa-libertadores,5000,,https://cdn.shopify.com/s/files/1/0965/9354/3474/files/parche-copa-libertadores.svg?v=1786921190,
Otras Ligas,Otros,Parche Copa Sudamericana,https://camisetasdefutbol.com.co/products/parche-copa-sudamericana,5000,,https://cdn.shopify.com/s/files/1/0965/9354/3474/files/parche-copa-sudamericana.svg?v=1786924134,
Otras Ligas,Otros,Parche Europa League,https://camisetasdefutbol.com.co/products/parche-europa-league,5000,,https://cdn.shopify.com/s/files/1/0965/9354/3474/files/parche-europa-league.svg?v=1786924136,
Otras Ligas,Otros,Parche La Liga (1993-2023),https://camisetasdefutbol.com.co/products/parche-la-liga-1993-2023,5000,,https://cdn.shopify.com/s/files/1/0965/9354/3474/files/parche-la-liga-1993-2023.png?v=1786920846,
Otras Ligas,Otros,Parche La Liga (2023-presente),https://camisetasdefutbol.com.co/products/parche-la-liga-2023-presente,5000,,https://cdn.shopify.com/s/files/1/0965/9354/3474/files/parche-la-liga-2023-presente.svg?v=1786979728,
Otras Ligas,Otros,Parche Ligue 1,https://camisetasdefutbol.com.co/products/parche-ligue-1,5000,,https://cdn.shopify.com/s/files/1/0965/9354/3474/files/parche-ligue-1.svg?v=1786921180,
Otras Ligas,Otros,Parche Mundial 2026,https://camisetasdefutbol.com.co/products/parche-mundial-2026,5000,,https://cdn.shopify.com/s/files/1/0965/9354/3474/files/parche-mundial-2026.svg?v=1786924147,
Otras Ligas,Otros,Parche Mundial de Clubes FIFA,https://camisetasdefutbol.com.co/products/parche-mundial-de-clubes-fifa,5000,,https://cdn.shopify.com/s/files/1/0965/9354/3474/files/parche-mundial-de-clubes-fifa.svg?v=1786924142,
Otras Ligas,Otros,Parche Personalizado,https://camisetasdefutbol.com.co/products/parche-personalizado,5000,,,
Otras Ligas,Otros,Parche Premier League (2007-2016),https://camisetasdefutbol.com.co/products/parche-premier-league-2007-2016,5000,,https://cdn.shopify.com/s/files/1/0965/9354/3474/files/parche-premier-league-2007-2016.png?v=1786920847,
Otras Ligas,Otros,Parche Premier League (2016-presente),https://camisetasdefutbol.com.co/products/parche-premier-league-2016-presente,5000,,https://cdn.shopify.com/s/files/1/0965/9354/3474/files/parche-premier-league-2016-presente.svg?v=1786979731,
Otras Ligas,Otros,Parche Serie A,https://camisetasdefutbol.com.co/products/parche-serie-a,5000,,https://cdn.shopify.com/s/files/1/0965/9354/3474/files/parche-serie-a.svg?v=1786921177,
Otras Ligas,Otros,Personalizacion de Camiseta,https://camisetasdefutbol.com.co/products/personalizacion-camiseta,10000,,,
Otras Ligas,Otros,Polo 2025 F1 Formula One,https://camisetasdefutbol.com.co/products/2025-polo-f1-formula-one,150000,,https://cdn.shopify.com/s/files/1/0965/9354/3474/files/download_e991d1c3-9cc0-4bc1-a740-eb363eb9e47a.jpg?v=1776654835,
Otras Ligas,Otros,Polo Visa Cash App RB 2026 F1,https://camisetasdefutbol.com.co/products/polo-visa-cash-app-rb-2026-f1,150000,,https://cdn.shopify.com/s/files/1/0965/9354/3474/files/fix-238830247-0.jpg?v=1780705064,https://cdn.shopify.com/s/files/1/0965/9354/3474/files/fix-238830247-1.jpg?v=1780705064
Otras Ligas,Otros,Polo Williams Racing 2026 F1 Azul Marino,https://camisetasdefutbol.com.co/products/polo-williams-racing-2026-f1-azul-marino,150000,,https://cdn.shopify.com/s/files/1/0965/9354/3474/files/img-1790545407589-0.jpg?v=1790545410,https://cdn.shopify.com/s/files/1/0965/9354/3474/files/img-1790545409354-1.jpg?v=1790545410
Otras Ligas,PSV Eindhoven,Camiseta PSV Eindhoven 04/05 Local Retro,https://camisetasdefutbol.com.co/products/camiseta-psv-eindhoven-04-05-local-retro,120000,,https://cdn.shopify.com/s/files/1/0965/9354/3474/files/img-1781536144534-0.jpg?v=1781536147,https://cdn.shopify.com/s/files/1/0965/9354/3474/files/img-1781536145635-1.jpg?v=1781536147
Otras Ligas,Panathinaikos,Camiseta Panathinaikos 26/27 Local,https://camisetasdefutbol.com.co/products/camiseta-panathinaikos-26-27-local,100000,,https://cdn.shopify.com/s/files/1/0965/9354/3474/files/img-1789258077073-0.jpg?v=1789258080,https://cdn.shopify.com/s/files/1/0965/9354/3474/files/img-1789258078446-1.jpg?v=1789258081
Otras Ligas,Panathinaikos,Camiseta Panathinaikos 26/27 Tercera,https://camisetasdefutbol.com.co/products/camiseta-panathinaikos-26-27-tercera,100000,,https://cdn.shopify.com/s/files/1/0965/9354/3474/files/img-1789258070848-0.jpg?v=1789258073,https://cdn.shopify.com/s/files/1/0965/9354/3474/files/img-1789258071821-1.jpg?v=1789258074
Otras Ligas,Panathinaikos,Camiseta Panathinaikos 26/27 Visitante,https://camisetasdefutbol.com.co/products/camiseta-panathinaikos-26-27-visitante,100000,,https://cdn.shopify.com/s/files/1/0965/9354/3474/files/img-1789258083652-0.jpg?v=1789258086,https://cdn.shopify.com/s/files/1/0965/9354/3474/files/img-1789258084580-1.jpg?v=1789258087
Otras Ligas,Rangers,Camiseta Rangers 02/03 Local Retro,https://camisetasdefutbol.com.co/products/camiseta-rangers-02-03-local-retro,120000,,https://cdn.shopify.com/s/files/1/0965/9354/3474/files/img-1790545484426-0.jpg?v=1790545486,https://cdn.shopify.com/s/files/1/0965/9354/3474/files/img-1790545485404-1.jpg?v=1790545486
Otras Ligas,Rangers,Camiseta Rangers 15/16 Local Retro,https://camisetasdefutbol.com.co/products/camiseta-rangers-15-16-local-retro,120000,,https://cdn.shopify.com/s/files/1/0965/9354/3474/files/img-1790545478550-0.jpg?v=1790545480,https://cdn.shopify.com/s/files/1/0965/9354/3474/files/img-1790545479743-1.jpg?v=1790545480
Otras Ligas,Rangers,Camiseta Rangers 26/27 Local,https://camisetasdefutbol.com.co/products/camiseta-rangers-26-27-local,100000,,https://cdn.shopify.com/s/files/1/0965/9354/3474/files/img-1784400414092-0.jpg?v=1784400418,https://cdn.shopify.com/s/files/1/0965/9354/3474/files/img-1784400415768-1.jpg?v=1784400418
Otras Ligas,Rangers,Camiseta Rangers 26/27 Tercera,https://camisetasdefutbol.com.co/products/camiseta-rangers-26-27-tercera,100000,,https://cdn.shopify.com/s/files/1/0965/9354/3474/files/img-1787112157592-0.jpg?v=1787112161,https://cdn.shopify.com/s/files/1/0965/9354/3474/files/img-1787112159215-1.jpg?v=1787112161
Otras Ligas,Rangers,Camiseta Rangers 26/27 Visitante,https://camisetasdefutbol.com.co/products/camiseta-rangers-26-27-visitante,100000,,https://cdn.shopify.com/s/files/1/0965/9354/3474/files/img-1790545473039-0.jpg?v=1790545474,
Otras Ligas,Rangers,Camiseta Rangers 82/83 Local Retro,https://camisetasdefutbol.com.co/products/camiseta-rangers-82-83-local-retro,120000,,https://cdn.shopify.com/s/files/1/0965/9354/3474/files/img-1790545466855-0.jpg?v=1790545469,https://cdn.shopify.com/s/files/1/0965/9354/3474/files/img-1790545468263-1.jpg?v=1790545469
Otras Ligas,Rangers,Camiseta Rangers 90/92 Local Retro,https://camisetasdefutbol.com.co/products/camiseta-rangers-90-92-local-retro,120000,,https://cdn.shopify.com/s/files/1/0965/9354/3474/files/img-1790545454627-0.jpg?v=1790545457,https://cdn.shopify.com/s/files/1/0965/9354/3474/files/img-1790545455816-1.jpg?v=1790545456
Otras Ligas,Rangers,Camiseta Rangers 90/92 Visitante Retro,https://camisetasdefutbol.com.co/products/camiseta-rangers-90-92-visitante-retro,120000,,https://cdn.shopify.com/s/files/1/0965/9354/3474/files/img-1790545460998-0.jpg?v=1790545463,https://cdn.shopify.com/s/files/1/0965/9354/3474/files/img-1790545461891-1.jpg?v=1790545463
Otras Ligas,Rangers,Camiseta Rangers 93/94 Visitante Retro,https://camisetasdefutbol.com.co/products/camiseta-rangers-93-94-visitante-retro,120000,,https://cdn.shopify.com/s/files/1/0965/9354/3474/files/img-1790545447721-0.jpg?v=1790545450,https://cdn.shopify.com/s/files/1/0965/9354/3474/files/img-1790545448905-1.jpg?v=1790545449
Otras Ligas,Rangers,Camiseta Rangers 94/95 Tercera Retro,https://camisetasdefutbol.com.co/products/camiseta-rangers-94-95-tercera-retro,120000,,https://cdn.shopify.com/s/files/1/0965/9354/3474/files/img-1790545436522-0.jpg?v=1790545438,https://cdn.shopify.com/s/files/1/0965/9354/3474/files/img-1790545437484-1.jpg?v=1790545438
Otras Ligas,Rangers,Camiseta Rangers 94/95 Visitante Retro,https://camisetasdefutbol.com.co/products/camiseta-rangers-94-95-visitante-retro,120000,,https://cdn.shopify.com/s/files/1/0965/9354/3474/files/img-1790545442078-0.jpg?v=1790545444,https://cdn.shopify.com/s/files/1/0965/9354/3474/files/img-1790545443129-1.jpg?v=1790545444
Otras Ligas,Rangers,Camiseta Rangers 94/96 Local Retro,https://camisetasdefutbol.com.co/products/camiseta-rangers-94-96-local-retro,120000,,https://cdn.shopify.com/s/files/1/0965/9354/3474/files/img-1790545430673-0.jpg?v=1790545433,https://cdn.shopify.com/s/files/1/0965/9354/3474/files/img-1790545431807-1.jpg?v=1790545433
Otras Ligas,Rangers,Camiseta Rangers 96/97 Visitante Retro,https://camisetasdefutbol.com.co/products/camiseta-rangers-96-97-visitante-retro,120000,,https://cdn.shopify.com/s/files/1/0965/9354/3474/files/img-1781535827055-0.jpg?v=1781535831,https://cdn.shopify.com/s/files/1/0965/9354/3474/files/img-1781535828843-1.jpg?v=1781535831
Otras Ligas,Rangers,Camiseta Rangers 99/00 Visitante Retro,https://camisetasdefutbol.com.co/products/camiseta-rangers-99-00-visitante-retro,120000,,https://cdn.shopify.com/s/files/1/0965/9354/3474/files/img-1790545424918-0.jpg?v=1790545427,https://cdn.shopify.com/s/files/1/0965/9354/3474/files/img-1790545425883-1.jpg?v=1790545426
