liga,equipo,nombre_escorpion,url_escorpion,precio_escorpion,precio_habitual_escorpion,nombre_tu_tienda,url_tu_tienda,precio_tu_tienda,criterio,foto_1
Liga Chilena,Colo-Colo,Camiseta Colo Colo 2026-2027 Manga Larga Local,https://camisetasdefutbol.com.co/products/camiseta-colo-colo-2026-2027-manga-larga-local,120000,,Camiseta Colo-Colo Local 25/26 Adultos Manga Larga,https://lacabala.cl/products/camiseta-colo-colo-local-25-26-adultos-manga-larga,29990,"imagen_casi_identica(dhash=0,phash=0)",https://cdn.shopify.com/s/files/1/0965/9354/3474/files/download_7a9bd9a4-675f-4e07-820a-30f7b0eed758.jpg?v=1776655711
Liga Chilena,Colo-Colo,Camiseta Colo Colo 2026-2027 Visitante,https://camisetasdefutbol.com.co/products/camiseta-colo-colo-2026-2027-visitante,100000,,Camiseta Colo-Colo Visitante 25/26 Adultos,https://lacabala.cl/products/camiseta-colo-colo-visitante-adultos,27990,"imagen_casi_identica(dhash=1,phash=0)",https://cdn.shopify.com/s/files/1/0965/9354/3474/files/download_800407aa-5b50-484d-89bb-f11a72946ff1.jpg?v=1776655713
Liga Chilena,Colo-Colo,Camiseta Colo Colo 26/27 Visitante,https://camisetasdefutbol.com.co/products/camiseta-colo-colo-26-27-visitante,100000,,Camiseta Colo-Colo Visitante 25/26 Adultos,https://lacabala.cl/products/camiseta-colo-colo-visitante-adultos,27990,"imagen_casi_identica(dhash=1,phash=0)",https://cdn.shopify.com/s/files/1/0965/9354/3474/files/img-1784400622747-0.jpg?v=1784400626
Liga Chilena,Colo-Colo,Camiseta Colo-Colo 26/27 Portero Amarillo,https://camisetasdefutbol.com.co/products/camiseta-colo-colo-26-27-portero-amarillo,110000,,Camiseta Colo-Colo Portero V. 25/26 Adultos,https://lacabala.cl/products/camiseta-colo-colo-portero-v-25-26-adultos,27990,"imagen_casi_identica(dhash=0,phash=0)",https://cdn.shopify.com/s/files/1/0965/9354/3474/files/img-1783301693380-0.jpg?v=1783301697
Liga Chilena,Colo-Colo,Camiseta Colo-Colo 26/27 Portero Morado,https://camisetasdefutbol.com.co/products/camiseta-colo-colo-26-27-portero-morado,110000,,Camiseta Colo-Colo Portero 25/26 Adultos,https://lacabala.cl/products/camiseta-colo-colo-portero-25-26-adultos,27990,"imagen_casi_identica(dhash=0,phash=0)",https://cdn.shopify.com/s/files/1/0965/9354/3474/files/img-1783301686916-0.jpg?v=1783301690
Liga Chilena,Colo-Colo,Camiseta Colo-Colo 26/27 Pre Match,https://camisetasdefutbol.com.co/products/camiseta-colo-colo-26-27-pre-match,100000,,Camiseta Colo Colo Pre Match 2026 Adultos,https://lacabala.cl/products/colo-colo-2026-prematch-adult,27990,"imagen_casi_identica(dhash=0,phash=0)",https://cdn.shopify.com/s/files/1/0965/9354/3474/files/img-1789258778327-0.jpg?v=1789258782
Liga Chilena,Colo-Colo,Camiseta Colo-Colo 96/97 Local Retro,https://camisetasdefutbol.com.co/products/camiseta-colo-colo-96-97-local-retro,120000,,Camiseta Colo-Colo Local 96/97 Adultos,https://lacabala.cl/products/camiseta-colo-colo-local-96-97-adultos,32990,"imagen_casi_identica(dhash=0,phash=0)",https://cdn.shopify.com/s/files/1/0965/9354/3474/files/img-1790545751983-0.jpg?v=1790545754
Liga Chilena,Colo-Colo,Camiseta Colo-Colo 96/97 Visitante Retro,https://camisetasdefutbol.com.co/products/camiseta-colo-colo-96-97-visitante-retro,120000,,Camiseta Colo-Colo Visitante 96/97 Adultos,https://lacabala.cl/products/camiseta-colo-colo-visitante-96-97-adultos,32990,"imagen_casi_identica(dhash=1,phash=0)",https://cdn.shopify.com/s/files/1/0965/9354/3474/files/img-1790545757738-0.jpg?v=1790545759
Liga Chilena,Colo-Colo,Camiseta Colo-Colo 98/99 Visitante Retro,https://camisetasdefutbol.com.co/products/camiseta-colo-colo-98-99-visitante-retro,120000,,Camiseta Colo-Colo Visitante 98/99 Adultos,https://lacabala.cl/products/camiseta-colo-colo-visitante-98-99-adultos,32990,"imagen_casi_identica(dhash=1,phash=2)",https://cdn.shopify.com/s/files/1/0965/9354/3474/files/img-1790545739658-0.jpg?v=1790545741
Liga Chilena,Universidad Católica,Camiseta Universidad Católica 26/27 Local,https://camisetasdefutbol.com.co/products/camiseta-universidad-catolica-26-27-local,100000,,Camiseta Universidad Católica Local 25/26 Adultos,https://lacabala.cl/products/camiseta-universidad-catolica-local-adultos,27990,"imagen_casi_identica(dhash=1,phash=0)",https://cdn.shopify.com/s/files/1/0965/9354/3474/files/img-1784347192985-0.jpg?v=1784347196
Liga Chilena,Universidad Católica,Camiseta Universidad Católica 26/27 Visitante,https://camisetasdefutbol.com.co/products/camiseta-universidad-catolica-26-27-visitante,100000,,Camiseta Universidad Católica Visitante 25/26 Adultos,https://lacabala.cl/products/camiseta-universidad-catolica-visitante-adultos,27990,"imagen_casi_identica(dhash=1,phash=0)",https://cdn.shopify.com/s/files/1/0965/9354/3474/files/img-1789258730103-0.jpg?v=1789258733
Liga Chilena,Universidad de Chile,Camiseta Universidad de Chile 1996 Visitante Retro,https://camisetasdefutbol.com.co/products/camiseta-universidad-de-chile-1996-visitante-retro,120000,,Camiseta Universidad de Chile Visitante 1996 Adultos,https://lacabala.cl/products/camiseta-universidad-de-chile-visitante-1996-adultos,32990,"imagen_casi_identica(dhash=1,phash=0)",https://cdn.shopify.com/s/files/1/0965/9354/3474/files/img-1790545607319-0.jpg?v=1790545609
Liga Chilena,Universidad de Chile,Camiseta Universidad de Chile 2026-2027 Local,https://camisetasdefutbol.com.co/products/camiseta-universidad-de-chile-2026-2027-local,100000,,Camiseta Universidad de Chile Local 25/26 Adultos,https://lacabala.cl/products/camiseta-universidad-de-chile-local-adultos,27990,"imagen_casi_identica(dhash=1,phash=0)",https://cdn.shopify.com/s/files/1/0965/9354/3474/files/download_c3055541-73dc-435a-87d8-f6e45d56d83a.jpg?v=1776655715
Liga Chilena,Universidad de Chile,Camiseta Universidad de Chile 26/27 Local,https://camisetasdefutbol.com.co/products/camiseta-universidad-de-chile-26-27-local,100000,,Camiseta Universidad de Chile Local 25/26 Adultos,https://lacabala.cl/products/camiseta-universidad-de-chile-local-adultos,27990,"imagen_casi_identica(dhash=1,phash=0)",https://cdn.shopify.com/s/files/1/0965/9354/3474/files/img-1784347100071-0.jpg?v=1784347103
Liga Chilena,Universidad de Chile,Camiseta Universidad de Chile 26/27 Local Manga Larga,https://camisetasdefutbol.com.co/products/camiseta-universidad-de-chile-26-27-local-manga-larga,115000,,Camiseta Universidad de Chile Local 25/26 Adultos Manga Larga,https://lacabala.cl/products/camiseta-universidad-de-chile-local-25-26-adultos-manga-larga,29990,"imagen_casi_identica(dhash=2,phash=2)",https://cdn.shopify.com/s/files/1/0965/9354/3474/files/img-1789258764345-0.jpg?v=1789258768
Liga Chilena,Universidad de Chile,Camiseta Universidad de Chile 26/27 Pre Match,https://camisetasdefutbol.com.co/products/camiseta-universidad-de-chile-26-27-pre-match,100000,,Camiseta Universidad de Chile Pre Match 26/27 Adultos,https://lacabala.cl/products/camiseta-universidad-de-chile-pre-match-26-27-adultos,27990,"imagen_casi_identica(dhash=0,phash=0)",https://cdn.shopify.com/s/files/1/0965/9354/3474/files/img-1789258737548-0.jpg?v=1789258741
Liga Chilena,Universidad de Chile,Camiseta Universidad de Chile 26/27 Tercera,https://camisetasdefutbol.com.co/products/camiseta-universidad-de-chile-26-27-tercera,100000,,Camiseta Universidad de Chile Tercera 26/27 Adultos,https://lacabala.cl/products/camiseta-universidad-de-chile-tercera-26-27-adultos,27990,"imagen_casi_identica(dhash=1,phash=0)",https://cdn.shopify.com/s/files/1/0965/9354/3474/files/img-1784400629012-0.jpg?v=1784400632
Liga Chilena,Universidad de Chile,Camiseta Universidad de Chile 26/27 Visitante,https://camisetasdefutbol.com.co/products/camiseta-universidad-de-chile-26-27-visitante,100000,,Camiseta Universidad de Chile Visitante 25/26 Adultos,https://lacabala.cl/products/camiseta-universidad-de-chile-visitante-adultos,27990,"imagen_casi_identica(dhash=0,phash=0)",https://cdn.shopify.com/s/files/1/0965/9354/3474/files/img-1784400616359-0.jpg?v=1784400620
Liga Chilena,Universidad de Chile,Camiseta Universidad de Chile 26/27 Visitante Manga Larga,https://camisetasdefutbol.com.co/products/camiseta-universidad-de-chile-26-27-visitante-manga-larga,115000,,Camiseta Universidad de Chile Visitante 25/26 Adultos Manga Larga,https://lacabala.cl/products/camiseta-universidad-de-chile-visitante-25-26-adultos-manga-larga-copia,29990,"imagen_casi_identica(dhash=0,phash=0)",https://cdn.shopify.com/s/files/1/0965/9354/3474/files/img-1789258723346-0.jpg?v=1789258726
Liga Española,Athletic Club,Camiseta Athletic Club 26/27 Local,https://camisetasdefutbol.com.co/products/camiseta-athletic-club-26-27-local,100000,,Camiseta Athletic Bilbao Local 26/27 Adultos,https://lacabala.cl/products/camiseta-athletic-bilbao-local-26-27-adultos-10,27990,"imagen_casi_identica(dhash=0,phash=0)",https://cdn.shopify.com/s/files/1/0965/9354/3474/files/img-1784346996916-0.jpg?v=1784347000
Liga Española,Atlético de Madrid,Camiseta Atlético de Madrid 04/05 Visitante Retro Manga Larga,https://camisetasdefutbol.com.co/products/camiseta-atletico-de-madrid-04-05-visitante-retro-manga-larga,135000,,Camiseta Atlético de Madrid Visitante SpiderMan Manga Larga 2004/05 Adultos,https://lacabala.cl/products/camiseta-atletico-de-madrid-visitante-spiderman-manga-larga-2004-05-adultos-17,34990,"imagen_casi_identica(dhash=0,phash=0)",https://cdn.shopify.com/s/files/1/0965/9354/3474/files/img-1784896614470-0.jpg?v=1784896618
Liga Española,Atlético de Madrid,Camiseta Atlético de Madrid 25/26 Tercera,https://camisetasdefutbol.com.co/products/camiseta-atletico-de-madrid-25-26-tercera,100000,,Camiseta Atlético de Madrid Visitante 25/26 Adultos,https://lacabala.cl/products/camiseta-atletico-de-madrid-visitante-25-26-adultos-14,27990,"imagen_casi_identica(dhash=1,phash=0)",https://cdn.shopify.com/s/files/1/0965/9354/3474/files/img-1780725574912-0.jpg?v=1780725579
Liga Española,Atlético de Madrid,Camiseta Atlético de Madrid 26/27 Local,https://camisetasdefutbol.com.co/products/camiseta-atletico-de-madrid-26-27-local,100000,,Camiseta Atlético de Madrid Local 26/27 Adultos,https://lacabala.cl/products/camiseta-atletico-de-madrid-local-26-27-adultos-12,27990,"imagen_casi_identica(dhash=1,phash=2)",https://cdn.shopify.com/s/files/1/0965/9354/3474/files/img-1787112368525-0.jpg?v=1787112373
Liga Española,Atlético de Madrid,Camiseta Atlético de Madrid 26/27 Visitante,https://camisetasdefutbol.com.co/products/camiseta-atletico-de-madrid-26-27-visitante,100000,,Camiseta Atlético de Madrid Visitante 26/27 Adultos,https://lacabala.cl/products/camiseta-atletico-de-madrid-visitante-26-27-adultos-15,27990,"imagen_casi_identica(dhash=0,phash=0)",https://cdn.shopify.com/s/files/1/0965/9354/3474/files/img-1784346859690-0.jpg?v=1784346863
Liga Española,Celta de Vigo,Camiseta Celta de Vigo 26/27 Local,https://camisetasdefutbol.com.co/products/camiseta-celta-de-vigo-26-27-local,100000,,Camiseta Celta de Vigo Local 26/27 Adultos,https://lacabala.cl/products/camiseta-celta-de-vigo-local-26-27-adultos-18,27990,"imagen_casi_identica(dhash=0,phash=2)",https://cdn.shopify.com/s/files/1/0965/9354/3474/files/img-1787112201169-0.jpg?v=1787112204
Liga Española,Celta de Vigo,Camiseta Celta de Vigo 26/27 Visitante,https://camisetasdefutbol.com.co/products/camiseta-celta-de-vigo-26-27-visitante,100000,,Camiseta Celta de Vigo Visitante 26/27 Adultos,https://lacabala.cl/products/camiseta-celta-de-vigo-visitante-26-27-adultos-19,27990,"imagen_casi_identica(dhash=0,phash=0)",https://cdn.shopify.com/s/files/1/0965/9354/3474/files/img-1787112222467-0.jpg?v=1787112226
Liga Española,Deportivo La Coruña,Camiseta Deportivo La Coruña 26/27 Local,https://camisetasdefutbol.com.co/products/camiseta-deportivo-la-coruna-26-27-local,100000,,Camiseta Deportivo La Coruña Local 26/27 Adultos,https://lacabala.cl/products/camiseta-deportivo-la-coruna-local-26-27-adultos-20,27990,"imagen_casi_identica(dhash=0,phash=0)",https://cdn.shopify.com/s/files/1/0965/9354/3474/files/img-1787112397235-0.jpg?v=1787112401
Liga Española,Elche,Camiseta 2025-2026 Elche Local,https://camisetasdefutbol.com.co/products/camiseta-2025-2026-elche-local,100000,,Camiseta Elche 25-26 Local Adultos,https://lacabala.cl/products/elche-2026-local,27990,"imagen_casi_identica(dhash=0,phash=0)",https://cdn.shopify.com/s/files/1/0965/9354/3474/files/download_f7a5d3d8-d225-44c7-9d8f-beae2598b20d.jpg?v=1776654948
Liga Española,Espanyol,Camiseta RCD Espanyol 26/27 Local,https://camisetasdefutbol.com.co/products/camiseta-rcd-espanyol-26-27-local,100000,,Camiseta Espanyol Local 26/27 Adultos,https://lacabala.cl/products/camiseta-espanyol-local-26-27-adultos-23,27990,"imagen_casi_identica(dhash=1,phash=0)",https://cdn.shopify.com/s/files/1/0965/9354/3474/files/img-1787112288858-0.jpg?v=1787112293
Liga Española,FC Barcelona,Camiseta 2024-2025 Versión Jugador Barcelona Visitante,https://camisetasdefutbol.com.co/products/camiseta-2024-2025-version-jugador-barcelona-visitante,110000,,Camiseta FC Barcelona Visitante 24/25 Adultos [PLAYER VERSION],https://lacabala.cl/products/camiseta-fc-barcelona-visitante-24-25-adultos-player-version,32990,"imagen_casi_identica(dhash=0,phash=0)",https://cdn.shopify.com/s/files/1/0965/9354/3474/files/download_aacca334-6240-4381-9ef9-0572622e4b81.jpg?v=1776654845
Liga Española,FC Barcelona,Camiseta 2025-2026 Versión Jugador Barcelona Alternativa Visitante manga larga,https://camisetasdefutbol.com.co/products/camiseta-2025-2026-version-jugador-barcelona-alternativa-visitante,130000,,Camiseta FC Barcelona Tercera Manga Larga 25/26 Adultos [PLAYER VERSION],https://lacabala.cl/products/camiseta-fc-barcelona-tercera-manga-larga-25-26-adultos-player-version,34990,"imagen_casi_identica(dhash=0,phash=2)",https://cdn.shopify.com/s/files/1/0965/9354/3474/files/download_be198f01-7bf2-44f2-8f89-e2a0233ac9d7.jpg?v=1776655059
Liga Española,FC Barcelona,Camiseta FC Barcelona 02/03 Tercera Retro,https://camisetasdefutbol.com.co/products/camiseta-fc-barcelona-02-03-tercera-retro,120000,,Camiseta FC Barcelona Tercera 02/03 Adultos,https://lacabala.cl/products/camiseta-fc-barcelona-tercera-02-03-adultos,32990,"imagen_casi_identica(dhash=0,phash=2)",https://cdn.shopify.com/s/files/1/0965/9354/3474/files/img-1780729164832-0.jpg?v=1780729168
Liga Española,FC Barcelona,Camiseta FC Barcelona 04/05 Visitante Retro,https://camisetasdefutbol.com.co/products/camiseta-fc-barcelona-04-05-visitante-retro,120000,,Camiseta FC Barcelona Visitante 04/05 Adultos,https://lacabala.cl/products/camiseta-fc-barcelona-visitante-04-05-adultos,32990,"imagen_casi_identica(dhash=0,phash=2)",https://cdn.shopify.com/s/files/1/0965/9354/3474/files/img-1780728700249-0.jpg?v=1780728704
Liga Española,FC Barcelona,Camiseta FC Barcelona 05/06 Local Manga Larga Retro,https://camisetasdefutbol.com.co/products/camiseta-fc-barcelona-05-06-local-manga-larga-retro,135000,,Camiseta Barcelona 2005/06 Local Adultos Manga Larga,https://lacabala.cl/products/camiseta-barcelona-2005-06-local-adultos-manga-larga,33990,"imagen_casi_identica(dhash=0,phash=0)",https://cdn.shopify.com/s/files/1/0965/9354/3474/files/img-1788752068274-0.jpg?v=1788752071
Liga Española,FC Barcelona,Camiseta FC Barcelona 05/06 Local Retro,https://camisetasdefutbol.com.co/products/camiseta-fc-barcelona-05-06-local-retro,120000,,Camiseta FC Barcelona Local 05/06 Adultos,https://lacabala.cl/products/camiseta-fc-barcelona-local-05-06-adultos,32990,"imagen_casi_identica(dhash=2,phash=2)",https://cdn.shopify.com/s/files/1/0965/9354/3474/files/img-1780740684518-0.jpg?v=1780740688
Liga Española,FC Barcelona,Camiseta FC Barcelona 06/07 Local Retro,https://camisetasdefutbol.com.co/products/camiseta-fc-barcelona-06-07-local-retro,120000,,Camiseta FC Barcelona Local 06/07 Adultos [PLAYER VERSION],https://lacabala.cl/products/camiseta-fc-barcelona-local-06-07-adultos-player-version,32990,"imagen_casi_identica(dhash=1,phash=0)",https://cdn.shopify.com/s/files/1/0965/9354/3474/files/img-1780728356904-0.jpg?v=1780728361
Liga Española,FC Barcelona,Camiseta FC Barcelona 07/08 Local Retro,https://camisetasdefutbol.com.co/products/camiseta-fc-barcelona-07-08-local-retro,120000,,Camiseta FC Barcelona Local 07/08 Adultos [PLAYER VERSION],https://lacabala.cl/products/camiseta-fc-barcelona-local-07-08-adultos-player-version,32990,"imagen_casi_identica(dhash=2,phash=0)",https://cdn.shopify.com/s/files/1/0965/9354/3474/files/img-1780727714844-0.jpg?v=1780727718
Liga Española,FC Barcelona,Camiseta FC Barcelona 09/10 Local Retro,https://camisetasdefutbol.com.co/products/camiseta-fc-barcelona-09-10-local-retro,120000,,Camiseta FC Barcelona Local 09/10 Adultos [PLAYER VERSION],https://lacabala.cl/products/camiseta-fc-barcelona-local-09-10-adultos-player-version,32990,"imagen_casi_identica(dhash=0,phash=2)",https://cdn.shopify.com/s/files/1/0965/9354/3474/files/img-1780730041650-0.jpg?v=1780730045
Liga Española,FC Barcelona,Camiseta FC Barcelona 10/11 Local Retro,https://camisetasdefutbol.com.co/products/camiseta-fc-barcelona-10-11-local-retro-1,120000,,Camiseta FC Barcelona Local 10/11 Adultos,https://lacabala.cl/products/camiseta-fc-barcelona-local-10-11-adultos-2,32990,"imagen_casi_identica(dhash=1,phash=0)",https://cdn.shopify.com/s/files/1/0965/9354/3474/files/img-1780733286100-0.jpg?v=1780733290
Liga Española,FC Barcelona,Camiseta FC Barcelona 11/12 Local Retro,https://camisetasdefutbol.com.co/products/camiseta-fc-barcelona-11-12-local-retro,120000,,Camiseta FC Barcelona Local 11/12 Adultos [PLAYER VERSION],https://lacabala.cl/products/camiseta-fc-barcelona-local-11-12-adultos-player-version,32990,"imagen_casi_identica(dhash=0,phash=0)",https://cdn.shopify.com/s/files/1/0965/9354/3474/files/img-1780730300433-0.jpg?v=1780730304
Liga Española,FC Barcelona,Camiseta FC Barcelona 12/13 Visitante Retro,https://camisetasdefutbol.com.co/products/camiseta-fc-barcelona-12-13-visitante-retro,120000,,Camiseta FC Barcelona Visitante 2012/13 Adultos,https://lacabala.cl/products/camiseta-fc-barcelona-visitante-2012-13-adultos-27,32990,"imagen_casi_identica(dhash=0,phash=0)",https://cdn.shopify.com/s/files/1/0965/9354/3474/files/img-1790546404161-0.jpg?v=1790546406
Liga Española,FC Barcelona,Camiseta FC Barcelona 13/14 Local Retro,https://camisetasdefutbol.com.co/products/camiseta-fc-barcelona-13-14-local-retro,120000,,Camiseta FC Barcelona Local 13/14 Adultos [PLAYER VERSION],https://lacabala.cl/products/camiseta-fc-barcelona-local-13-14-adultos-player-version,32990,"imagen_casi_identica(dhash=2,phash=2)",https://cdn.shopify.com/s/files/1/0965/9354/3474/files/img-1780730308163-0.jpg?v=1780730312
Liga Española,FC Barcelona,Camiseta FC Barcelona 13/14 Tercera Retro,https://camisetasdefutbol.com.co/products/camiseta-fc-barcelona-13-14-tercera-retro,120000,,Camiseta FC Barcelona Tercera 13/14 Adultos [PLAYER VERSION],https://lacabala.cl/products/camiseta-fc-barcelona-tercera-13-14-adultos-player-version,32990,"imagen_casi_identica(dhash=1,phash=0)",https://cdn.shopify.com/s/files/1/0965/9354/3474/files/img-1780728102160-0.jpg?v=1780728105
Liga Española,FC Barcelona,Camiseta FC Barcelona 14/15 Local Retro,https://camisetasdefutbol.com.co/products/camiseta-fc-barcelona-14-15-local-retro,120000,,Camiseta FC Barcelona Local 14/15 Adultos [PLAYER VERSION],https://lacabala.cl/products/camiseta-fc-barcelona-local-14-15-adultos-player-version,32990,"imagen_casi_identica(dhash=2,phash=0)",https://cdn.shopify.com/s/files/1/0965/9354/3474/files/img-1780729393364-0.jpg?v=1780729396
Liga Española,FC Barcelona,Camiseta FC Barcelona 14/15 Visitante Retro,https://camisetasdefutbol.com.co/products/camiseta-fc-barcelona-14-15-visitante-retro,120000,,Camiseta FC Barcelona Visitante 2014/15 Adultos,https://lacabala.cl/products/camiseta-fc-barcelona-visitante-2014-15-adultos-28,32990,"imagen_casi_identica(dhash=2,phash=0)",https://cdn.shopify.com/s/files/1/0965/9354/3474/files/img-1790546319035-0.jpg?v=1790546321
Liga Española,FC Barcelona,Camiseta FC Barcelona 17/18 Local Retro,https://camisetasdefutbol.com.co/products/camiseta-fc-barcelona-17-18-local-retro,120000,,Camiseta FC Barcelona Local 17/18 Adultos,https://lacabala.cl/products/camiseta-fc-barcelona-local-17-18-adultos,32990,"imagen_casi_identica(dhash=1,phash=0)",https://cdn.shopify.com/s/files/1/0965/9354/3474/files/img-1780731223955-0.jpg?v=1780731228
Liga Española,FC Barcelona,Camiseta FC Barcelona 18/19 Tercera Retro,https://camisetasdefutbol.com.co/products/camiseta-fc-barcelona-18-19-tercera-retro,120000,,Camiseta FC Barcelona Tercera 2021 Adultos,https://lacabala.cl/products/camiseta-fc-barcelona-tercera-2021-adultos,27990,"imagen_casi_identica(dhash=0,phash=0)",https://cdn.shopify.com/s/files/1/0965/9354/3474/files/img-1780723628932-0.jpg?v=1780723633
Liga Española,FC Barcelona,Camiseta FC Barcelona 20/21 Local Retro,https://camisetasdefutbol.com.co/products/camiseta-fc-barcelona-20-21-local-retro,120000,,Camiseta FC Barcelona Local 2021 Adultos,https://lacabala.cl/products/camiseta-fc-barcelona-local-2021-adultos,27990,"imagen_casi_identica(dhash=0,phash=0)",https://cdn.shopify.com/s/files/1/0965/9354/3474/files/img-1780723796713-0.jpg?v=1780723801
Liga Española,FC Barcelona,"Camiseta FC Barcelona 2008/09 Local Retro, Versión Jugador",https://camisetasdefutbol.com.co/products/camiseta-fc-barcelona-2008-09-local-retro-version-jugador,120000,,Camiseta FC Barcelona Local 08/09 Adultos [PLAYER VERSION],https://lacabala.cl/products/camiseta-fc-barcelona-local-08-09-adultos-player-version,32990,"imagen_casi_identica(dhash=0,phash=2)",https://cdn.shopify.com/s/files/1/0965/9354/3474/files/img-1784483311837-0.jpg?v=1784483315
Liga Española,FC Barcelona,Camiseta FC Barcelona 25/26 Local,https://camisetasdefutbol.com.co/products/camiseta-fc-barcelona-25-26-local,100000,,Camiseta FC Barcelona Local 25/26 Adultos,https://lacabala.cl/products/camiseta-fc-barcelona-25-26-adultos,27990,"imagen_casi_identica(dhash=2,phash=0)",https://cdn.shopify.com/s/files/1/0965/9354/3474/files/img-1780733861274-0.jpg?v=1780733864
Liga Española,FC Barcelona,Camiseta FC Barcelona 25/26 Local Basketball,https://camisetasdefutbol.com.co/products/camiseta-fc-barcelona-25-26-local-basketball,100000,,Camiseta FC Barcelona Basketball Local 25/26 Adultos,https://lacabala.cl/products/camiseta-fc-barcelona-basketball-local-25-26-adultos,27990,"imagen_casi_identica(dhash=2,phash=2)",https://cdn.shopify.com/s/files/1/0965/9354/3474/files/img-1784896460298-0.jpg?v=1784896464
Liga Española,FC Barcelona,"Camiseta FC Barcelona 25/26 Negro Concept, Versión Jugador",https://camisetasdefutbol.com.co/products/camiseta-fc-barcelona-25-26-negro-concept-version-jugador,110000,,Camiseta FC Barcelona Concept Naranjo 25/26 Adultos [PLAYER VERSION],https://lacabala.cl/products/camiseta-fc-barcelona-concept-naranjo-25-26-adultos-player-version,32990,"imagen_casi_identica(dhash=0,phash=2)",https://cdn.shopify.com/s/files/1/0965/9354/3474/files/img-1780732031696-0.jpg?v=1780732035
Liga Española,FC Barcelona,"Camiseta FC Barcelona 25/26 Tercera Manga Larga, Versión Jugador",https://camisetasdefutbol.com.co/products/camiseta-fc-barcelona-25-26-tercera-manga-larga-version-jugador,125000,,Camiseta FC Barcelona Tercera Manga Larga 25/26 Adultos [PLAYER VERSION],https://lacabala.cl/products/camiseta-fc-barcelona-tercera-manga-larga-25-26-adultos-player-version,34990,"imagen_casi_identica(dhash=0,phash=2)",https://cdn.shopify.com/s/files/1/0965/9354/3474/files/img-1784896577148-0.jpg?v=1784896580
Liga Española,FC Barcelona,"Camiseta FC Barcelona 25/26 Visitante, Versión Jugador",https://camisetasdefutbol.com.co/products/camiseta-fc-barcelona-25-26-visitante-version-jugador,110000,,Camiseta FC Barcelona Visitante 25/26 Adultos [PLAYER VERSION],https://lacabala.cl/products/camiseta-fc-barcelona-visitante-25-26-adultos-player-version,32990,"imagen_casi_identica(dhash=2,phash=0)",https://cdn.shopify.com/s/files/1/0965/9354/3474/files/img-1780732012079-0.jpg?v=1780732015
Liga Española,FC Barcelona,Camiseta FC Barcelona 26/27 Cuarta,https://camisetasdefutbol.com.co/products/camiseta-fc-barcelona-26-27-cuarta,100000,,Camiseta FC Barcelona Cuarta 26/27 Adultos,https://lacabala.cl/products/camiseta-fc-barcelona-cuarta-26-27-adultos-33,27990,"imagen_casi_identica(dhash=1,phash=0)",https://cdn.shopify.com/s/files/1/0965/9354/3474/files/img-1789856962490-0.jpg?v=1789856964
Liga Española,FC Barcelona,"Camiseta FC Barcelona 26/27 Edición Especial Blanco, Versión Jugador",https://camisetasdefutbol.com.co/products/camiseta-fc-barcelona-26-27-edicion-especial-blanco-version-jugador,110000,,Camiseta FC Barcelona Edición Especial 26/27 Blanca Adultos [PLAYER VERSION],https://lacabala.cl/products/camiseta-fc-barcelona-edicion-especial-26-27-blanca-adultos-player-version,32990,"imagen_casi_identica(dhash=1,phash=0)",https://cdn.shopify.com/s/files/1/0965/9354/3474/files/img-1784695978049-0.jpg?v=1784695981
Liga Española,FC Barcelona,Camiseta FC Barcelona 26/27 Local,https://camisetasdefutbol.com.co/products/camiseta-fc-barcelona-26-27-local,100000,,Camiseta FC Barcelona Local 26/27 Adultos,https://lacabala.cl/products/camiseta-fc-barcelona-local-26-27-adultos,27990,"imagen_casi_identica(dhash=2,phash=0)",https://cdn.shopify.com/s/files/1/0965/9354/3474/files/fix-237052162-0.jpg?v=1780704891
Liga Española,FC Barcelona,Camiseta FC Barcelona 26/27 Tercera,https://camisetasdefutbol.com.co/products/camiseta-fc-barcelona-26-27-tercera,100000,,Camiseta FC Barcelona Tercera 26/27 Adultos,https://lacabala.cl/products/camiseta-fc-barcelona-tercera-26-27-adultos,27990,"imagen_casi_identica(dhash=1,phash=2)",https://cdn.shopify.com/s/files/1/0965/9354/3474/files/img-1784696066898-0.jpg?v=1784696070
Liga Española,FC Barcelona,"Camiseta FC Barcelona 26/27 Tercera, Versión Jugador",https://camisetasdefutbol.com.co/products/camiseta-fc-barcelona-26-27-tercera-version-jugador,110000,,Camiseta FC Barcelona Tercera 26/27 Adultos [PLAYER VERSION],https://lacabala.cl/products/camiseta-fc-barcelona-tercera-26-27-adultos-player-version,32990,"imagen_casi_identica(dhash=1,phash=2)",https://cdn.shopify.com/s/files/1/0965/9354/3474/files/img-1783732200441-0.jpg?v=1783732203
Liga Española,FC Barcelona,"Camiseta FC Barcelona 26/27 Visitante, Versión Jugador",https://camisetasdefutbol.com.co/products/camiseta-fc-barcelona-26-27-visitante-version-jugador,110000,,Camiseta FC Barcelona x Kobe Bryant 26/27 Adultos [PLAYER VERSION],https://lacabala.cl/products/camiseta-fc-barcelona-x-kobe-bryant-26-27-adultos-player-version,32990,"imagen_casi_identica(dhash=0,phash=0)",https://cdn.shopify.com/s/files/1/0965/9354/3474/files/img-1783732194369-0.jpg?v=1783732197
Liga Española,FC Barcelona,Camiseta FC Barcelona 80/81 Local Retro,https://camisetasdefutbol.com.co/products/camiseta-fc-barcelona-80-81-local-retro,120000,,Camiseta FC Barcelona Local 80/81 Adultos,https://lacabala.cl/products/camiseta-fc-barcelona-local-80-81-adultos,32990,"imagen_casi_identica(dhash=1,phash=2)",https://cdn.shopify.com/s/files/1/0965/9354/3474/files/img-1786161832063-0.jpg?v=1786161835
Liga Española,FC Barcelona,Camiseta FC Barcelona 87/91 Tercera Retro,https://camisetasdefutbol.com.co/products/camiseta-fc-barcelona-87-91-tercera-retro,120000,,Camiseta FC Barcelona Tercera 87/91 Adultos,https://lacabala.cl/products/camiseta-fc-barcelona-tercera-87-91-adultos,32990,"imagen_casi_identica(dhash=0,phash=2)",https://cdn.shopify.com/s/files/1/0965/9354/3474/files/img-1780726613312-0.jpg?v=1780726616
Liga Española,FC Barcelona,Camiseta FC Barcelona 90/91 Local Retro,https://camisetasdefutbol.com.co/products/camiseta-fc-barcelona-90-91-local-retro,120000,,Camiseta FC Barcelona Local 90/91 Adultos,https://lacabala.cl/products/camiseta-fc-barcelona-local-90-91-adultos,32990,"imagen_casi_identica(dhash=0,phash=2)",https://cdn.shopify.com/s/files/1/0965/9354/3474/files/img-1780731191740-0.jpg?v=1780731196
Liga Española,FC Barcelona,Camiseta FC Barcelona 90/92 Local Retro,https://camisetasdefutbol.com.co/products/camiseta-fc-barcelona-90-92-local-retro,120000,,Camiseta FC Barcelona Local 90/92 Adultos,https://lacabala.cl/products/camiseta-fc-barcelona-local-90-92-adultos,32990,"imagen_casi_identica(dhash=0,phash=0)",https://cdn.shopify.com/s/files/1/0965/9354/3474/files/img-1780733478233-0.jpg?v=1780733481
Liga Española,FC Barcelona,Camiseta FC Barcelona 91/92 Local Manga Larga Retro,https://camisetasdefutbol.com.co/products/camiseta-fc-barcelona-91-92-local-manga-larga-retro,135000,,Camiseta FC Barcelona Local Manga Larga 91/92 Adultos,https://lacabala.cl/products/camiseta-fc-barcelona-local-manga-larga-91-92-adultos,34990,"imagen_casi_identica(dhash=2,phash=0)",https://cdn.shopify.com/s/files/1/0965/9354/3474/files/img-1788752060538-0.jpg?v=1788752063
Liga Española,FC Barcelona,Camiseta FC Barcelona 97/98 Visitante Retro,https://camisetasdefutbol.com.co/products/camiseta-fc-barcelona-97-98-visitante-retro,120000,,Camiseta FC Barcelona Visitante 97/98 Adultos,https://lacabala.cl/products/camiseta-fc-barcelona-visitante-97-98-adultos,32990,"imagen_casi_identica(dhash=2,phash=2)",https://cdn.shopify.com/s/files/1/0965/9354/3474/files/img-1780728680613-0.jpg?v=1780728684
Liga Española,FC Barcelona,Camiseta FC Barcelona x Kobe Bryant 26/27 Visitante,https://camisetasdefutbol.com.co/products/camiseta-fc-barcelona-x-kobe-bryant-26-27-visitante,120000,,Camiseta FC Barcelona x Kobe Bryant 26/27 Adultos,https://lacabala.cl/products/camiseta-fc-barcelona-x-kobe-bryant-26-27-adultos,27990,"imagen_casi_identica(dhash=1,phash=0)",https://cdn.shopify.com/s/files/1/0965/9354/3474/files/img-1786161740981-0.jpg?v=1786161744
Liga Española,FC Barcelona,Camiseta FC Barcelona x Kobe Bryant 26/27 Visitante Manga Larga,https://camisetasdefutbol.com.co/products/camiseta-fc-barcelona-x-kobe-bryant-26-27-visitante-manga-larga,135000,,Camiseta FC Barcelona x Kobe Bryant 26/27 Manga Larga Adultos,https://lacabala.cl/products/camiseta-fc-barcelona-x-kobe-bryant-26-27-manga-larga-adultos,29990,"imagen_casi_identica(dhash=1,phash=0)",https://cdn.shopify.com/s/files/1/0965/9354/3474/files/img-1786161747687-0.jpg?v=1786161754
Liga Española,FC Barcelona,"Camiseta FC Barcelona x Kobe Bryant 26/27 Visitante Manga Larga, Versión Jugador",https://camisetasdefutbol.com.co/products/camiseta-fc-barcelona-x-kobe-bryant-26-27-visitante-manga-larga-version-jugador,145000,,Camiseta FC Barcelona x Kobe Bryant 26/27 Manga Larga Adultos [PLAYER VERSION],https://lacabala.cl/products/camiseta-fc-barcelona-x-kobe-bryant-26-27-manga-larga-adultos-player-version,34990,"imagen_casi_identica(dhash=1,phash=2)",https://cdn.shopify.com/s/files/1/0965/9354/3474/files/img-1786161758271-0.jpg?v=1786161763
Liga Española,FC Barcelona,Rompevientos FC Barcelona 15/16 Azul,https://camisetasdefutbol.com.co/products/rompevientos-fc-barcelona-15-16-azul,250000,,Cortavientos FC Barcelona 15/16 Adultos,https://lacabala.cl/products/cortavientos-fc-barcelona-15-16-adultos,49990,"imagen_casi_identica(dhash=2,phash=0)",https://cdn.shopify.com/s/files/1/0965/9354/3474/files/img-1782189850047-0.jpg?v=1782189855
Liga Española,FC Barcelona,Rompevientos FC Barcelona 2026 Azul,https://camisetasdefutbol.com.co/products/rompevientos-fc-barcelona-2026-azul,250000,,Cortavientos FC Barcelona Pre Partido 2026 Adultos,https://lacabala.cl/products/cortavientos-fc-barcelona-pre-partido-2026-adultos,49990,"imagen_casi_identica(dhash=1,phash=0)",https://cdn.shopify.com/s/files/1/0965/9354/3474/files/img-1786161675487-0.jpg?v=1786161679
Liga Española,Málaga,Camiseta Málaga 26/27 Local,https://camisetasdefutbol.com.co/products/camiseta-malaga-26-27-local,100000,,Camiseta Málaga Local 26/27 Adultos,https://lacabala.cl/products/camiseta-malaga-local-26-27-adultos-36,27990,"imagen_casi_identica(dhash=0,phash=0)",https://cdn.shopify.com/s/files/1/0965/9354/3474/files/img-1784400427987-0.jpg?v=1784400431
Liga Española,Real Betis,Camiseta Real Betis 26/27 Local,https://camisetasdefutbol.com.co/products/camiseta-real-betis-26-27-local,100000,,Camiseta Real Betis Local 26/27 Adultos,https://lacabala.cl/products/camiseta-real-betis-local-26-27-adultos-39,27990,"imagen_casi_identica(dhash=1,phash=2)",https://cdn.shopify.com/s/files/1/0965/9354/3474/files/img-1784346900887-0.jpg?v=1784346906
Liga Española,Real Betis,Equipación para niños 2026-2027 Real Betis Local,https://camisetasdefutbol.com.co/products/equipacion-para-ninos-2026-2027-real-betis-local,100000,,Camiseta + Short Real Betis Local 26/27 Niños,https://lacabala.cl/products/camiseta-short-real-betis-local-26-27-ninos-38,27990,"imagen_casi_identica(dhash=0,phash=0)",https://cdn.shopify.com/s/files/1/0965/9354/3474/files/img-1788145153043-0.jpg?v=1788145155
Liga Española,Real Madrid,Camiseta 2025-2026 Real Madrid Edición Especial,https://camisetasdefutbol.com.co/products/camiseta-2025-2026-real-madrid-edicion-especial,100000,,Camiseta Real Madrid Edición Especial Blanca 25/26 Adultos,https://lacabala.cl/products/camiseta-real-madrid-edicion-especial-blanca-25-26-adultos,27990,"imagen_casi_identica(dhash=0,phash=0)",https://cdn.shopify.com/s/files/1/0965/9354/3474/files/download_2c7819bf-7d9a-4b2d-82ca-186b43b38319.jpg?v=1776655119
Liga Española,Real Madrid,Camiseta Real Madrid 04/05 Tercera Manga Larga Retro,https://camisetasdefutbol.com.co/products/camiseta-real-madrid-04-05-tercera-manga-larga-retro,135000,,Camiseta Real Madrid Tercera Manga Larga 04/05 Adultos,https://lacabala.cl/products/camiseta-real-madrid-tercera-manga-larga-04-05-adultos,34990,"imagen_casi_identica(dhash=1,phash=2)",https://cdn.shopify.com/s/files/1/0965/9354/3474/files/img-1788752053519-0.jpg?v=1788752056
Liga Española,Real Madrid,Camiseta Real Madrid 11/12 Tercera Retro,https://camisetasdefutbol.com.co/products/camiseta-real-madrid-11-12-tercera-retro,120000,,Camiseta Real Madrid Tercera 11/12 Adultos [PLAYER VERSION],https://lacabala.cl/products/camiseta-real-madrid-tercera-11-12-adultos-player-version,32990,"imagen_casi_identica(dhash=2,phash=0)",https://cdn.shopify.com/s/files/1/0965/9354/3474/files/img-1780730290591-0.jpg?v=1780730294
Liga Española,Real Madrid,Camiseta Real Madrid 12/13 Visitante Retro,https://camisetasdefutbol.com.co/products/camiseta-real-madrid-12-13-visitante-retro,120000,,Camiseta Real Madrid Visitante 12/13 Adultos [PLAYER VERSION],https://lacabala.cl/products/camiseta-real-madrid-visitante-12-13-adultos-player-version,32990,"imagen_casi_identica(dhash=0,phash=0)",https://cdn.shopify.com/s/files/1/0965/9354/3474/files/img-1780729974157-0.jpg?v=1780729979
Liga Española,Real Madrid,"Camiseta Real Madrid 125 Aniversario, Versión Jugador",https://camisetasdefutbol.com.co/products/camiseta-real-madrid-125-aniversario-version-jugador,110000,,Camiseta Real Madrid 125th Aniversario Adultos [PLAYER VERSION],https://lacabala.cl/products/camiseta-real-madrid-125th-aniversario-adultos-player-version,32990,"imagen_casi_identica(dhash=1,phash=0)",https://cdn.shopify.com/s/files/1/0965/9354/3474/files/img-1784896539382-0.jpg?v=1784896543
Liga Española,Real Madrid,Camiseta Real Madrid 14/15 Tercera Retro,https://camisetasdefutbol.com.co/products/camiseta-real-madrid-14-15-tercera-retro,120000,,Camiseta Real Madrid Tercera 14/15 Adultos,https://lacabala.cl/products/camiseta-real-madrid-tercera-14-15-adultos,32990,"imagen_casi_identica(dhash=1,phash=0)",https://cdn.shopify.com/s/files/1/0965/9354/3474/files/img-1780733161598-0.jpg?v=1780733165
Liga Española,Real Madrid,Camiseta Real Madrid 17/18 Local Retro,https://camisetasdefutbol.com.co/products/camiseta-real-madrid-17-18-local-retro,120000,,Camiseta Real Madrid Local 17/18 Adultos [PLAYER VERSION],https://lacabala.cl/products/camiseta-real-madrid-local-17-18-adultos-player-version,32990,"imagen_casi_identica(dhash=2,phash=0)",https://cdn.shopify.com/s/files/1/0965/9354/3474/files/img-1780729566037-0.jpg?v=1780729569
Liga Española,Real Madrid,Camiseta Real Madrid 18/19 Local Retro,https://camisetasdefutbol.com.co/products/camiseta-real-madrid-18-19-local-retro,120000,,Camiseta Real Madrid Local 18/19 Adultos,https://lacabala.cl/products/camiseta-real-madrid-local-18-19-adultos,32990,"imagen_casi_identica(dhash=1,phash=0)",https://cdn.shopify.com/s/files/1/0965/9354/3474/files/img-1780723265551-0.jpg?v=1780723269
Liga Española,Real Madrid,Camiseta Real Madrid 19/20 Visitante Retro,https://camisetasdefutbol.com.co/products/camiseta-real-madrid-19-20-visitante-retro,120000,,Camiseta Real Madrid Visitante 19/20 Adultos,https://lacabala.cl/products/camiseta-real-madrid-visitante-19-20-adultos,32990,"imagen_casi_identica(dhash=0,phash=2)",https://cdn.shopify.com/s/files/1/0965/9354/3474/files/img-1780723257428-0.jpg?v=1780723262
Liga Española,Real Madrid,Camiseta Real Madrid 20/21 Local Retro,https://camisetasdefutbol.com.co/products/camiseta-real-madrid-20-21-local-retro,120000,,Camiseta Real Madrid Local 20/21 Adultos,https://lacabala.cl/products/camiseta-real-madrid-local-20-21-adultos-2,27990,"imagen_casi_identica(dhash=0,phash=0)",https://cdn.shopify.com/s/files/1/0965/9354/3474/files/img-1780723126864-0.jpg?v=1780723130
Liga Española,Real Madrid,Camiseta Real Madrid 20/21 Tercera Retro,https://camisetasdefutbol.com.co/products/camiseta-real-madrid-20-21-tercera-retro,120000,,Camiseta Real Madrid Tercera 20/21 Adultos,https://lacabala.cl/products/camiseta-real-madrid-tercera-20-21-adultos,27990,"imagen_casi_identica(dhash=0,phash=0)",https://cdn.shopify.com/s/files/1/0965/9354/3474/files/img-1780723120006-0.jpg?v=1780723124
Liga Española,Real Madrid,Camiseta Real Madrid 20/21 Visitante Retro,https://camisetasdefutbol.com.co/products/camiseta-real-madrid-20-21-visitante-retro,120000,,Camiseta Real Madrid Visitante 20/21 Adultos,https://lacabala.cl/products/camiseta-real-madrid-visitante-20-21-adultos,27990,"imagen_casi_identica(dhash=0,phash=0)",https://cdn.shopify.com/s/files/1/0965/9354/3474/files/img-1780723250809-0.jpg?v=1780723254
Liga Española,Real Madrid,Camiseta Real Madrid 2014/15 Visitante Retro,https://camisetasdefutbol.com.co/products/camiseta-real-madrid-2014-15-visitante-retro,120000,,Camiseta Real Madrid Visitante 14/15 Adultos,https://lacabala.cl/products/camiseta-real-madrid-visitante-14-15-adultos,32990,"imagen_casi_identica(dhash=0,phash=0)",https://cdn.shopify.com/s/files/1/0965/9354/3474/files/img-1784483305351-0.jpg?v=1784483308
Liga Española,Real Madrid,Camiseta Real Madrid 21/22 Local Retro,https://camisetasdefutbol.com.co/products/camiseta-real-madrid-21-22-local-retro,120000,,Camiseta Real Madrid Local 21/22 Adultos,https://lacabala.cl/products/camiseta-real-madrid-local-21-22-adultos,27990,"imagen_casi_identica(dhash=0,phash=0)",https://cdn.shopify.com/s/files/1/0965/9354/3474/files/img-1780705418377-0.jpg?v=1780705421
Liga Española,Real Madrid,"Camiseta Real Madrid 23/24 Tercera, Versión Jugador",https://camisetasdefutbol.com.co/products/camiseta-real-madrid-23-24-tercera-version-jugador,110000,,Camiseta Real Madrid Tercera 23/24 Adultos [PLAYER VERSION],https://lacabala.cl/products/camiseta-real-madrid-tercera-23-24-adultos-player-version,32990,"imagen_casi_identica(dhash=0,phash=2)",https://cdn.shopify.com/s/files/1/0965/9354/3474/files/img-1783732433352-0.jpg?v=1783732436
Liga Española,Real Madrid,"Camiseta Real Madrid 25/26 Galaxy Lights Edición Especial, Versión Jugador",https://camisetasdefutbol.com.co/products/camiseta-real-madrid-25-26-galaxy-lights-edicion-especial-version-jugador,110000,,Camiseta Real Madrid Edición Especial Galaxy Lights 25/26 Adultos [PLAYER VERSION],https://lacabala.cl/products/camiseta-real-madrid-edicion-especial-galaxy-lights-25-26-adultos-player-version,32990,"imagen_casi_identica(dhash=1,phash=2)",https://cdn.shopify.com/s/files/1/0965/9354/3474/files/img-1784896554429-0.jpg?v=1784896558
Liga Española,Real Madrid,Camiseta Real Madrid 25/26 Local,https://camisetasdefutbol.com.co/products/camiseta-real-madrid-25-26-local,100000,,Camiseta Real Madrid Local 25/26 Adultos,https://lacabala.cl/products/camiseta-real-madrid-25-26-adultos,27990,"imagen_casi_identica(dhash=0,phash=0)",https://cdn.shopify.com/s/files/1/0965/9354/3474/files/img-1780733998236-0.jpg?v=1780734002
Liga Española,Real Madrid,Camiseta Real Madrid 26/27,https://camisetasdefutbol.com.co/products/camiseta-real-madrid-26-27,100000,,Camiseta Real Madrid Estilo Retro 26/27 Adultos,https://lacabala.cl/products/camiseta-real-madrid-estilo-retro-26-27-adultos,32990,"imagen_casi_identica(dhash=2,phash=0)",https://cdn.shopify.com/s/files/1/0965/9354/3474/files/fix-238828959-0.jpg?v=1780704986
Liga Española,Real Madrid,Camiseta Real Madrid 26/27 Edición Especial Azul,https://camisetasdefutbol.com.co/products/camiseta-real-madrid-26-27-edicion-especial-azul,100000,,Camiseta Real Madrid Edición Especial Azul 26/27 Adultos,https://lacabala.cl/products/camiseta-real-madrid-edicion-especial-azul-26-27-adultos,27990,"imagen_casi_identica(dhash=0,phash=0)",https://cdn.shopify.com/s/files/1/0965/9354/3474/files/img-1784696144493-0.jpg?v=1784696147
Liga Española,Real Madrid,"Camiseta Real Madrid 26/27 Edición Especial Blanco, Versión Jugador",https://camisetasdefutbol.com.co/products/camiseta-real-madrid-26-27-edicion-especial-blanco-version-jugador-1,110000,,Camiseta Real Madrid Edición Especial Blanca 26/27 Adultos [PLAYER VERSION],https://lacabala.cl/products/camiseta-real-madrid-edicion-especial-blanca-26-27-adultos-player-version,32990,"imagen_casi_identica(dhash=0,phash=2)",https://cdn.shopify.com/s/files/1/0965/9354/3474/files/img-1784695985209-0.jpg?v=1784695988
Liga Española,Real Madrid,"Camiseta Real Madrid 26/27 Edición Especial Granate, Versión Jugador",https://camisetasdefutbol.com.co/products/camiseta-real-madrid-26-27-edicion-especial-granate-version-jugador,110000,,Camiseta Real Madrid Edición Especial Granate 26/27 Adultos [PLAYER VERSION],https://lacabala.cl/products/camiseta-real-madrid-edicion-especial-granate-26-27-adultos-player-version,32990,"imagen_casi_identica(dhash=2,phash=2)",https://cdn.shopify.com/s/files/1/0965/9354/3474/files/img-1784696000155-0.jpg?v=1784696003
Liga Española,Real Madrid,"Camiseta Real Madrid 26/27 Edición Especial Negro, Versión Jugador",https://camisetasdefutbol.com.co/products/camiseta-real-madrid-26-27-edicion-especial-negro-version-jugador,110000,,Camiseta Real Madrid Edición Especial Negra 26/27 Adultos [PLAYER VERSION],https://lacabala.cl/products/camiseta-real-madrid-edicion-especial-negra-26-27-adultos-player-version,32990,"imagen_casi_identica(dhash=1,phash=0)",https://cdn.shopify.com/s/files/1/0965/9354/3474/files/img-1784696007190-0.jpg?v=1784696010
Liga Española,Real Madrid,"Camiseta Real Madrid 26/27 Edición Especial Rojo, Versión Jugador",https://camisetasdefutbol.com.co/products/camiseta-real-madrid-26-27-edicion-especial-rojo-version-jugador,110000,,Camiseta Real Madrid Edición Especial Rojo Rosado 26/27 Adultos [PLAYER VERSION],https://lacabala.cl/products/camiseta-real-madrid-edicion-especial-rojo-rosado-26-27-adultos-player-version,32990,"imagen_casi_identica(dhash=1,phash=0)",https://cdn.shopify.com/s/files/1/0965/9354/3474/files/img-1784695992735-0.jpg?v=1784695996
Liga Española,Real Madrid,Camiseta Real Madrid 26/27 Local,https://camisetasdefutbol.com.co/products/camiseta-real-madrid-26-27-local,100000,,Camiseta Real Madrid Local 26/27 Adultos,https://lacabala.cl/products/camiseta-real-madrid-local-26-27-adultos,27990,"imagen_casi_identica(dhash=0,phash=2)",https://cdn.shopify.com/s/files/1/0965/9354/3474/files/fix-229079819-0.jpg?v=1780704708
Liga Española,Real Madrid,Camiseta Real Madrid 26/27 Local Manga Larga,https://camisetasdefutbol.com.co/products/camiseta-real-madrid-26-27-local-manga-larga,115000,,Camiseta Real Madrid Local Manga Larga 26/27 Adultos,https://lacabala.cl/products/camiseta-real-madrid-local-manga-larga-26-27-adultos,29990,"imagen_casi_identica(dhash=1,phash=0)",https://cdn.shopify.com/s/files/1/0965/9354/3474/files/img-1784695970515-0.jpg?v=1784695974
Liga Española,Real Madrid,Camiseta Real Madrid 26/27 Local para Mujer,https://camisetasdefutbol.com.co/products/camiseta-real-madrid-26-27-local-para-mujer,100000,,Camiseta Real Madrid Local 26/27 Mujer,https://lacabala.cl/products/camiseta-real-madrid-local-26-27,27990,"imagen_casi_identica(dhash=1,phash=0)",https://cdn.shopify.com/s/files/1/0965/9354/3474/files/img-1786161550606-0.jpg?v=1786161554
Liga Española,Real Madrid,"Camiseta Real Madrid 26/27 Local, Versión Jugador",https://camisetasdefutbol.com.co/products/camiseta-real-madrid-26-27-local-version-jugador,110000,,Camiseta Real Madrid Local 26/27 Adultos [PLAYER VERSION],https://lacabala.cl/products/camiseta-real-madrid-local-26-27-adultos-player-version,32990,"imagen_casi_identica(dhash=1,phash=0)",https://cdn.shopify.com/s/files/1/0965/9354/3474/files/fix-226970726-0.jpg?v=1780704634
Liga Española,Real Madrid,Camiseta Real Madrid 26/27 Originals Negro,https://camisetasdefutbol.com.co/products/camiseta-real-madrid-26-27-originals-negro,100000,,Camiseta Casual Real Madrid Originals Negra 26/27 Adultos,https://lacabala.cl/products/camiseta-casual-real-madrid-originals-negra-26-27-adultos,27990,"imagen_casi_identica(dhash=1,phash=0)",https://cdn.shopify.com/s/files/1/0965/9354/3474/files/img-1784696137812-0.jpg?v=1784696141
Liga Española,Real Madrid,Camiseta Real Madrid 26/27 Retro,https://camisetasdefutbol.com.co/products/camiseta-real-madrid-26-27-retro,120000,,Camiseta Real Madrid Estilo Retro 26/27 Adultos,https://lacabala.cl/products/camiseta-real-madrid-estilo-retro-26-27-adultos,32990,"imagen_casi_identica(dhash=2,phash=0)",https://cdn.shopify.com/s/files/1/0965/9354/3474/files/img-1783228974437-0.jpg?v=1783228978
Liga Española,Real Madrid,Camiseta Real Madrid 26/27 Tercera,https://camisetasdefutbol.com.co/products/camiseta-real-madrid-26-27-tercera,100000,,Camiseta Real Madrid Tercera 26/27 Adultos,https://lacabala.cl/products/camiseta-real-madrid-tercera-26-27-adultos,27990,"imagen_casi_identica(dhash=1,phash=2)",https://cdn.shopify.com/s/files/1/0965/9354/3474/files/fix-238828969-0.jpg?v=1780704991
Liga Española,Real Madrid,Camiseta Real Madrid 26/27 Tercera Manga Larga,https://camisetasdefutbol.com.co/products/camiseta-real-madrid-26-27-tercera-manga-larga,115000,,Camiseta Real Madrid Tercera Manga Larga 26/27 Adultos,https://lacabala.cl/products/camiseta-real-madrid-tercera-manga-larga-26-27-adultos-57,29990,"imagen_casi_identica(dhash=0,phash=0)",https://cdn.shopify.com/s/files/1/0965/9354/3474/files/img-1790546343739-0.jpg?v=1790546345
Liga Española,Real Madrid,Camiseta Real Madrid 26/27 Visitante,https://camisetasdefutbol.com.co/products/camiseta-real-madrid-26-27-visitante,100000,,Camiseta Real Madrid Visitante 26/27 Verde Adultos,https://lacabala.cl/products/camiseta-real-madrid-visitante-26-27-verde-adultos,27990,"imagen_casi_identica(dhash=1,phash=0)",https://cdn.shopify.com/s/files/1/0965/9354/3474/files/img-1787112360131-0.jpg?v=1787112363
Liga Española,Real Madrid,"Camiseta Real Madrid 26/27 Visitante Manga Larga, Versión Jugador",https://camisetasdefutbol.com.co/products/camiseta-real-madrid-26-27-visitante-manga-larga-version-jugador,125000,,Camiseta Real Madrid Visitante Manga Larga 26/27 Adultos [PLAYER VERSION],https://lacabala.cl/products/camiseta-real-madrid-visitante-manga-larga-26-27-adultos-player-version,34990,"imagen_casi_identica(dhash=2,phash=2)",https://cdn.shopify.com/s/files/1/0965/9354/3474/files/img-1787112561059-0.jpg?v=1787112565
Liga Española,Real Madrid,"Camiseta Real Madrid 26/27 Visitante, Versión Jugador",https://camisetasdefutbol.com.co/products/camiseta-real-madrid-26-27-visitante-version-jugador,110000,,Camiseta Real Madrid Visitante 26/27 Adultos [PLAYER VERSION],https://lacabala.cl/products/camiseta-real-madrid-visitante-26-27-adultos-player-version,32990,"imagen_casi_identica(dhash=1,phash=2)",https://cdn.shopify.com/s/files/1/0965/9354/3474/files/img-1787112480087-0.jpg?v=1787112484
Liga Española,Real Madrid,Camiseta Real Madrid 86/87 Local Retro,https://camisetasdefutbol.com.co/products/camiseta-real-madrid-86-87-local-retro,120000,,Camiseta Real Madrid Local 86/87 Adultos,https://lacabala.cl/products/camiseta-real-madrid-local-86-87-adultos,32990,"imagen_casi_identica(dhash=0,phash=2)",https://cdn.shopify.com/s/files/1/0965/9354/3474/files/img-1780731633006-0.jpg?v=1780731638
Liga Española,Real Madrid,Camiseta Real Madrid 90/91 Local Retro,https://camisetasdefutbol.com.co/products/camiseta-real-madrid-90-91-local-retro,120000,,Camiseta Real Madrid Local 90/91 Adultos,https://lacabala.cl/products/camiseta-real-madrid-local-90-91-adultos,32990,"imagen_casi_identica(dhash=1,phash=0)",https://cdn.shopify.com/s/files/1/0965/9354/3474/files/img-1780726435426-0.jpg?v=1780726439
Liga Española,Real Madrid,Camiseta Real Madrid 94/96 Local Retro,https://camisetasdefutbol.com.co/products/camiseta-real-madrid-94-96-local-retro,120000,,Camiseta Real Madrid 94/96 Local Adultos,https://lacabala.cl/products/real-madrid-1994-1996-local,32990,"imagen_casi_identica(dhash=0,phash=0)",https://cdn.shopify.com/s/files/1/0965/9354/3474/files/img-1780730461259-0.jpg?v=1780730464
Liga Española,Real Madrid,Camiseta Real Madrid 98/00 Local Retro,https://camisetasdefutbol.com.co/products/camiseta-real-madrid-98-00-local-retro,120000,,Camiseta Real Madrid Local 98/00 Adultos,https://lacabala.cl/products/camiseta-real-madrid-local-98-00-adultos,32990,"imagen_casi_identica(dhash=2,phash=0)",https://cdn.shopify.com/s/files/1/0965/9354/3474/files/img-1780728518872-0.jpg?v=1780728522
Liga Española,Real Madrid,Camiseta Real Madrid 99/00 Portero Retro Manga Larga,https://camisetasdefutbol.com.co/products/camiseta-real-madrid-99-00-portero-retro-manga-larga,125000,,Camiseta Portero Manga Larga Real Madrid 99/00 Adultos,https://lacabala.cl/products/camiseta-portero-manga-larga-real-madrid-99-00-adultos,34990,"imagen_casi_identica(dhash=0,phash=2)",https://cdn.shopify.com/s/files/1/0965/9354/3474/files/img-1783301717058-0.jpg?v=1783301721
Liga Española,Real Madrid,Camiseta Real Madrid 99/00 Tercera Retro,https://camisetasdefutbol.com.co/products/camiseta-real-madrid-99-00-tercera-retro,120000,,Camiseta Real Madrid Tercera 99/00 Adultos,https://lacabala.cl/products/camiseta-real-madrid-tercera-99-00-adultos,32990,"imagen_casi_identica(dhash=0,phash=0)",https://cdn.shopify.com/s/files/1/0965/9354/3474/files/img-1780724188034-0.jpg?v=1780724191
Liga Española,Real Madrid,"Camiseta Real Madrid Colaboración LV, Versión Jugador",https://camisetasdefutbol.com.co/products/camiseta-real-madrid-colaboracion-lv-version-jugador,110000,,Camiseta Real Madrid Colaboración LV Adultos [PLAYER VERSION],https://lacabala.cl/products/camiseta-real-madrid-colaboracion-lv-adultos-player-version,32990,"imagen_casi_identica(dhash=1,phash=0)",https://cdn.shopify.com/s/files/1/0965/9354/3474/files/img-1784896546674-0.jpg?v=1784896550
Liga Española,Real Madrid,Camiseta Real Madrid Originals Beige Retro,https://camisetasdefutbol.com.co/products/camiseta-real-madrid-originals-beige-retro,120000,,Camiseta Casual Real Madrid Originals 3 Rayas Beige Adultos,https://lacabala.cl/products/camiseta-casual-real-madrid-originals-3-rayas-beige-adultos,27990,"imagen_casi_identica(dhash=1,phash=2)",https://cdn.shopify.com/s/files/1/0965/9354/3474/files/img-1780732530016-0.jpg?v=1780732533
Liga Española,Real Madrid,Camiseta Real Madrid Originals Gris Retro,https://camisetasdefutbol.com.co/products/camiseta-real-madrid-originals-gris-retro,120000,,Camiseta Real Madrid LFSTLR Gris Adultos,https://lacabala.cl/products/camiseta-real-madrid-lfstlr-gris-adultos,27990,"imagen_casi_identica(dhash=1,phash=2)",https://cdn.shopify.com/s/files/1/0965/9354/3474/files/img-1780732431827-0.jpg?v=1780732435
Liga Española,Real Madrid,Equipación para niños 2025-2026 Real Madrid Alternativa Visitante,https://camisetasdefutbol.com.co/products/ninos-2025-2026-real-madrid-alternativa-visitante,100000,,Camiseta + Short Real Madrid Tercera 25/26 Niños,https://lacabala.cl/products/camiseta-short-real-madrid-tercera-25-26-ninos,27990,"imagen_casi_identica(dhash=2,phash=0)",https://cdn.shopify.com/s/files/1/0965/9354/3474/files/download_fbdbcea4-be8b-4687-8cc8-e0a0ee9985c2.jpg?v=1776655121
Liga Española,Real Madrid,Equipación para niños 2026-2027 Real Madrid Local,https://camisetasdefutbol.com.co/products/equipacion-para-ninos-2026-2027-real-madrid-local,100000,,Camiseta + Short Real Madrid Local 26/27 Niños,https://lacabala.cl/products/camiseta-short-real-madrid-local-26-27-ninos,27990,"imagen_casi_identica(dhash=1,phash=0)",https://cdn.shopify.com/s/files/1/0965/9354/3474/files/img-1788145080856-0.jpg?v=1788145083
Liga Española,Real Madrid,Rompevientos Real Madrid 06/07 Negro,https://camisetasdefutbol.com.co/products/rompevientos-real-madrid-06-07-negro,250000,,Cortavientos Real Madrid Negro 06/07 Adultos,https://lacabala.cl/products/cortavientos-real-madrid-negro-06-07-adultos,49990,"imagen_casi_identica(dhash=0,phash=0)",https://cdn.shopify.com/s/files/1/0965/9354/3474/files/img-1782189791231-0.jpg?v=1782189796
Liga Española,Real Oviedo,Camiseta Real Oviedo 26/27 Local,https://camisetasdefutbol.com.co/products/camiseta-real-oviedo-26-27-local,100000,,Camiseta Real Oviedo Local 26/27 Adultos,https://lacabala.cl/products/camiseta-real-oviedo-local-26-27-adultos-59,27990,"imagen_casi_identica(dhash=2,phash=0)",https://cdn.shopify.com/s/files/1/0965/9354/3474/files/img-1787112338016-0.jpg?v=1787112342
Liga Española,Sevilla,Camiseta Sevilla FC 26/27 Tercera,https://camisetasdefutbol.com.co/products/camiseta-sevilla-fc-26-27-tercera,100000,,Camiseta Sevilla Tercera 26/27 Adultos,https://lacabala.cl/products/camiseta-sevilla-tercera-26-27-adultos-60,27990,"imagen_casi_identica(dhash=0,phash=0)",https://cdn.shopify.com/s/files/1/0965/9354/3474/files/img-1787112188104-0.jpg?v=1787112191
Liga Española,Sevilla,Camiseta Sevilla FC 26/27 Visitante,https://camisetasdefutbol.com.co/products/camiseta-sevilla-fc-26-27-visitante,100000,,Camiseta Sevilla Visitante 26/27 Adultos,https://lacabala.cl/products/camiseta-sevilla-visitante-26-27-adultos-61,27990,"imagen_casi_identica(dhash=1,phash=0)",https://cdn.shopify.com/s/files/1/0965/9354/3474/files/img-1787112194649-0.jpg?v=1787112198
Liga Española,Villarreal,Camiseta Villarreal CF 26/27 Local,https://camisetasdefutbol.com.co/products/camiseta-villarreal-cf-26-27-local,100000,,Camiseta Villarreal Local 26/27 Adultos,https://lacabala.cl/products/camiseta-villarreal-local-26-27-adultos-62,27990,"imagen_casi_identica(dhash=1,phash=0)",https://cdn.shopify.com/s/files/1/0965/9354/3474/files/img-1787112353718-0.jpg?v=1787112357
Liga Inglesa,Arsenal,Camiseta 2025-2026 Arsenal Alternativa Visitante,https://camisetasdefutbol.com.co/products/camiseta-2025-2026-arsenal-alternativa-visitante,100000,,Camiseta Arsenal Tercera 25/26 Adultos,https://lacabala.cl/products/camiseta-arsenal-tercera-25-26-adultos,27990,"imagen_casi_identica(dhash=2,phash=0)",https://cdn.shopify.com/s/files/1/0965/9354/3474/files/32b620ec.jpg?v=1778454145
Liga Inglesa,Arsenal,Camiseta 2025-2026 Arsenal Local,https://camisetasdefutbol.com.co/products/camiseta-arsenal-2025-2026-local,100000,,Camiseta Arsenal Local 25/26 Adultos,https://lacabala.cl/products/arsenal-local-adultos,27990,"imagen_casi_identica(dhash=1,phash=2)",https://cdn.shopify.com/s/files/1/0965/9354/3474/files/b417a472.jpg?v=1778454145
Liga Inglesa,Arsenal,Camiseta Arsenal 04/05 Local Retro,https://camisetasdefutbol.com.co/products/camiseta-arsenal-04-05-local-retro,120000,,Camiseta Arsenal 2004/05 Adultos,https://lacabala.cl/products/camiseta-arsenal-2004-05-adultos-65,32990,"imagen_casi_identica(dhash=1,phash=0)",https://cdn.shopify.com/s/files/1/0965/9354/3474/files/img-1780731325941-0.jpg?v=1780731329
Liga Inglesa,Arsenal,Camiseta Arsenal 26/27 Local,https://camisetasdefutbol.com.co/products/camiseta-arsenal-26-27-local,100000,,Camiseta Arsenal Local 26/27 Adultos,https://lacabala.cl/products/camiseta-arsenal-local-26-27-adultos-69,27990,"imagen_casi_identica(dhash=1,phash=0)",https://cdn.shopify.com/s/files/1/0965/9354/3474/files/fix-235729719-0.jpg?v=1780704830
Liga Inglesa,Arsenal,"Camiseta Arsenal 26/27 Local Manga Larga, Versión Jugador",https://camisetasdefutbol.com.co/products/camiseta-arsenal-26-27-local-manga-larga-version-jugador,125000,,Camiseta Arsenal Local Manga Larga 26/27 Adultos [PLAYER VERSION],https://lacabala.cl/products/camiseta-arsenal-local-manga-larga-26-27-adultos-player-version-70,35990,"imagen_casi_identica(dhash=1,phash=2)",https://cdn.shopify.com/s/files/1/0965/9354/3474/files/img-1784695895820-0.jpg?v=1784695899
Liga Inglesa,Arsenal,"Camiseta Arsenal 26/27 Local, Versión Jugador",https://camisetasdefutbol.com.co/products/camiseta-arsenal-26-27-local-version-jugador,110000,,Camiseta Arsenal Edición Local 25/26 Adultos [PLAYER VERSION],https://lacabala.cl/products/camiseta-arsenal-edicion-local-25-26-adultos-player-vesion,34990,"imagen_casi_identica(dhash=1,phash=0)",https://cdn.shopify.com/s/files/1/0965/9354/3474/files/fix-235732172-0.jpg?v=1780704874
Liga Inglesa,Arsenal,Camiseta Arsenal 26/27 Tercera,https://camisetasdefutbol.com.co/products/camiseta-arsenal-26-27-tercera,100000,,Camiseta Arsenal Tercera 26/27 Adultos,https://lacabala.cl/products/camiseta-arsenal-tercera-26-27-adultos-72,27990,"imagen_casi_identica(dhash=1,phash=0)",https://cdn.shopify.com/s/files/1/0965/9354/3474/files/fix-239931687-0.jpg?v=1780705081
Liga Inglesa,Arsenal,"Camiseta Arsenal 26/27 Tercera Manga Larga, Versión Jugador",https://camisetasdefutbol.com.co/products/camiseta-arsenal-26-27-tercera-manga-larga-version-jugador,125000,,Camiseta Arsenal Tercera Manga Larga 26/27 Adultos [PLAYER VERSION],https://lacabala.cl/products/camiseta-arsenal-tercera-manga-larga-26-27-adultos-player-version-73,35990,"imagen_casi_identica(dhash=0,phash=0)",https://cdn.shopify.com/s/files/1/0965/9354/3474/files/img-1784695887870-0.jpg?v=1784695892
Liga Inglesa,Arsenal,Camiseta Arsenal 26/27 Visitante,https://camisetasdefutbol.com.co/products/camiseta-arsenal-26-27-visitante,100000,,Camiseta Arsenal Visitante 26/27 Adultos,https://lacabala.cl/products/camiseta-arsenal-visitante-26-27-adultos,27990,"imagen_casi_identica(dhash=0,phash=0)",https://cdn.shopify.com/s/files/1/0965/9354/3474/files/fix-235729689-0.jpg?v=1780704824
Liga Inglesa,Arsenal,"Camiseta Arsenal 26/27 Visitante, Versión Jugador",https://camisetasdefutbol.com.co/products/camiseta-arsenal-26-27-visitante-version-jugador,110000,,Camiseta Arsenal Visitante 26/27 Adultos [PLAYER VERSION],https://lacabala.cl/products/camiseta-arsenal-visitante-26-27-adultos-player-version-77,34990,"imagen_casi_identica(dhash=0,phash=0)",https://cdn.shopify.com/s/files/1/0965/9354/3474/files/img-1787112551961-0.jpg?v=1787112556
Liga Inglesa,Aston Villa,Camiseta Aston Villa 26/27 Local,https://camisetasdefutbol.com.co/products/camiseta-aston-villa-26-27-local,100000,,Camiseta Aston Villa Local 26/27 Adultos,https://lacabala.cl/products/camiseta-aston-villa-local-26-27-adultos-80,27990,"imagen_casi_identica(dhash=1,phash=0)",https://cdn.shopify.com/s/files/1/0965/9354/3474/files/img-1784696174234-0.jpg?v=1784696178
Liga Inglesa,Aston Villa,"Camiseta Aston Villa 26/27 Local, Versión Jugador",https://camisetasdefutbol.com.co/products/camiseta-aston-villa-26-27-local-version-jugador,110000,,Camiseta Aston Villa Local 26/27 Adultos [PLAYER VERSION],https://lacabala.cl/products/camiseta-aston-villa-local-26-27-adultos-player-version-81,34990,"imagen_casi_identica(dhash=0,phash=0)",https://cdn.shopify.com/s/files/1/0965/9354/3474/files/img-1783732182066-0.jpg?v=1783732185
Liga Inglesa,Aston Villa,Camiseta Aston Villa 26/27 Visitante,https://camisetasdefutbol.com.co/products/camiseta-aston-villa-26-27-visitante,100000,,Camiseta Aston Villa Visitante 26/27 Adultos,https://lacabala.cl/products/camiseta-aston-villa-visitante-26-27-adultos-83,27990,"imagen_casi_identica(dhash=0,phash=0)",https://cdn.shopify.com/s/files/1/0965/9354/3474/files/img-1789856950136-0.jpg?v=1789856952
Liga Inglesa,Aston Villa,Equipación para niños 2026-2027 Aston Villa Local,https://camisetasdefutbol.com.co/products/equipacion-para-ninos-2026-2027-aston-villa-local,100000,,Camiseta + Short Aston Villa Local 26/27 Niños,https://lacabala.cl/products/camiseta-short-aston-villa-local-26-27-ninos-79,27990,"imagen_casi_identica(dhash=1,phash=0)",https://cdn.shopify.com/s/files/1/0965/9354/3474/files/img-1788145147497-0.jpg?v=1788145150
Liga Inglesa,Bradford City,Camiseta Bradford City 26/27 Local,https://camisetasdefutbol.com.co/products/camiseta-bradford-city-26-27-local,100000,,Camiseta Bradford City Local 26/27 Adultos,https://lacabala.cl/products/camiseta-bradford-city-local-26-27-adultos-84,27990,"imagen_casi_identica(dhash=1,phash=0)",https://cdn.shopify.com/s/files/1/0965/9354/3474/files/img-1784400698981-0.jpg?v=1784400703
Liga Inglesa,Cardiff,Camiseta Cardiff City 26/27 Local,https://camisetasdefutbol.com.co/products/camiseta-cardiff-city-26-27-local,100000,,Camiseta Cardiff Local 26/27 Adultos,https://lacabala.cl/products/camiseta-cardiff-local-26-27-adultos-86,27990,"imagen_casi_identica(dhash=2,phash=0)",https://cdn.shopify.com/s/files/1/0965/9354/3474/files/img-1789258221634-0.jpg?v=1789258226
Liga Inglesa,Chelsea,Camiseta Chelsea 26/27 Local,https://camisetasdefutbol.com.co/products/camiseta-chelsea-26-27-local,100000,,Camiseta Chelsea Local 26/27 Adultos,https://lacabala.cl/products/camiseta-chelsea-local-26-27-adultos,27990,"imagen_casi_identica(dhash=2,phash=2)",https://cdn.shopify.com/s/files/1/0965/9354/3474/files/img-1784346908106-0.jpg?v=1784346911
Liga Inglesa,Chelsea,Camiseta Chelsea 26/27 Local Manga Larga,https://camisetasdefutbol.com.co/products/camiseta-chelsea-26-27-local-manga-larga,115000,,Camiseta Chelsea Local Manga Larga 26/27 Adultos,https://lacabala.cl/products/camiseta-chelsea-local-manga-larga-26-27-adultos-91,29990,"imagen_casi_identica(dhash=0,phash=2)",https://cdn.shopify.com/s/files/1/0965/9354/3474/files/img-1790546139317-0.jpg?v=1790546141
Liga Inglesa,Chelsea,"Camiseta Chelsea 26/27 Local, Versión Jugador",https://camisetasdefutbol.com.co/products/camiseta-chelsea-26-27-local-version-jugador,110000,,Camiseta Chelsea Local 26/27 Adultos [PLAYER VERSION],https://lacabala.cl/products/camiseta-chelsea-local-26-27-adultos-player-version-90,32990,"imagen_casi_identica(dhash=2,phash=0)",https://cdn.shopify.com/s/files/1/0965/9354/3474/files/img-1786161688584-0.jpg?v=1786161691
Liga Inglesa,Chelsea,Camiseta Chelsea 26/27 Tercera,https://camisetasdefutbol.com.co/products/camiseta-chelsea-26-27-tercera,100000,,Camiseta Chelsea Tercera 26/27 Adultos,https://lacabala.cl/products/camiseta-chelsea-tercera-26-27-adultos-92,27990,"imagen_casi_identica(dhash=0,phash=0)",https://cdn.shopify.com/s/files/1/0965/9354/3474/files/img-1789258375328-0.jpg?v=1789258378
Liga Inglesa,Chelsea,"Camiseta Chelsea 26/27 Tercera Manga Larga, Versión Jugador",https://camisetasdefutbol.com.co/products/camiseta-chelsea-26-27-tercera-manga-larga-version-jugador,125000,,Camiseta Chelsea Tercera Manga Larga 26/27 Adultos [PLAYER VERSION],https://lacabala.cl/products/camiseta-chelsea-tercera-manga-larga-26-27-adultos-player-version-96,35990,"imagen_casi_identica(dhash=1,phash=2)",https://cdn.shopify.com/s/files/1/0965/9354/3474/files/img-1784695911332-0.jpg?v=1784695914
Liga Inglesa,Chelsea,Camiseta Chelsea 26/27 Visitante,https://camisetasdefutbol.com.co/products/camiseta-chelsea-26-27-visitante,100000,,Camiseta Chelsea Visitante 26/27 Adultos,https://lacabala.cl/products/camiseta-chelsea-visitante-26-27-adultos-95,27990,"imagen_casi_identica(dhash=0,phash=2)",https://cdn.shopify.com/s/files/1/0965/9354/3474/files/img-1788631418021-0.jpg?v=1788631421
Liga Inglesa,Derby County,Camiseta Derby County 26/27 Local,https://camisetasdefutbol.com.co/products/camiseta-derby-county-26-27-local,100000,,Camiseta Derby County Local 26/27 Adultos,https://lacabala.cl/products/camiseta-derby-county-local-26-27-adultos-101,27990,"imagen_casi_identica(dhash=2,phash=0)",https://cdn.shopify.com/s/files/1/0965/9354/3474/files/img-1784400454373-0.jpg?v=1784400458
Liga Inglesa,Hull City,Camiseta Hull City 26/27 Local,https://camisetasdefutbol.com.co/products/camiseta-hull-city-26-27-local,100000,,Camiseta Hull City Local 26/27 Adultos,https://lacabala.cl/products/camiseta-hull-city-local-26-27-adultos-105,27990,"imagen_casi_identica(dhash=2,phash=0)",https://cdn.shopify.com/s/files/1/0965/9354/3474/files/img-1784400663971-0.jpg?v=1784400667
Liga Inglesa,Leeds United,Camiseta Leeds United 26/27 Visitante,https://camisetasdefutbol.com.co/products/camiseta-leeds-united-26-27-visitante,100000,,Camiseta Leeds Visitante 26/27 Adultos,https://lacabala.cl/products/camiseta-leeds-visitante-26-27-adultos-108,27990,"imagen_casi_identica(dhash=1,phash=0)",https://cdn.shopify.com/s/files/1/0965/9354/3474/files/img-1784400551157-0.jpg?v=1784400555
Liga Inglesa,Manchester City,Camiseta Manchester City 25/26 Local,https://camisetasdefutbol.com.co/products/camiseta-manchester-city-25-26-local,100000,,Camiseta Manchester City Local 26/27 Adultos,https://lacabala.cl/products/manchester-city-local-adultos,27990,"imagen_casi_identica(dhash=2,phash=0)",https://cdn.shopify.com/s/files/1/0965/9354/3474/files/img-1780733324674-0.jpg?v=1780733328
Liga Inglesa,Manchester City,Camiseta Manchester City 26/27 Local,https://camisetasdefutbol.com.co/products/camiseta-manchester-city-26-27-local,100000,,Camiseta Manchester City Local 26/27 Adultos,https://lacabala.cl/products/camiseta-manchester-city-local-26-27-adultos-134,27990,"imagen_casi_identica(dhash=2,phash=0)",https://cdn.shopify.com/s/files/1/0965/9354/3474/files/fix-226969788-0.jpg?v=1780704382
Liga Inglesa,Manchester City,"Camiseta Manchester City 26/27 Local Manga Larga, Versión Jugador",https://camisetasdefutbol.com.co/products/camiseta-manchester-city-26-27-local-manga-larga-version-jugador,125000,,Camiseta Manchester City Local Manga Larga 26/27 Adultos [PLAYER VERSION],https://lacabala.cl/products/camiseta-manchester-city-local-manga-larga-26-27-adultos-player-version-135,35990,"imagen_casi_identica(dhash=1,phash=0)",https://cdn.shopify.com/s/files/1/0965/9354/3474/files/img-1784695933356-0.jpg?v=1784695936
Liga Inglesa,Manchester City,"Camiseta Manchester City 26/27 Local, Versión Jugador",https://camisetasdefutbol.com.co/products/camiseta-manchester-city-26-27-local-version-jugador,110000,,Camiseta Manchester City Local 26/27 Adultos [PLAYER VERSION],https://lacabala.cl/products/camiseta-manchester-city-local-26-27-adultos-player-version-136,32990,"imagen_casi_identica(dhash=0,phash=0)",https://cdn.shopify.com/s/files/1/0965/9354/3474/files/fix-226970705-0.jpg?v=1780704627
Liga Inglesa,Manchester City,Camiseta Manchester City 26/27 Visitante,https://camisetasdefutbol.com.co/products/camiseta-manchester-city-26-27-visitante,100000,,Camiseta Manchester City Tercera 26/27 Adultos,https://lacabala.cl/products/camiseta-manchester-city-tercera-26-27-adultos-137,27990,"imagen_casi_identica(dhash=0,phash=0)",https://cdn.shopify.com/s/files/1/0965/9354/3474/files/img-1788631556790-0.jpg?v=1788631560
Liga Inglesa,Manchester City,"Camiseta Manchester City 26/27 Visitante Manga Larga, Versión Jugador",https://camisetasdefutbol.com.co/products/camiseta-manchester-city-26-27-visitante-manga-larga-version-jugador,125000,,Camiseta Manchester City Tercera Manga Larga 26/27 Adultos [PLAYER VERSION],https://lacabala.cl/products/camiseta-manchester-city-tercera-manga-larga-26-27-adultos-player-version-138,35990,"imagen_casi_identica(dhash=0,phash=0)",https://cdn.shopify.com/s/files/1/0965/9354/3474/files/img-1788631570362-0.jpg?v=1788631574
Liga Inglesa,Manchester City,"Camiseta Manchester City 26/27 Visitante, Versión Jugador",https://camisetasdefutbol.com.co/products/camiseta-manchester-city-26-27-visitante-version-jugador,110000,,Camiseta Manchester City Tercera 26/27 Adultos [PLAYER VERSION],https://lacabala.cl/products/camiseta-manchester-city-tercera-26-27-adultos-player-version-139,32990,"imagen_casi_identica(dhash=0,phash=2)",https://cdn.shopify.com/s/files/1/0965/9354/3474/files/img-1787112536986-0.jpg?v=1787112540
Liga Inglesa,Manchester City,Camiseta Manchester City 89/91 Local Retro,https://camisetasdefutbol.com.co/products/camiseta-manchester-city-89-91-local-retro,120000,,Camiseta Manchester City Local 1989/91 Adultos,https://lacabala.cl/products/camiseta-manchester-city-local-1989-91-adultos-131,32990,"imagen_casi_identica(dhash=0,phash=0)",https://cdn.shopify.com/s/files/1/0965/9354/3474/files/img-1790546107088-0.jpg?v=1790546109
Liga Inglesa,Manchester United,Camiseta 2025-2026 Manchester United Alternativa Visitante Manga Larga,https://camisetasdefutbol.com.co/products/camiseta-2025-2026-manchester-united-alternativa-visitante-manga-larga,115000,,Camiseta Manchester United Tercera Manga Larga 25/26 Adultos,https://lacabala.cl/products/camiseta-manchester-united-visitante-manga-larga-25-26-adultos,29990,imagen_principal_mismo_archivo,https://cdn.shopify.com/s/files/1/0965/9354/3474/files/download_04cfbd8f-edd7-4630-aa00-c534d608a0a0.jpg?v=1776655012
Liga Inglesa,Manchester United,Camiseta Manchester United 16/17 Local Retro,https://camisetasdefutbol.com.co/products/camiseta-manchester-united-16-17-local-retro,120000,,Camiseta Manchester United Local 2016/17 Adultos,https://lacabala.cl/products/camiseta-manchester-united-local-2016-17-adultos-154,32990,"imagen_casi_identica(dhash=1,phash=0)",https://cdn.shopify.com/s/files/1/0965/9354/3474/files/img-1790546094761-0.jpg?v=1790546096
Liga Inglesa,Manchester United,Camiseta Manchester United 1996/97 Local Retro,https://camisetasdefutbol.com.co/products/camiseta-manchester-united-1996-97-local-retro,120000,,Camiseta Manchester United Local 1996/97 Adultos,https://lacabala.cl/products/camiseta-manchester-united-local-1996-97-adultos-152,32990,"imagen_casi_identica(dhash=0,phash=2)",https://cdn.shopify.com/s/files/1/0965/9354/3474/files/img-1784436900360-0.jpg?v=1784436904
Liga Inglesa,Manchester United,Camiseta Manchester United 25/26 Local,https://camisetasdefutbol.com.co/products/camiseta-manchester-united-25-26-local,100000,,Camiseta Manchester United Local 25/26 Adultos,https://lacabala.cl/products/manchester-united-local-adultos,27990,"imagen_casi_identica(dhash=0,phash=0)",https://cdn.shopify.com/s/files/1/0965/9354/3474/files/img-1780733143796-0.jpg?v=1780733147
Liga Inglesa,Manchester United,Camiseta Manchester United 26/27 Local,https://camisetasdefutbol.com.co/products/camiseta-manchester-united-26-27-local,100000,,Camiseta Manchester United Local 26/27 Adultos,https://lacabala.cl/products/camiseta-manchester-united-local-26-27-adultos,27990,imagen_principal_mismo_archivo,https://cdn.shopify.com/s/files/1/0965/9354/3474/files/fix-235729877-0.jpg?v=1780704840
Liga Inglesa,Manchester United,"Camiseta Manchester United 26/27 Local, Versión Jugador",https://camisetasdefutbol.com.co/products/camiseta-manchester-united-26-27-local-jugador,110000,,Camiseta Manchester United Local 26/27 Adultos [PLAYER VERSION],https://lacabala.cl/products/camiseta-manchester-united-local-26-27-adultos-player-version,32990,"imagen_casi_identica(dhash=0,phash=0)",https://cdn.shopify.com/s/files/1/0965/9354/3474/files/7cd39735.jpg?v=1787348545
Liga Inglesa,Manchester United,Camiseta Manchester United 26/27 Tercera,https://camisetasdefutbol.com.co/products/camiseta-manchester-united-26-27-tercera,100000,,Camiseta Manchester United Tercera 26/27 Adultos,https://lacabala.cl/products/camiseta-manchester-united-tercera-26-27-adultos-158,27990,"imagen_casi_identica(dhash=0,phash=0)",https://cdn.shopify.com/s/files/1/0965/9354/3474/files/img-1788631444742-0.jpg?v=1788631448
Liga Inglesa,Manchester United,Camiseta Manchester United 26/27 Tercera Manga Larga,https://camisetasdefutbol.com.co/products/camiseta-manchester-united-26-27-tercera-manga-larga,115000,,Camiseta Manchester United Tercera Manga Larga 26/27 Adultos,https://lacabala.cl/products/camiseta-manchester-united-tercera-manga-larga-26-27-adultos-160,29990,"imagen_casi_identica(dhash=1,phash=0)",https://cdn.shopify.com/s/files/1/0965/9354/3474/files/img-1789258508324-0.jpg?v=1789258511
Liga Inglesa,Manchester United,"Camiseta Manchester United 26/27 Tercera, Versión Jugador",https://camisetasdefutbol.com.co/products/camiseta-manchester-united-26-27-tercera-version-jugador,110000,,Camiseta Manchester United Visitante Logo 26/27 Adultos [PLAYER VERSION],https://lacabala.cl/products/camiseta-manchester-united-visitante-logo-26-27-adultos-player-version,32990,"imagen_casi_identica(dhash=1,phash=0)",https://cdn.shopify.com/s/files/1/0965/9354/3474/files/fix-239931923-0.jpg?v=1780705129
Liga Inglesa,Manchester United,Camiseta Manchester United 26/27 Visitante Manga Larga,https://camisetasdefutbol.com.co/products/camiseta-manchester-united-26-27-visitante-manga-larga,115000,,Camiseta Manchester United Visitante Manga Larga 26/27 Adultos,https://lacabala.cl/products/camiseta-manchester-united-visitante-manga-larga-26-27-adultos-164,29990,"imagen_casi_identica(dhash=1,phash=0)",https://cdn.shopify.com/s/files/1/0965/9354/3474/files/img-1789258514967-0.jpg?v=1789258518
Liga Inglesa,Manchester United,"Camiseta Manchester United 26/27 Visitante, Versión Jugador",https://camisetasdefutbol.com.co/products/camiseta-manchester-united-26-27-visitante-version-jugador,110000,,Camiseta Manchester United Visitante 26/27 Adultos [PLAYER VERSION],https://lacabala.cl/products/camiseta-manchester-united-visitante-26-27-adultos-player-version,32990,"imagen_casi_identica(dhash=1,phash=2)",https://cdn.shopify.com/s/files/1/0965/9354/3474/files/img-1787112528492-0.jpg?v=1787112532
Liga Inglesa,Manchester United,Camiseta Manchester United 96/97 Local Retro,https://camisetasdefutbol.com.co/products/camiseta-manchester-united-96-97-local-retro,120000,,Camiseta Manchester United Local 1996/97 Adultos,https://lacabala.cl/products/camiseta-manchester-united-local-1996-97-adultos-152,32990,"imagen_casi_identica(dhash=0,phash=2)",https://cdn.shopify.com/s/files/1/0965/9354/3474/files/img-1780731534912-0.jpg?v=1780731538
Liga Inglesa,Manchester United,Camiseta Manchester United 98/99 Local Retro,https://camisetasdefutbol.com.co/products/camiseta-manchester-united-98-99-local-retro,120000,,Camiseta Manchester United Local 1998/99 Adultos,https://lacabala.cl/products/camiseta-manchester-united-local-1998-99-adultos-153,32990,"imagen_casi_identica(dhash=0,phash=2)",https://cdn.shopify.com/s/files/1/0965/9354/3474/files/img-1780733295329-0.jpg?v=1780733299
Liga Inglesa,Millwall,Camiseta Millwall 26/27 Local,https://camisetasdefutbol.com.co/products/camiseta-millwall-26-27-local,100000,,Camiseta Millwall Local 26/27 Adultos,https://lacabala.cl/products/camiseta-millwall-local-26-27-adultos-165,27990,"imagen_casi_identica(dhash=1,phash=0)",https://cdn.shopify.com/s/files/1/0965/9354/3474/files/img-1789258235885-0.jpg?v=1789258239
Liga Inglesa,Newcastle,Camiseta Newcastle United 26/27 Edición Especial,https://camisetasdefutbol.com.co/products/camiseta-newcastle-united-26-27-edicion-especial,100000,,Camiseta Newcastle Edición Especial 26/27 Adultos,https://lacabala.cl/products/camiseta-newcastle-edicion-especial-26-27-adultos-167,27990,"imagen_casi_identica(dhash=0,phash=0)",https://cdn.shopify.com/s/files/1/0965/9354/3474/files/img-1787112439098-0.jpg?v=1787112442
Liga Inglesa,Newcastle,Camiseta Newcastle United 26/27 Tercera,https://camisetasdefutbol.com.co/products/camiseta-newcastle-united-26-27-tercera,100000,,Camiseta Newcastle Tercera 26/27 Adultos,https://lacabala.cl/products/camiseta-newcastle-tercera-26-27-adultos-169,27990,"imagen_casi_identica(dhash=0,phash=0)",https://cdn.shopify.com/s/files/1/0965/9354/3474/files/img-1789856941879-0.jpg?v=1789856945
Liga Inglesa,Portsmouth,Camiseta Portsmouth 26/27 Local,https://camisetasdefutbol.com.co/products/camiseta-portsmouth-26-27-local,100000,,Camiseta Portsmouth Local 26/27 Adultos,https://lacabala.cl/products/camiseta-portsmouth-local-26-27-adultos-172,27990,"imagen_casi_identica(dhash=0,phash=0)",https://cdn.shopify.com/s/files/1/0965/9354/3474/files/img-1787112260744-0.jpg?v=1787112264
Liga Inglesa,Preston,Camiseta Preston North End 26/27 Local,https://camisetasdefutbol.com.co/products/camiseta-preston-north-end-26-27-local,100000,,Camiseta Preston Local 26/27 Adultos,https://lacabala.cl/products/camiseta-preston-local-26-27-adultos-173,27990,"imagen_casi_identica(dhash=0,phash=0)",https://cdn.shopify.com/s/files/1/0965/9354/3474/files/img-1787112149592-0.jpg?v=1787112153
Liga Inglesa,Queens Park Rangers,Camiseta Queens Park Rangers 26/27 Local,https://camisetasdefutbol.com.co/products/camiseta-queens-park-rangers-26-27-local,100000,,Camiseta Queens Park Rangers Local 26/27 Adultos,https://lacabala.cl/products/camiseta-queens-park-rangers-local-26-27-adultos-174,27990,"imagen_casi_identica(dhash=1,phash=0)",https://cdn.shopify.com/s/files/1/0965/9354/3474/files/img-1787112236483-0.jpg?v=1787112241
Liga Inglesa,Sheffield United,Camiseta Sheffield United 26/27 Local,https://camisetasdefutbol.com.co/products/camiseta-sheffield-united-26-27-local,100000,,Camiseta Sheffield United Local 26/27 Adultos,https://lacabala.cl/products/camiseta-sheffield-united-local-26-27-adultos-175,27990,"imagen_casi_identica(dhash=0,phash=0)",https://cdn.shopify.com/s/files/1/0965/9354/3474/files/img-1789258280910-0.jpg?v=1789258284
Liga Inglesa,Sunderland,Camiseta Sunderland 26/27 Visitante,https://camisetasdefutbol.com.co/products/camiseta-sunderland-26-27-visitante,100000,,Camiseta Sunderland Visitante 26/27 Adultos,https://lacabala.cl/products/camiseta-sunderland-visitante-26-27-adultos-176,27990,"imagen_casi_identica(dhash=0,phash=0)",https://cdn.shopify.com/s/files/1/0965/9354/3474/files/img-1787112244387-0.jpg?v=1787112248
Liga Inglesa,Tottenham,Camiseta Tottenham Hotspur 125 Aniversario Blanco,https://camisetasdefutbol.com.co/products/camiseta-tottenham-hotspur-hotspur-125-aniversario-blanco,100000,,Camiseta Tottenham Edición 125 Aniversario 26/27 Adultos,https://lacabala.cl/products/camiseta-tottenham-edicion-125-aniversario-26-27-adultos-178,27990,"imagen_casi_identica(dhash=1,phash=0)",https://cdn.shopify.com/s/files/1/0965/9354/3474/files/img-1784896678562-0.jpg?v=1784896682
Liga Inglesa,Tottenham,"Camiseta Tottenham Hotspur 26/27 Local, Versión Jugador",https://camisetasdefutbol.com.co/products/camiseta-tottenham-hotspur-26-27-local-version-jugador,110000,,Camiseta Tottenham Local 26/27 Adultos [PLAYER VERSION],https://lacabala.cl/products/camiseta-tottenham-local-26-27-adultos-player-version-180,32990,"imagen_casi_identica(dhash=1,phash=0)",https://cdn.shopify.com/s/files/1/0965/9354/3474/files/img-1784696030170-0.jpg?v=1784696033
Liga Inglesa,West Ham,Camiseta West Ham United x Iron Maiden The Book of Souls,https://camisetasdefutbol.com.co/products/camiseta-west-ham-united-x-iron-maiden-the-book-of-souls,120000,,Camiseta West Ham United x Iron Maiden The Book of Souls,https://lacabala.cl/products/camiseta-west-ham-united-x-iron-maiden-the-book-of-souls,31990,imagen_principal_mismo_archivo,https://cdn.shopify.com/s/files/1/0965/9354/3474/files/westham-maiden-frente.png?v=1783729658
Liga Inglesa,West Ham,Camiseta West Ham x Iron Maiden Brave New World Blanca Retro,https://camisetasdefutbol.com.co/products/camiseta-west-ham-x-iron-maiden-brave-new-world-blanca-retro,120000,,Camiseta West Ham x Iron Maiden Brave New World Blanca Retro,https://lacabala.cl/products/camiseta-west-ham-x-iron-maiden-brave-new-world-blanca-retro,31990,imagen_principal_mismo_archivo,https://cdn.shopify.com/s/files/1/0965/9354/3474/files/img-1783728587797-0.jpg?v=1783728591
Liga Inglesa,West Ham,Camiseta West Ham x Iron Maiden Somewhere Back in Time Amarilla Retro,https://camisetasdefutbol.com.co/products/camiseta-west-ham-x-iron-maiden-somewhere-back-in-time-amarilla-retro,120000,,Camiseta West Ham x Iron Maiden Somewhere Back in Time Amarilla Retro,https://lacabala.cl/products/camiseta-west-ham-x-iron-maiden-somewhere-back-in-time-amarilla-retro,31990,imagen_principal_mismo_archivo,https://cdn.shopify.com/s/files/1/0965/9354/3474/files/img-1783728567941-0.jpg?v=1783728572
Liga Inglesa,West Ham,Camiseta West Ham x Iron Maiden The Final Frontier Azul Retro,https://camisetasdefutbol.com.co/products/camiseta-west-ham-x-iron-maiden-the-final-frontier-azul-retro,120000,,Camiseta West Ham x Iron Maiden The Final Frontier Azul Retro,https://lacabala.cl/products/camiseta-west-ham-x-iron-maiden-the-final-frontier-azul-retro,31990,imagen_principal_mismo_archivo,https://cdn.shopify.com/s/files/1/0965/9354/3474/files/img-1783728575070-0.jpg?v=1783728578
Liga Inglesa,West Ham,Camiseta West Ham x Iron Maiden The Final Frontier Vinotinto Retro,https://camisetasdefutbol.com.co/products/camiseta-west-ham-x-iron-maiden-the-final-frontier-vinotinto-retro,120000,,Camiseta West Ham x Iron Maiden The Final Frontier Vinotinto Retro,https://lacabala.cl/products/camiseta-west-ham-x-iron-maiden-the-final-frontier-vinotinto-retro,31990,imagen_principal_mismo_archivo,https://cdn.shopify.com/s/files/1/0965/9354/3474/files/img-1783728581500-0.jpg?v=1783728584
Liga Italiana,AC Milan,Camiseta AC Milan 06/07 Tercera Manga Larga Retro,https://camisetasdefutbol.com.co/products/camiseta-ac-milan-06-07-tercera-manga-larga-retro,135000,,Camiseta AC Milan Tercera Manga Larga 2006/07 Adultos,https://lacabala.cl/products/camiseta-ac-milan-tercera-manga-larga-2006-07-adultos-192,34990,"imagen_casi_identica(dhash=0,phash=0)",https://cdn.shopify.com/s/files/1/0965/9354/3474/files/img-1790545902103-0.jpg?v=1790545904
Liga Italiana,AC Milan,Camiseta AC Milan 06/07 Tercera Retro,https://camisetasdefutbol.com.co/products/camiseta-ac-milan-06-07-tercera-retro,120000,,Camiseta AC Milan 2006/2007 Tercera Adultos,https://lacabala.cl/products/ac-milan-2006-2007-visitante,32990,"imagen_casi_identica(dhash=1,phash=0)",https://cdn.shopify.com/s/files/1/0965/9354/3474/files/img-1780729148835-0.jpg?v=1780729151
Liga Italiana,AC Milan,Camiseta AC Milan 11/12 Local Retro,https://camisetasdefutbol.com.co/products/camiseta-ac-milan-11-12-local-retro,120000,,Camiseta AC Milan Local 2011/12 Adultos,https://lacabala.cl/products/camiseta-ac-milan-local-2011-12-adultos-195,32990,"imagen_casi_identica(dhash=1,phash=0)",https://cdn.shopify.com/s/files/1/0965/9354/3474/files/img-1780733152095-0.jpg?v=1780733155
Liga Italiana,AC Milan,Camiseta AC Milan 1988-1989 Retro Local,https://camisetasdefutbol.com.co/products/camiseta-ac-milan-1988-1989-retro-local,120000,,Camiseta AC Milan Local 1988/89 Adultos,https://lacabala.cl/products/camiseta-ac-milan-local-1988-89-adultos-189,32990,"imagen_casi_identica(dhash=0,phash=0)",https://cdn.shopify.com/s/files/1/0965/9354/3474/files/download_24757a9b-3038-42e2-a0b5-2bc05bee9dac.jpg?v=1776655255
Liga Italiana,AC Milan,Camiseta AC Milan 2006-2007 Retro Alternativa,https://camisetasdefutbol.com.co/products/camiseta-ac-milan-2006-2007-retro-alternativa,120000,,Camiseta AC Milan 2006/2007 Tercera Adultos,https://lacabala.cl/products/ac-milan-2006-2007-visitante,32990,"imagen_casi_identica(dhash=1,phash=0)",https://cdn.shopify.com/s/files/1/0965/9354/3474/files/download_302e11cb-6ac7-4804-b323-8360584e38d9.jpg?v=1776655225
Liga Italiana,AC Milan,Camiseta AC Milan 26/27 Cuarta,https://camisetasdefutbol.com.co/products/camiseta-ac-milan-26-27-cuarta,100000,,Camiseta AC Milan Cuarta 26/27 Adultos,https://lacabala.cl/products/camiseta-ac-milan-cuarta-26-27-adultos-198,27990,"imagen_casi_identica(dhash=1,phash=0)",https://cdn.shopify.com/s/files/1/0965/9354/3474/files/img-1790545989655-0.jpg?v=1790545991
Liga Italiana,AC Milan,Camiseta AC Milan 26/27 Local,https://camisetasdefutbol.com.co/products/camiseta-ac-milan-26-27-local,100000,,Camiseta AC Milan Local 26/27 Adultos,https://lacabala.cl/products/camiseta-ac-milan-local-26-27-adultos-199,27990,"imagen_casi_identica(dhash=1,phash=0)",https://cdn.shopify.com/s/files/1/0965/9354/3474/files/img-1789258141326-0.jpg?v=1789258144
Liga Italiana,AC Milan,"Camiseta AC Milan 26/27 Local, Versión Jugador",https://camisetasdefutbol.com.co/products/camiseta-ac-milan-26-27-local-version-jugador,110000,,Camiseta AC Milan Local 26/27 Adultos [PLAYER VERSION],https://lacabala.cl/products/camiseta-ac-milan-local-26-27-adultos-player-version-200,34990,"imagen_casi_identica(dhash=2,phash=0)",https://cdn.shopify.com/s/files/1/0965/9354/3474/files/fix-235732189-0.jpg?v=1780704387
Liga Italiana,AC Milan,Camiseta AC Milan 26/27 Tercera,https://camisetasdefutbol.com.co/products/camiseta-ac-milan-26-27-tercera,100000,,Camiseta AC Milan Tercera 26/27 Adultos,https://lacabala.cl/products/camiseta-ac-milan-tercera-26-27-adultos-202,27990,"imagen_casi_identica(dhash=1,phash=0)",https://cdn.shopify.com/s/files/1/0965/9354/3474/files/fix-235729663-0.jpg?v=1780704819
Liga Italiana,AC Milan,Camiseta AC Milan 26/27 Visitante,https://camisetasdefutbol.com.co/products/camiseta-ac-milan-26-27-visitante,100000,,Camiseta AC Milan Visitante 26/27 Adultos,https://lacabala.cl/products/camiseta-ac-milan-visitante-26-27-adultos-203,27990,"imagen_casi_identica(dhash=1,phash=0)",https://cdn.shopify.com/s/files/1/0965/9354/3474/files/fix-230923016-0.jpg?v=1780704780
Liga Italiana,AC Milan,"Camiseta AC Milan 26/27 Visitante, Versión Jugador",https://camisetasdefutbol.com.co/products/camiseta-ac-milan-26-27-visitante-version-jugador,110000,,Camiseta AC Milan Visitante 26/27 Adultos [PLAYER VERSION],https://lacabala.cl/products/camiseta-ac-milan-visitante-26-27-adultos-player-version-201,34990,"imagen_casi_identica(dhash=0,phash=0)",https://cdn.shopify.com/s/files/1/0965/9354/3474/files/fix-235732212-0.jpg?v=1780704880
Liga Italiana,AC Milan,Camiseta AC Milan 88/89 Local Retro,https://camisetasdefutbol.com.co/products/camiseta-ac-milan-88-89-local-retro,120000,,Camiseta AC Milan Local 1988/89 Adultos,https://lacabala.cl/products/camiseta-ac-milan-local-1988-89-adultos-189,32990,"imagen_casi_identica(dhash=0,phash=0)",https://cdn.shopify.com/s/files/1/0965/9354/3474/files/img-1780728526592-0.jpg?v=1780728530
Liga Italiana,AC Milan,Equipación para niños 2026-2027 AC Milan Local,https://camisetasdefutbol.com.co/products/equipacion-para-ninos-2026-2027-ac-milan-local,100000,,Camiseta + Short AC Milan 26/27 Niños,https://lacabala.cl/products/camiseta-short-ac-milan-26-27-ninos-186,27990,"imagen_casi_identica(dhash=0,phash=0)",https://cdn.shopify.com/s/files/1/0965/9354/3474/files/img-1788145123626-0.jpg?v=1788145126
Liga Italiana,AS Roma,Camiseta AS Roma 17/18 Local Retro,https://camisetasdefutbol.com.co/products/camiseta-as-roma-17-18-local-retro,120000,,Camiseta Roma Local 2017/18 Adultos,https://lacabala.cl/products/camiseta-roma-local-2017-18-adultos-209,32990,"imagen_casi_identica(dhash=0,phash=0)",https://cdn.shopify.com/s/files/1/0965/9354/3474/files/img-1780728870912-0.jpg?v=1780728874
Liga Italiana,AS Roma,Camiseta AS Roma 26/27 Local,https://camisetasdefutbol.com.co/products/camiseta-as-roma-26-27-local,100000,,Camiseta Roma Local 26/27 Adultos,https://lacabala.cl/products/camiseta-roma-local-26-27-adultos-211,27990,"imagen_casi_identica(dhash=1,phash=0)",https://cdn.shopify.com/s/files/1/0965/9354/3474/files/img-1789856923191-0.jpg?v=1789856925
Liga Italiana,AS Roma,Camiseta AS Roma 26/27 Visitante,https://camisetasdefutbol.com.co/products/camiseta-as-roma-26-27-visitante,100000,,Camiseta Roma Visitante 26/27 Adultos,https://lacabala.cl/products/camiseta-roma-visitante-26-27-adultos-217,27990,"imagen_casi_identica(dhash=1,phash=0)",https://cdn.shopify.com/s/files/1/0965/9354/3474/files/img-1789856928984-0.jpg?v=1789856931
Liga Italiana,AS Roma,Camiseta AS Roma 92/94 Local Retro,https://camisetasdefutbol.com.co/products/camiseta-as-roma-92-94-local-retro,120000,,Camiseta Roma Local 1991/92 Adultos,https://lacabala.cl/products/camiseta-roma-local-1991-92-adultos-205,32990,"imagen_casi_identica(dhash=2,phash=2)",https://cdn.shopify.com/s/files/1/0965/9354/3474/files/img-1780726879880-0.jpg?v=1780726883
Liga Italiana,AS Roma,Camiseta AS Roma 98/99 Tercera Retro,https://camisetasdefutbol.com.co/products/camiseta-as-roma-98-99-tercera-retro,120000,,Camiseta Roma Tercera 1998/99 Adultos,https://lacabala.cl/products/camiseta-roma-tercera-1998-99-adultos-213,32990,"imagen_casi_identica(dhash=0,phash=0)",https://cdn.shopify.com/s/files/1/0965/9354/3474/files/img-1780724215006-0.jpg?v=1780724219
Liga Italiana,Atalanta,Camiseta Atalanta 26/27 Local,https://camisetasdefutbol.com.co/products/camiseta-atalanta-26-27-local,100000,,Camiseta Atalanta Local 26/27 Adultos,https://lacabala.cl/products/camiseta-atalanta-local-26-27-adultos-219,27990,"imagen_casi_identica(dhash=0,phash=0)",https://cdn.shopify.com/s/files/1/0965/9354/3474/files/img-1790545847445-0.jpg?v=1790545849
Liga Italiana,Como,Camiseta Como 26/27 Visitante,https://camisetasdefutbol.com.co/products/camiseta-como-26-27-visitante,100000,,Camiseta Como Visitante 26/27 Adultos,https://lacabala.cl/products/camiseta-como-visitante-26-27-adultos-223,27990,"imagen_casi_identica(dhash=1,phash=0)",https://cdn.shopify.com/s/files/1/0965/9354/3474/files/img-1789258114121-0.jpg?v=1789258117
Liga Italiana,Inter de Milán,Camiseta Inter de Milán 11/12 Visitante Retro,https://camisetasdefutbol.com.co/products/camiseta-inter-de-milan-11-12-visitante-retro,120000,,Camiseta Inter Visitante 2011/12 Adultos,https://lacabala.cl/products/camiseta-inter-visitante-2011-12-adultos-228,32990,"imagen_casi_identica(dhash=1,phash=0)",https://cdn.shopify.com/s/files/1/0965/9354/3474/files/img-1786161939982-0.jpg?v=1786161943
Liga Italiana,Inter de Milán,Camiseta Inter de Milán 1998/99 Local Retro,https://camisetasdefutbol.com.co/products/camiseta-inter-de-milan-1998-99-local-retro,120000,,Camiseta Inter de Milán 1998 Adultos,https://lacabala.cl/products/inter-1998,32990,"imagen_casi_identica(dhash=1,phash=0)",https://cdn.shopify.com/s/files/1/0965/9354/3474/files/img-1784436964076-0.jpg?v=1784436967
Liga Italiana,Inter de Milán,Camiseta Inter de Milán 26/27 Local,https://camisetasdefutbol.com.co/products/camiseta-inter-de-milan-26-27-local,100000,,Camiseta Inter Local 26/27 Adultos,https://lacabala.cl/products/camiseta-inter-local-26-27-adultos-230,27990,"imagen_casi_identica(dhash=1,phash=0)",https://cdn.shopify.com/s/files/1/0965/9354/3474/files/img-1784346957585-0.jpg?v=1784346961
Liga Italiana,Inter de Milán,"Camiseta Inter de Milán 26/27 Local, Versión Jugador",https://camisetasdefutbol.com.co/products/camiseta-inter-de-milan-26-27-local-version-jugador,110000,,Camiseta Inter Local 26/27 Adultos [PLAYER VERSION],https://lacabala.cl/products/camiseta-inter-local-26-27-adultos-player-version-231,34990,"imagen_casi_identica(dhash=1,phash=0)",https://cdn.shopify.com/s/files/1/0965/9354/3474/files/img-1783228784191-0.jpg?v=1783228787
Liga Italiana,Inter de Milán,Camiseta Inter de Milán 26/27 Visitante,https://camisetasdefutbol.com.co/products/camiseta-inter-de-milan-26-27-visitante,100000,,Camiseta Inter Visitante 26/27 Adultos,https://lacabala.cl/products/camiseta-inter-visitante-26-27-adultos-235,27990,"imagen_casi_identica(dhash=0,phash=0)",https://cdn.shopify.com/s/files/1/0965/9354/3474/files/img-1789258336627-0.jpg?v=1789258340
Liga Italiana,Inter de Milán,Camiseta Inter de Milán 98/99 Local Retro,https://camisetasdefutbol.com.co/products/camiseta-inter-de-milan-98-99-local-retro,120000,,Camiseta Inter de Milán 1998 Adultos,https://lacabala.cl/products/inter-1998,32990,"imagen_casi_identica(dhash=1,phash=0)",https://cdn.shopify.com/s/files/1/0965/9354/3474/files/img-1780732842135-0.jpg?v=1780732845
Liga Italiana,Lazio,Camiseta Lazio 14/15 Local Retro,https://camisetasdefutbol.com.co/products/camiseta-lazio-14-15-local-retro,120000,,Camiseta Lazio Local 2014/15 Adultos,https://lacabala.cl/products/camiseta-lazio-local-2014-15-adultos-244,32990,"imagen_casi_identica(dhash=0,phash=0)",https://cdn.shopify.com/s/files/1/0965/9354/3474/files/img-1787023948954-0.jpg?v=1787023952
Liga Italiana,Lazio,Camiseta Lazio 26/27 Local,https://camisetasdefutbol.com.co/products/camiseta-lazio-26-27-local,100000,,Camiseta Lazio Local 26/27 Adultos,https://lacabala.cl/products/camiseta-lazio-local-26-27-adultos-245,27990,"imagen_casi_identica(dhash=0,phash=0)",https://cdn.shopify.com/s/files/1/0965/9354/3474/files/img-1790545927328-0.jpg?v=1790545929
Liga Italiana,Lazio,Camiseta Lazio 98/99 Visitante Retro,https://camisetasdefutbol.com.co/products/camiseta-lazio-98-99-visitante-retro,120000,,Camiseta Lazio 98/99 Visitante Adultos,https://lacabala.cl/products/lazio-1998-1999,32990,"imagen_casi_identica(dhash=0,phash=0)",https://cdn.shopify.com/s/files/1/0965/9354/3474/files/img-1787023974218-0.jpg?v=1787023977
Liga Italiana,Napoli,Camiseta 2025-2026 Napoli Local,https://camisetasdefutbol.com.co/products/camiseta-2025-2026-napoli-local,100000,,Camiseta Napoli Local 25/26 Adultos,https://lacabala.cl/products/camiseta-napoli-local-25-26-adultos-252,27990,"imagen_casi_identica(dhash=2,phash=0)",https://cdn.shopify.com/s/files/1/0965/9354/3474/files/download_81d84687-7c38-4887-bb06-575df074a803.jpg?v=1776655034
Liga Italiana,Napoli,Camiseta SSC Napoli 26/27 Tercera,https://camisetasdefutbol.com.co/products/camiseta-ssc-napoli-26-27-tercera,100000,,Camiseta Napoli Tercera 26/27 Adultos,https://lacabala.cl/products/camiseta-napoli-tercera-26-27-adultos-255,27990,"imagen_casi_identica(dhash=0,phash=2)",https://cdn.shopify.com/s/files/1/0965/9354/3474/files/img-1789258304908-0.jpg?v=1789258308
Liga Italiana,Napoli,Camiseta SSC Napoli 26/27 Visitante,https://camisetasdefutbol.com.co/products/camiseta-ssc-napoli-26-27-visitante,100000,,Camiseta Napoli Visitante 26/27 Adultos,https://lacabala.cl/products/camiseta-napoli-visitante-26-27-adultos-257,27990,"imagen_casi_identica(dhash=0,phash=0)",https://cdn.shopify.com/s/files/1/0965/9354/3474/files/img-1789258311735-0.jpg?v=1789258315
Liga Italiana,Parma,Camiseta Parma 26/27 Local,https://camisetasdefutbol.com.co/products/camiseta-parma-26-27-local,100000,,Camiseta Parma Local 26/27 Adultos,https://lacabala.cl/products/camiseta-parma-local-26-27-adultos-261,27990,"imagen_casi_identica(dhash=0,phash=0)",https://cdn.shopify.com/s/files/1/0965/9354/3474/files/img-1789258229365-0.jpg?v=1789258232
Liga Italiana,Parma,Camiseta Parma Calcio 99/00 Local Retro,https://camisetasdefutbol.com.co/products/camiseta-parma-calcio-99-00-local-retro,120000,,Camiseta Parma Local 1999/00 Adultos,https://lacabala.cl/products/camiseta-parma-local-1999-00-adultos-258,32990,"imagen_casi_identica(dhash=1,phash=0)",https://cdn.shopify.com/s/files/1/0965/9354/3474/files/img-1784596151595-0.jpg?v=1784596154
Liga Alemana,Bayern Munich,Camiseta Bayern Munich 25/26 Local,https://camisetasdefutbol.com.co/products/camiseta-bayern-munich-25-26-local,100000,,Camiseta Bayern Munich Local 25/26 Adultos,https://lacabala.cl/products/camiseta-bayern-munich-local-adultos,27990,"imagen_casi_identica(dhash=2,phash=2)",https://cdn.shopify.com/s/files/1/0965/9354/3474/files/img-1780733852358-0.jpg?v=1780733856
Liga Alemana,Bayern Munich,Camiseta Bayern Munich 25/26 Visitante,https://camisetasdefutbol.com.co/products/camiseta-bayern-munich-25-26-visitante,100000,,Camiseta Bayern Munich Visitante 25/26 Adultos,https://lacabala.cl/products/camiseta-bayern-munich-visitante-adultos,27990,"imagen_casi_identica(dhash=1,phash=0)",https://cdn.shopify.com/s/files/1/0965/9354/3474/files/img-1780733840081-0.jpg?v=1780733845
Liga Alemana,Bayern Munich,Camiseta Bayern Munich 26/27 Local,https://camisetasdefutbol.com.co/products/camiseta-bayern-munich-26-27-local,100000,,Camiseta Bayern Múnich Local 26/27 Adultos,https://lacabala.cl/products/camiseta-bayern-munich-local-26-27-adultos-267,27990,"imagen_casi_identica(dhash=1,phash=0)",https://cdn.shopify.com/s/files/1/0965/9354/3474/files/fix-224331800-0.jpg?v=1780704516
Liga Alemana,Bayern Munich,"Camiseta Bayern Munich 26/27 Local, Versión Jugador",https://camisetasdefutbol.com.co/products/camiseta-bayern-munich-26-27-local-version-jugador,110000,,Camiseta Bayern Múnich Local 26/27 Adultos [PLAYER VERSION],https://lacabala.cl/products/camiseta-bayern-munich-local-26-27-adultos-player-version-265,32990,"imagen_casi_identica(dhash=1,phash=0)",https://cdn.shopify.com/s/files/1/0965/9354/3474/files/fix-239931730-0.jpg?v=1780705100
Liga Alemana,Bayern Munich,Camiseta Bayern Múnich 26/27 Tercera,https://camisetasdefutbol.com.co/products/camiseta-bayern-munich-26-27-tercera,100000,,Camiseta Bayern Múnich Tercera 26/27 Adultos,https://lacabala.cl/products/camiseta-bayern-munich-tercera-26-27-adultos-272,27990,"imagen_casi_identica(dhash=1,phash=0)",https://cdn.shopify.com/s/files/1/0965/9354/3474/files/img-1789258127831-0.jpg?v=1789258131
Liga Alemana,Bayern Munich,Equipación para niños 2026-2027 Bayern Múnich Local,https://camisetasdefutbol.com.co/products/equipacion-para-ninos-2026-2027-bayern-munich-local,100000,,Camiseta + Short Bayern Múnich Local 26/27 Niños,https://lacabala.cl/products/camiseta-short-bayern-munich-local-26-27-ninos-262,27990,"imagen_casi_identica(dhash=0,phash=0)",https://cdn.shopify.com/s/files/1/0965/9354/3474/files/img-1788145087374-0.jpg?v=1788145089
Liga Alemana,Borussia Dortmund,Camiseta Borussia Dortmund 25/26 Local,https://camisetasdefutbol.com.co/products/camiseta-borussia-dortmund-25-26-local,100000,,Camiseta Borussia Dortmund Visitante 25/26 Adultos,https://lacabala.cl/products/camiseta-borussia-dormunt-visitante-25-26-adultos,27990,"imagen_casi_identica(dhash=0,phash=2)",https://cdn.shopify.com/s/files/1/0965/9354/3474/files/img-1780725738670-0.jpg?v=1780725742
Liga Alemana,Borussia Dortmund,Camiseta Borussia Dortmund 26/27 Local,https://camisetasdefutbol.com.co/products/camiseta-borussia-dortmund-26-27-local,100000,,Camiseta Borussia Dortmund Local 26/27 Adultos,https://lacabala.cl/products/camiseta-borussia-dortmund-local-26-27-adultos-276,27990,"imagen_casi_identica(dhash=1,phash=0)",https://cdn.shopify.com/s/files/1/0965/9354/3474/files/fix-235729791-0.jpg?v=1780704835
Liga Alemana,Borussia Dortmund,Camiseta Borussia Dortmund 26/27 Visitante,https://camisetasdefutbol.com.co/products/camiseta-borussia-dortmund-26-27-visitante,100000,,Camiseta Borussia Dortmund Visitante 26/27 Adultos,https://lacabala.cl/products/camiseta-borussia-dortmund-visitante-26-27-adultos-277,27990,"imagen_casi_identica(dhash=0,phash=0)",https://cdn.shopify.com/s/files/1/0965/9354/3474/files/img-1789258107761-0.jpg?v=1789258110
Liga Alemana,Borussia Dortmund,Camiseta Borussia Dortmund Rote Erde 100 Aniversario,https://camisetasdefutbol.com.co/products/camiseta-borussia-dortmund-rote-erde-100-aniversario,100000,,Camiseta Borussia Dortmund Edición 100 Años 26/27 Adultos,https://lacabala.cl/products/camiseta-borussia-dortmund-edicion-100-anos-26-27-adultos-274,27990,"imagen_casi_identica(dhash=0,phash=0)",https://cdn.shopify.com/s/files/1/0965/9354/3474/files/img-1784896424687-0.jpg?v=1784896428
Liga Alemana,Eintracht Frankfurt,Camiseta Eintracht Frankfurt 25/26 Local,https://camisetasdefutbol.com.co/products/camiseta-eintracht-frankfurt-25-26-local,100000,,Camiseta Frankfurt Local 25/26 Adultos,https://lacabala.cl/products/camiseta-frankfurt-local-25-26-adultos-278,27990,"imagen_casi_identica(dhash=0,phash=2)",https://cdn.shopify.com/s/files/1/0965/9354/3474/files/img-1784896453105-0.jpg?v=1784896457
Liga Alemana,Eintracht Frankfurt,Camiseta Eintracht Frankfurt 26/27 Local,https://camisetasdefutbol.com.co/products/camiseta-eintracht-frankfurt-26-27-local,100000,,Camiseta Frankfurt Local 26/27 Adultos,https://lacabala.cl/products/camiseta-frankfurt-local-26-27-adultos-279,27990,"imagen_casi_identica(dhash=1,phash=2)",https://cdn.shopify.com/s/files/1/0965/9354/3474/files/img-1784400467664-0.jpg?v=1784400471
Liga Alemana,Hamburgo SV,Camiseta Hamburgo 1996 Visitante Retro,https://camisetasdefutbol.com.co/products/camiseta-hamburgo-1996-visitante-retro,120000,,Camiseta Hamburgo SV Visitante 1996 Adultos,https://lacabala.cl/products/camiseta-hamburgo-sv-visitante-1996-adultos-280,32990,"imagen_casi_identica(dhash=0,phash=0)",https://cdn.shopify.com/s/files/1/0965/9354/3474/files/img-1781536100559-0.jpg?v=1781536104
Liga Alemana,RB Leipzig,Camiseta RB Leipzig 26/27 Local,https://camisetasdefutbol.com.co/products/camiseta-rb-leipzig-26-27-local,100000,,Camiseta RB Leipzig Local 26/27 Adultos,https://lacabala.cl/products/camiseta-rb-leipzig-local-26-27-adultos-282,27990,"imagen_casi_identica(dhash=1,phash=0)",https://cdn.shopify.com/s/files/1/0965/9354/3474/files/img-1784400526119-0.jpg?v=1784400529
Liga Alemana,Schalke 04,Camiseta FC Schalke 04 96/97 Local Retro,https://camisetasdefutbol.com.co/products/camiseta-fc-schalke-04-96-97-local-retro,120000,,Camiseta Schalke 04 Local 1996/97 Adultos,https://lacabala.cl/products/camiseta-schalke-04-local-1996-97-adultos-283,32990,"imagen_casi_identica(dhash=0,phash=0)",https://cdn.shopify.com/s/files/1/0965/9354/3474/files/img-1786685129934-0.jpg?v=1786685133
Liga Alemana,Schalke 04,Camiseta Schalke 04 26/27 Local,https://camisetasdefutbol.com.co/products/camiseta-schalke-04-26-27-local,100000,,Camiseta Schalke 04 Local 26/27 Adultos,https://lacabala.cl/products/camiseta-schalke-04-local-26-27-adultos-285,27990,"imagen_casi_identica(dhash=1,phash=0)",https://cdn.shopify.com/s/files/1/0965/9354/3474/files/img-1783228968577-0.jpg?v=1783228971
Liga Alemana,St. Pauli,Camiseta St. Pauli 1998 Visitante Retro,https://camisetasdefutbol.com.co/products/camiseta-st-pauli-1998-visitante-retro,120000,,Camiseta St. Pauli Visitante 1998 Adultos,https://lacabala.cl/products/camiseta-st-pauli-visitante-1998-adultos-287,32990,"imagen_casi_identica(dhash=1,phash=0)",https://cdn.shopify.com/s/files/1/0965/9354/3474/files/img-1786161898697-0.jpg?v=1786161901
Liga Alemana,St. Pauli,Camiseta St. Pauli 99/00 Visitante Retro,https://camisetasdefutbol.com.co/products/camiseta-st-pauli-99-00-visitante-retro,120000,,Camiseta St. Pauli Visitante 1999 Adultos,https://lacabala.cl/products/camiseta-st-pauli-visitante-1999-adultos-288,32990,"imagen_casi_identica(dhash=0,phash=0)",https://cdn.shopify.com/s/files/1/0965/9354/3474/files/img-1781536129360-0.jpg?v=1781536133
Liga Francesa,PSG,Camiseta PSG 25/26 Local,https://camisetasdefutbol.com.co/products/camiseta-psg-25-26-local,100000,,Camiseta PSG Local 25/26 Adultos,https://lacabala.cl/products/camiseta-psg-local-adultos,27990,"imagen_casi_identica(dhash=1,phash=2)",https://cdn.shopify.com/s/files/1/0965/9354/3474/files/img-1780733331044-0.jpg?v=1780733335
Liga Francesa,PSG,Camiseta PSG 26/27 Local,https://camisetasdefutbol.com.co/products/camiseta-psg-26-27-local,100000,,Camiseta PSG Local 26/27 Adultos,https://lacabala.cl/products/camiseta-psg-local-26-27-adultos-294,27990,"imagen_casi_identica(dhash=0,phash=0)",https://cdn.shopify.com/s/files/1/0965/9354/3474/files/img-1783228722754-0.jpg?v=1783228726
Liga Francesa,PSG,"Camiseta PSG 26/27 Local Manga Larga, Versión Jugador",https://camisetasdefutbol.com.co/products/camiseta-psg-26-27-local-manga-larga-version-jugador,125000,,Camiseta PSG Local Manga Larga 26/27 Adultos [PLAYER VERSION],https://lacabala.cl/products/camiseta-psg-local-manga-larga-26-27-adultos-player-version-295,36990,"imagen_casi_identica(dhash=0,phash=0)",https://cdn.shopify.com/s/files/1/0965/9354/3474/files/img-1784695940908-0.jpg?v=1784695945
Liga Francesa,PSG,Equipación para niños 2026-2027 PSG Local,https://camisetasdefutbol.com.co/products/equipacion-para-ninos-2026-2027-psg-local,100000,,Camiseta + Short PSG 26/27 Niños,https://lacabala.cl/products/camiseta-short-psg-26-27-ninos-291,27990,"imagen_casi_identica(dhash=0,phash=2)",https://cdn.shopify.com/s/files/1/0965/9354/3474/files/img-1788145111818-0.jpg?v=1788145114
Liga Argentina,Boca Juniors,Camiseta Boca Juniors 03/04 Local Retro,https://camisetasdefutbol.com.co/products/camiseta-boca-juniors-03-04-local-retro,120000,,Camiseta Boca 2003/2004 Adultos,https://lacabala.cl/products/boca-2003-2004,32990,"imagen_casi_identica(dhash=0,phash=0)",https://cdn.shopify.com/s/files/1/0965/9354/3474/files/img-1780727017533-0.jpg?v=1780727021
Liga Argentina,Boca Juniors,Camiseta Boca Juniors 09/10 Local Retro,https://camisetasdefutbol.com.co/products/camiseta-boca-juniors-09-10-local-retro,120000,,Camiseta Boca Juniors 2009/10 Local Adultos,https://lacabala.cl/products/camiseta-boca-juniors-2009-10-local-adultos,31990,"imagen_casi_identica(dhash=1,phash=0)",https://cdn.shopify.com/s/files/1/0965/9354/3474/files/img-1780726724597-0.jpg?v=1780726728
Liga Argentina,Boca Juniors,Camiseta Boca Juniors 14/15 Local Retro,https://camisetasdefutbol.com.co/products/camiseta-boca-juniors-14-15-local-retro,120000,,Camiseta Boca Juniors Local 2014/15 Adultos,https://lacabala.cl/products/camiseta-boca-juniors-local-2014-15-adultos-300,32990,"imagen_casi_identica(dhash=1,phash=0)",https://cdn.shopify.com/s/files/1/0965/9354/3474/files/img-1780726453580-0.jpg?v=1780726458
Liga Argentina,Boca Juniors,Camiseta Boca Juniors 25/26 Tercera,https://camisetasdefutbol.com.co/products/camiseta-boca-juniors-25-26-tercera,100000,,Camiseta Boca Juniors Tercera 25/26 Adultos,https://lacabala.cl/products/camiseta-boca-juniors-tercera-25-26-adultos,27990,"imagen_casi_identica(dhash=0,phash=0)",https://cdn.shopify.com/s/files/1/0965/9354/3474/files/fix-230921585-0.jpg?v=1780704719
Liga Argentina,Boca Juniors,Camiseta Boca Juniors 26/27 Local,https://camisetasdefutbol.com.co/products/camiseta-boca-juniors-26-27-local,100000,,Camiseta Boca Juniors Local 26/27 Adultos,https://lacabala.cl/products/camiseta-boca-juniors-local-26-27-adultos-303,27990,"imagen_casi_identica(dhash=0,phash=0)",https://cdn.shopify.com/s/files/1/0965/9354/3474/files/img-1789258381135-0.jpg?v=1789258384
Liga Argentina,Boca Juniors,Camiseta Boca Juniors 26/27 Visitante,https://camisetasdefutbol.com.co/products/camiseta-boca-juniors-26-27-visitante,100000,,Camiseta Boca Juniors Visitante 26/27 Adultos,https://lacabala.cl/products/camiseta-boca-juniors-visitante-26-27-adultos-305,27990,"imagen_casi_identica(dhash=1,phash=0)",https://cdn.shopify.com/s/files/1/0965/9354/3474/files/img-1789258387577-0.jpg?v=1789258390
Liga Argentina,Boca Juniors,Camiseta Boca Juniors 95/97 Local Retro,https://camisetasdefutbol.com.co/products/camiseta-boca-juniors-95-97-local-retro,120000,,Camiseta Boca Juniors 95/97 Local Adultos,https://lacabala.cl/products/camiseta-boca-juniors-95-97-local-adultos,31990,"imagen_casi_identica(dhash=0,phash=2)",https://cdn.shopify.com/s/files/1/0965/9354/3474/files/img-1780726622874-0.jpg?v=1780726626
Liga Argentina,Boca Juniors,Camiseta Boca Juniors 97/98 Visitante Retro,https://camisetasdefutbol.com.co/products/camiseta-boca-juniors-97-98-visitante-retro,120000,,Camiseta Boca Juniors Visitante 97/98 Adultos,https://lacabala.cl/products/camiseta-boca-juniors-visitante-97-98-adultos-301,32990,"imagen_casi_identica(dhash=0,phash=0)",https://cdn.shopify.com/s/files/1/0965/9354/3474/files/img-1780726580782-0.jpg?v=1780726584
Liga Argentina,Estudiantes,Camiseta Estudiantes de La Plata 26/27 Local,https://camisetasdefutbol.com.co/products/camiseta-estudiantes-de-la-plata-26-27-local,100000,,Camiseta Estudiantes Local 26/27 Adultos,https://lacabala.cl/products/camiseta-estudiantes-local-26-27-adultos-306,27990,"imagen_casi_identica(dhash=2,phash=2)",https://cdn.shopify.com/s/files/1/0965/9354/3474/files/img-1784347178534-0.jpg?v=1784347182
Liga Argentina,River Plate,Camiseta River Plate 00/01 Local Retro,https://camisetasdefutbol.com.co/products/camiseta-river-plate-00-01-local-retro,120000,,Camiseta River Plate Local 2000/01 Adultos,https://lacabala.cl/products/camiseta-river-plate-local-2000-01-adultos-312,32990,"imagen_casi_identica(dhash=0,phash=0)",https://cdn.shopify.com/s/files/1/0965/9354/3474/files/img-1780726764002-0.jpg?v=1780726767
Liga Argentina,River Plate,Camiseta River Plate 00/01 Visitante Retro,https://camisetasdefutbol.com.co/products/camiseta-river-plate-00-01-visitante-retro,120000,,Camiseta River Plate Tercera 2000/01 Adultos,https://lacabala.cl/products/camiseta-river-plate-tercera-2000-01-adultos-317,32990,"imagen_casi_identica(dhash=2,phash=0)",https://cdn.shopify.com/s/files/1/0965/9354/3474/files/img-1780726918070-0.jpg?v=1780726921
Liga Argentina,River Plate,Camiseta River Plate 03/04 Local Retro,https://camisetasdefutbol.com.co/products/camiseta-river-plate-03-04-local-retro,120000,,Camiseta River Plate Local 2003/04 Adultos,https://lacabala.cl/products/camiseta-river-plate-local-2003-04-adultos-313,32990,"imagen_casi_identica(dhash=0,phash=0)",https://cdn.shopify.com/s/files/1/0965/9354/3474/files/img-1780727213202-0.jpg?v=1780727218
Liga Argentina,River Plate,Camiseta River Plate 125º Aniversario,https://camisetasdefutbol.com.co/products/camiseta-river-plate-125º-aniversario,120000,,Camiseta River Plate Edición 125 Años Local Adultos,https://lacabala.cl/products/camiseta-river-plate-edicion-125-anos-local-adultos-316,27990,"imagen_casi_identica(dhash=0,phash=0)",https://cdn.shopify.com/s/files/1/0965/9354/3474/files/img-1784436836324-0.jpg?v=1784436839
Liga Argentina,River Plate,"Camiseta River Plate 26/27 Local, Versión Jugador",https://camisetasdefutbol.com.co/products/camiseta-river-plate-26-27-local-version-jugador,110000,,Camiseta River Plate Local 26/27 Adultos [PLAYER VERSION],https://lacabala.cl/products/camiseta-river-plate-local-26-27-adultos-player-version-315,32990,"imagen_casi_identica(dhash=1,phash=0)",https://cdn.shopify.com/s/files/1/0965/9354/3474/files/fix-239931994-0.jpg?v=1780705136
Liga Argentina,River Plate,Camiseta River Plate 92/93 Visitante Retro,https://camisetasdefutbol.com.co/products/camiseta-river-plate-92-93-visitante-retro,120000,,Camiseta River Plate Visitante 1992/93 Adultos,https://lacabala.cl/products/camiseta-river-plate-visitante-1992-93-adultos-318,32990,"imagen_casi_identica(dhash=0,phash=0)",https://cdn.shopify.com/s/files/1/0965/9354/3474/files/fix-225393990-0.jpg?v=1780704528
Liga Argentina,River Plate,Equipación para niños 2026-2027 River Plate Local,https://camisetasdefutbol.com.co/products/equipacion-para-ninos-2026-2027-river-plate-local,100000,,Camiseta + Short River Plate 26/27 Niños,https://lacabala.cl/products/camiseta-short-river-plate-26-27-ninos-310,27990,"imagen_casi_identica(dhash=0,phash=0)",https://cdn.shopify.com/s/files/1/0965/9354/3474/files/img-1788145129609-0.jpg?v=1788145132
Liga Argentina,Rosario Central,Camiseta Rosario Central 95/97 Local Retro,https://camisetasdefutbol.com.co/products/camiseta-rosario-central-95-97-local-retro,120000,,Camiseta Rosario Central Local 1995/97 Adultos,https://lacabala.cl/products/camiseta-rosario-central-local-1995-97-adultos-320,32990,"imagen_casi_identica(dhash=0,phash=0)",https://cdn.shopify.com/s/files/1/0965/9354/3474/files/img-1787023841192-0.jpg?v=1787023844
Liga Argentina,Rosario Central,Camiseta Rosario Central 98/99 Local Retro,https://camisetasdefutbol.com.co/products/camiseta-rosario-central-98-99-local-retro,120000,,Camiseta Rosario Central Local 1998/99 Adultos,https://lacabala.cl/products/camiseta-rosario-central-local-1998-99-adultos-321,32990,"imagen_casi_identica(dhash=1,phash=0)",https://cdn.shopify.com/s/files/1/0965/9354/3474/files/img-1787023834391-0.jpg?v=1787023838
Liga Argentina,San Lorenzo,Camiseta San Lorenzo 95/96 Local Retro,https://camisetasdefutbol.com.co/products/camiseta-san-lorenzo-95-96-local-retro,120000,,Camiseta San Lorenzo Local 1995/96 Adultos,https://lacabala.cl/products/camiseta-san-lorenzo-local-1995-96-adultos-322,32990,"imagen_casi_identica(dhash=0,phash=0)",https://cdn.shopify.com/s/files/1/0965/9354/3474/files/img-1781536711051-0.jpg?v=1781536714
Liga Argentina,Vélez,Camiseta Vélez Sarsfield 26/27 Local,https://camisetasdefutbol.com.co/products/camiseta-velez-sarsfield-26-27-local,100000,,Camiseta Vélez Sarsfield Local 26/27 Adultos,https://lacabala.cl/products/camiseta-velez-sarsfield-local-26-27-adultos-325,27990,"imagen_casi_identica(dhash=0,phash=0)",https://cdn.shopify.com/s/files/1/0965/9354/3474/files/img-1789258443078-0.jpg?v=1789258446
Liga Argentina,Vélez,Camiseta Vélez Sarsfield 26/27 Visitante,https://camisetasdefutbol.com.co/products/camiseta-velez-sarsfield-26-27-visitante,100000,,Camiseta Vélez Sarsfield Visitante 26/27 Adultos,https://lacabala.cl/products/camiseta-velez-sarsfield-visitante-26-27-adultos-326,27990,"imagen_casi_identica(dhash=1,phash=2)",https://cdn.shopify.com/s/files/1/0965/9354/3474/files/img-1789258449503-0.jpg?v=1789258452
Liga Brasileña,Athletico Paranaense,Camiseta Athletico Paranaense 26/27 Local,https://camisetasdefutbol.com.co/products/camiseta-athletico-paranaense-26-27-local,100000,,Camiseta Paranaense Local 26/27 Adultos,https://lacabala.cl/products/camiseta-paranaense-local-26-27-adultos-327,27990,"imagen_casi_identica(dhash=0,phash=0)",https://cdn.shopify.com/s/files/1/0965/9354/3474/files/img-1784400512754-0.jpg?v=1784400516
Liga Brasileña,Athletico Paranaense,Camiseta Athletico Paranaense 26/27 Visitante,https://camisetasdefutbol.com.co/products/camiseta-athletico-paranaense-26-27-visitante,100000,,Camiseta Paranaense Visitante 26/27 Adultos,https://lacabala.cl/products/camiseta-paranaense-visitante-26-27-adultos-328,27990,"imagen_casi_identica(dhash=0,phash=0)",https://cdn.shopify.com/s/files/1/0965/9354/3474/files/img-1784400775096-0.jpg?v=1784400778
Liga Brasileña,Atlético Mineiro,Camiseta Atlético Mineiro 26/27 Visitante,https://camisetasdefutbol.com.co/products/camiseta-atletico-mineiro-26-27-visitante,100000,,Camiseta Atlético Mineiro Visitante 26/27 Adultos,https://lacabala.cl/products/camiseta-atletico-mineiro-visitante-26-27-adultos-332,27990,"imagen_casi_identica(dhash=1,phash=0)",https://cdn.shopify.com/s/files/1/0965/9354/3474/files/img-1784400609622-0.jpg?v=1784400613
Liga Brasileña,Bahia,Camiseta Bahía 26/27 Local,https://camisetasdefutbol.com.co/products/camiseta-bahia-26-27-local,100000,,Camiseta Bahia Local 26/27 Adultos,https://lacabala.cl/products/camiseta-bahia-local-26-27-adultos-333,27990,"imagen_casi_identica(dhash=1,phash=0)",https://cdn.shopify.com/s/files/1/0965/9354/3474/files/img-1784400505458-0.jpg?v=1784400508
Liga Brasileña,Bahia,Camiseta Bahía 26/27 Visitante,https://camisetasdefutbol.com.co/products/camiseta-bahia-26-27-visitante,100000,,Camiseta Bahia Visitante 26/27 Adultos,https://lacabala.cl/products/camiseta-bahia-visitante-26-27-adultos-334,27990,"imagen_casi_identica(dhash=0,phash=0)",https://cdn.shopify.com/s/files/1/0965/9354/3474/files/img-1783228904331-0.jpg?v=1783228908
Liga Brasileña,Botafogo,Camiseta Botafogo 26/27 Local,https://camisetasdefutbol.com.co/products/camiseta-botafogo-26-27-local,100000,,Camiseta Botafogo Local 26/27 Adultos,https://lacabala.cl/products/camiseta-botafogo-local-26-27-adultos-335,27990,"imagen_casi_identica(dhash=1,phash=0)",https://cdn.shopify.com/s/files/1/0965/9354/3474/files/img-1784347077320-0.jpg?v=1784347081
Liga Brasileña,Chapecoense,Camiseta Chapecoense 26/27 Local,https://camisetasdefutbol.com.co/products/camiseta-chapecoense-26-27-local,100000,,Camiseta Chapecoense Local 26/27 Adultos,https://lacabala.cl/products/camiseta-chapecoense-local-26-27-adultos-336,27990,"imagen_casi_identica(dhash=0,phash=0)",https://cdn.shopify.com/s/files/1/0965/9354/3474/files/img-1784400739396-0.jpg?v=1784400743
Liga Brasileña,Corinthians,Camiseta Corinthians 2025-2026 Alternativa,https://camisetasdefutbol.com.co/products/camiseta-corinthians-2025-2026-alternativa,100000,,Camiseta Corinthians Visitante 25/26 Adultos,https://lacabala.cl/products/camiseta-corinthians-visitante-25-26-adultos-341,27990,"imagen_casi_identica(dhash=1,phash=0)",https://cdn.shopify.com/s/files/1/0965/9354/3474/files/download_82240330-8719-44b3-9b0b-21d481c75bbe.jpg?v=1776655688
Liga Brasileña,Corinthians,Camiseta Corinthians 26/27 Local,https://camisetasdefutbol.com.co/products/camiseta-corinthians-26-27-local,100000,,Camiseta Corinthians Local 26/27 Adultos,https://lacabala.cl/products/camiseta-corinthians-local-26-27-adultos-339,27990,"imagen_casi_identica(dhash=2,phash=0)",https://cdn.shopify.com/s/files/1/0965/9354/3474/files/img-1784696053077-0.jpg?v=1784696056
Liga Brasileña,Corinthians,Camiseta Corinthians 26/27 Visitante,https://camisetasdefutbol.com.co/products/camiseta-corinthians-26-27-visitante,100000,,Camiseta Corinthians Visitante 26/27 Adultos,https://lacabala.cl/products/camiseta-corinthians-visitante-26-27-adultos-342,27990,"imagen_casi_identica(dhash=0,phash=0)",https://cdn.shopify.com/s/files/1/0965/9354/3474/files/img-1783228819267-0.jpg?v=1783228822
Liga Brasileña,Corinthians,Equipación para niños 2026-2027 Corinthians Local,https://camisetasdefutbol.com.co/products/equipacion-para-ninos-2026-2027-corinthians-local,100000,,Camiseta + Short Corinthians Local 26/27 Niños,https://lacabala.cl/products/camiseta-short-corinthians-local-26-27-ninos-337,27990,"imagen_casi_identica(dhash=1,phash=0)",https://cdn.shopify.com/s/files/1/0965/9354/3474/files/img-1788145117584-0.jpg?v=1788145120
Liga Brasileña,Coritiba,Camiseta Coritiba 26/27 Local,https://camisetasdefutbol.com.co/products/camiseta-coritiba-26-27-local,100000,,Camiseta Coritiba Local 26/27 Adultos,https://lacabala.cl/products/camiseta-coritiba-local-26-27-adultos-343,27990,"imagen_casi_identica(dhash=0,phash=0)",https://cdn.shopify.com/s/files/1/0965/9354/3474/files/img-1783228949771-0.jpg?v=1783228953
Liga Brasileña,Cruzeiro,Camiseta Cruzeiro 26/27 Local Manga Larga,https://camisetasdefutbol.com.co/products/camiseta-cruzeiro-26-27-local-manga-larga,115000,,Camiseta Cruzeiro Local Manga Larga 26/27 Adultos,https://lacabala.cl/products/camiseta-cruzeiro-local-manga-larga-26-27-adultos-346,29990,"imagen_casi_identica(dhash=0,phash=0)",https://cdn.shopify.com/s/files/1/0965/9354/3474/files/img-1789258716152-0.jpg?v=1789258720
Liga Brasileña,Flamengo,Camiseta 2025-2026 Flamengo Local,https://camisetasdefutbol.com.co/products/camiseta-2025-2026-flamengo-local,100000,,Camiseta Flamengo Local 26/27 Adultos,https://lacabala.cl/products/camiseta-flamengo-local-26-27-adultos-352,27990,"imagen_casi_identica(dhash=0,phash=2)",https://cdn.shopify.com/s/files/1/0965/9354/3474/files/download_6daa75ab-2bd0-4e8f-bce5-4056361726e2.jpg?v=1776654956
Liga Brasileña,Flamengo,Camiseta Flamengo 02/03 Local Retro,https://camisetasdefutbol.com.co/products/camiseta-flamengo-02-03-local-retro,120000,,Camiseta Flamengo Visitante 2002/03 Adultos,https://lacabala.cl/products/camiseta-flamengo-visitante-2002-03-adultos-358,32990,"imagen_casi_identica(dhash=0,phash=0)",https://cdn.shopify.com/s/files/1/0965/9354/3474/files/img-1780733102329-0.jpg?v=1780733106
Liga Brasileña,Flamengo,Camiseta Flamengo 1995 Local Retro,https://camisetasdefutbol.com.co/products/camiseta-flamengo-1995-local-retro,120000,,Camiseta Flamengo Local 1995 Adultos,https://lacabala.cl/products/camiseta-flamengo-local-1995-adultos-351,32990,"imagen_casi_identica(dhash=1,phash=0)",https://cdn.shopify.com/s/files/1/0965/9354/3474/files/img-1780730859986-0.jpg?v=1780730863
Liga Brasileña,Flamengo,Camiseta Flamengo 1995 Visitante Retro,https://camisetasdefutbol.com.co/products/camiseta-flamengo-1995-visitante-retro,120000,,Camiseta Flamengo Visitante 1995 Adultos,https://lacabala.cl/products/camiseta-flamengo-visitante-1995-adultos-355,32990,"imagen_casi_identica(dhash=1,phash=0)",https://cdn.shopify.com/s/files/1/0965/9354/3474/files/img-1780730836151-0.jpg?v=1780730840
Liga Brasileña,Flamengo,Camiseta Flamengo 26/27 Local,https://camisetasdefutbol.com.co/products/camiseta-flamengo-26-27-local,100000,,Camiseta Flamengo Local 26/27 Adultos,https://lacabala.cl/products/camiseta-flamengo-local-26-27-adultos-352,27990,"imagen_casi_identica(dhash=0,phash=2)",https://cdn.shopify.com/s/files/1/0965/9354/3474/files/fix-226969594-0.jpg?v=1780704552
Liga Brasileña,Flamengo,Camiseta Flamengo 26/27 Local Manga Larga,https://camisetasdefutbol.com.co/products/camiseta-flamengo-26-27-local-manga-larga,115000,,Camiseta Flamengo Local Manga Larga 26/27 Adultos,https://lacabala.cl/products/camiseta-flamengo-local-manga-larga-26-27-adultos-353,29990,"imagen_casi_identica(dhash=1,phash=0)",https://cdn.shopify.com/s/files/1/0965/9354/3474/files/img-1784695963105-0.jpg?v=1784695966
Liga Brasileña,Flamengo,Camiseta Flamengo 26/27 Visitante,https://camisetasdefutbol.com.co/products/camiseta-flamengo-26-27-visitante,100000,,Camiseta Flamengo Visitante 26/27 Adultos,https://lacabala.cl/products/camiseta-flamengo-visitante-26-27-adultos-359,27990,"imagen_casi_identica(dhash=0,phash=0)",https://cdn.shopify.com/s/files/1/0965/9354/3474/files/fix-238150114-0.jpg?v=1780704913
Liga Brasileña,Flamengo,Camiseta Flamengo 26/27 Visitante Manga Larga,https://camisetasdefutbol.com.co/products/camiseta-flamengo-26-27-visitante-manga-larga,115000,,Camiseta Flamengo Visitante Manga Larga 26/27 Adultos,https://lacabala.cl/products/camiseta-flamengo-visitante-manga-larga-26-27-adultos-360,27990,"imagen_casi_identica(dhash=0,phash=0)",https://cdn.shopify.com/s/files/1/0965/9354/3474/files/img-1784695956070-0.jpg?v=1784695959
Liga Brasileña,Fluminense,Camiseta Fluminense 26/27 Local,https://camisetasdefutbol.com.co/products/camiseta-fluminense-26-27-local,100000,,Camiseta Fluminense Local 26/27 Adultos,https://lacabala.cl/products/camiseta-fluminense-local-26-27-adultos-362,27990,"imagen_casi_identica(dhash=0,phash=0)",https://cdn.shopify.com/s/files/1/0965/9354/3474/files/img-1784347044176-0.jpg?v=1784347049
Liga Brasileña,Fluminense,Camiseta Fluminense 26/27 Visitante,https://camisetasdefutbol.com.co/products/camiseta-fluminense-26-27-visitante,100000,,Camiseta Fluminense Visitante 26/27 Adultos,https://lacabala.cl/products/camiseta-fluminense-visitante-26-27-adultos-363,27990,"imagen_casi_identica(dhash=0,phash=2)",https://cdn.shopify.com/s/files/1/0965/9354/3474/files/img-1789258793296-0.jpg?v=1789258796
Liga Brasileña,Grêmio,Camiseta Grêmio 26/27 Local,https://camisetasdefutbol.com.co/products/camiseta-gremio-26-27-local,100000,,Camiseta Gremio Local 26/27 Adultos,https://lacabala.cl/products/camiseta-gremio-local-26-27-adultos-364,27990,"imagen_casi_identica(dhash=0,phash=0)",https://cdn.shopify.com/s/files/1/0965/9354/3474/files/img-1784347057590-0.jpg?v=1784347061
Liga Brasileña,Grêmio,Camiseta Grêmio 26/27 Visitante,https://camisetasdefutbol.com.co/products/camiseta-gremio-26-27-visitante,100000,,Camiseta Gremio Visitante 26/27 Adultos,https://lacabala.cl/products/camiseta-gremio-visitante-26-27-adultos-365,27990,"imagen_casi_identica(dhash=0,phash=0)",https://cdn.shopify.com/s/files/1/0965/9354/3474/files/img-1789258666149-0.jpg?v=1789258669
Liga Brasileña,Internacional,Camiseta Internacional 26/27 Local,https://camisetasdefutbol.com.co/products/camiseta-internacional-26-27-local,100000,,Camiseta Internacional Local 26/27 Adultos,https://lacabala.cl/products/camiseta-internacional-local-26-27-adultos-367,27990,"imagen_casi_identica(dhash=0,phash=0)",https://cdn.shopify.com/s/files/1/0965/9354/3474/files/img-1784347063596-0.jpg?v=1784347067
Liga Brasileña,Palmeiras,Camiseta Palmeiras 10/11 Local Retro,https://camisetasdefutbol.com.co/products/camiseta-palmeiras-10-11-local-retro,120000,,Camiseta Palmeiras Local 2010/11 Adultos,https://lacabala.cl/products/camiseta-palmeiras-local-2010-11-adultos-371,32990,"imagen_casi_identica(dhash=0,phash=0)",https://cdn.shopify.com/s/files/1/0965/9354/3474/files/img-1786161767487-0.jpg?v=1786161770
Liga Brasileña,Palmeiras,Camiseta Palmeiras 26/27 Local,https://camisetasdefutbol.com.co/products/camiseta-palmeiras-26-27-local,100000,,Camiseta Palmeiras Local 26/27 Adultos,https://lacabala.cl/products/camiseta-palmeiras-local-26-27-adultos-372,27990,"imagen_casi_identica(dhash=0,phash=0)",https://cdn.shopify.com/s/files/1/0965/9354/3474/files/img-1784696123411-0.jpg?v=1784696127
Liga Brasileña,Palmeiras,Camiseta Palmeiras 26/27 Visitante,https://camisetasdefutbol.com.co/products/camiseta-palmeiras-26-27-visitante,100000,,Camiseta Palmeiras Visitante 26/27 Adultos,https://lacabala.cl/products/camiseta-palmeiras-visitante-26-27-adultos-373,27990,"imagen_casi_identica(dhash=0,phash=2)",https://cdn.shopify.com/s/files/1/0965/9354/3474/files/img-1784696130593-0.jpg?v=1784696135
Liga Brasileña,Santos,Camiseta Santos 26/27 Local,https://camisetasdefutbol.com.co/products/camiseta-santos-26-27-local,100000,,Camiseta Santos Local 26/27 Adultos,https://lacabala.cl/products/camiseta-santos-local-26-27-adultos-380,27990,"imagen_casi_identica(dhash=0,phash=0)",https://cdn.shopify.com/s/files/1/0965/9354/3474/files/img-1783228791308-0.jpg?v=1783228794
Liga Brasileña,Santos,Camiseta Santos 26/27 Visitante,https://camisetasdefutbol.com.co/products/camiseta-santos-26-27-visitante,100000,,Camiseta Santos Visitante 26/27 Adultos,https://lacabala.cl/products/camiseta-santos-visitante-26-27-adultos-382,27990,"imagen_casi_identica(dhash=0,phash=0)",https://cdn.shopify.com/s/files/1/0965/9354/3474/files/img-1783228929151-0.jpg?v=1783228932
Liga Brasileña,São Paulo,Camiseta São Paulo 26/27 Local,https://camisetasdefutbol.com.co/products/camiseta-sao-paulo-26-27-local,100000,,Camiseta São Paulo Local 26/27 Adultos,https://lacabala.cl/products/camiseta-sao-paulo-local-26-27-adultos-385,27990,"imagen_casi_identica(dhash=0,phash=0)",https://cdn.shopify.com/s/files/1/0965/9354/3474/files/img-1786685048179-0.jpg?v=1786685052
Liga Brasileña,São Paulo,Camiseta São Paulo 26/27 Visitante,https://camisetasdefutbol.com.co/products/camiseta-sao-paulo-26-27-visitante,100000,,Camiseta São Paulo Visitante 26/27 Adultos,https://lacabala.cl/products/camiseta-sao-paulo-visitante-26-27-adultos-386,27990,"imagen_casi_identica(dhash=0,phash=2)",https://cdn.shopify.com/s/files/1/0965/9354/3474/files/img-1783228923246-0.jpg?v=1783228926
Liga Brasileña,São Paulo,Equipación para niños 2026-2027 São Paulo Visitante,https://camisetasdefutbol.com.co/products/equipacion-para-ninos-2026-2027-sao-paulo-visitante,100000,,Camiseta + Short São Paulo Local 26/27 Niños,https://lacabala.cl/products/camiseta-short-sao-paulo-local-26-27-ninos-383,27990,"imagen_casi_identica(dhash=0,phash=0)",https://cdn.shopify.com/s/files/1/0965/9354/3474/files/img-1788145141312-0.jpg?v=1788145143
Liga Brasileña,Vasco da Gama,Camiseta Vasco da Gama 26/27 Local,https://camisetasdefutbol.com.co/products/camiseta-vasco-da-gama-26-27-local,100000,,Camiseta Vasco da Gama Local 26/27 Adultos,https://lacabala.cl/products/camiseta-vasco-da-gama-local-26-27-adultos-389,27990,"imagen_casi_identica(dhash=2,phash=2)",https://cdn.shopify.com/s/files/1/0965/9354/3474/files/img-1786685054755-0.jpg?v=1786685058
Liga Portuguesa,Benfica,Camiseta Benfica 26/27 Local,https://camisetasdefutbol.com.co/products/camiseta-benfica-26-27-local,100000,,Camiseta Benfica Local 26/27 Adultos,https://lacabala.cl/products/camiseta-benfica-local-26-27-adultos-394,27990,"imagen_casi_identica(dhash=0,phash=0)",https://cdn.shopify.com/s/files/1/0965/9354/3474/files/img-1784346990778-0.jpg?v=1784346994
Liga Portuguesa,Benfica,Camiseta Benfica 26/27 Portero Negro,https://camisetasdefutbol.com.co/products/camiseta-benfica-26-27-portero-negro,110000,,Camiseta Benfica Portero 26/27 Adultos,https://lacabala.cl/products/camiseta-benfica-portero-26-27-adultos-396,27990,"imagen_casi_identica(dhash=0,phash=2)",https://cdn.shopify.com/s/files/1/0965/9354/3474/files/img-1783301749760-0.jpg?v=1783301753
Liga Portuguesa,Benfica,Camiseta SL Benfica 26/27 Especial Eagle Negro Rojo,https://camisetasdefutbol.com.co/products/camiseta-sl-benfica-26-27-especial-eagle-negro-rojo,100000,,Camiseta Benfica Edición Especial Eagle 26/27 Adultos,https://lacabala.cl/products/camiseta-benfica-edicion-especial-eagle-26-27-adultos-392,27990,"imagen_casi_identica(dhash=0,phash=0)",https://cdn.shopify.com/s/files/1/0965/9354/3474/files/img-1784696230167-0.jpg?v=1784696233
Liga Portuguesa,Benfica,Camiseta SL Benfica 26/27 Local,https://camisetasdefutbol.com.co/products/camiseta-sl-benfica-26-27-local,100000,,Camiseta Benfica Local 26/27 Adultos,https://lacabala.cl/products/camiseta-benfica-local-26-27-adultos-394,27990,"imagen_casi_identica(dhash=0,phash=0)",https://cdn.shopify.com/s/files/1/0965/9354/3474/files/img-1784696215013-0.jpg?v=1784696218
Liga Portuguesa,Benfica,Camiseta SL Benfica 26/27 Local Manga Larga,https://camisetasdefutbol.com.co/products/camiseta-sl-benfica-26-27-local-manga-larga,115000,,Camiseta Benfica Local Manga Larga 26/27 Adultos,https://lacabala.cl/products/camiseta-benfica-local-manga-larga-26-27-adultos-395,29990,"imagen_casi_identica(dhash=1,phash=0)",https://cdn.shopify.com/s/files/1/0965/9354/3474/files/img-1787112432514-0.jpg?v=1787112436
Liga Portuguesa,Benfica,Camiseta SL Benfica 26/27 Portero Negro Gris,https://camisetasdefutbol.com.co/products/camiseta-sl-benfica-26-27-portero-negro-gris,100000,,Camiseta Benfica Portero 26/27 Adultos,https://lacabala.cl/products/camiseta-benfica-portero-26-27-adultos-396,27990,"imagen_casi_identica(dhash=0,phash=2)",https://cdn.shopify.com/s/files/1/0965/9354/3474/files/img-1784696237132-0.jpg?v=1784696241
Liga Portuguesa,Benfica,Camiseta SL Benfica 26/27 Visitante,https://camisetasdefutbol.com.co/products/camiseta-sl-benfica-26-27-visitante,100000,,Camiseta Benfica Visitante 26/27 Adultos,https://lacabala.cl/products/camiseta-benfica-visitante-26-27-adultos-397,27990,"imagen_casi_identica(dhash=0,phash=0)",https://cdn.shopify.com/s/files/1/0965/9354/3474/files/img-1787112405066-0.jpg?v=1787112408
Liga Portuguesa,Benfica,Equipación para niños 2026-2027 Benfica Local,https://camisetasdefutbol.com.co/products/equipacion-para-ninos-2026-2027-benfica-local,100000,,Camiseta + Short Benfica Local 26/27 Niños,https://lacabala.cl/products/camiseta-short-benfica-local-26-27-ninos-391,27990,"imagen_casi_identica(dhash=0,phash=0)",https://cdn.shopify.com/s/files/1/0965/9354/3474/files/img-1788145092958-0.jpg?v=1788145095
Liga Portuguesa,Porto,Camiseta FC Porto 26/27 Local,https://camisetasdefutbol.com.co/products/camiseta-fc-porto-26-27-local,100000,,Camiseta Porto Local 26/27 Adultos,https://lacabala.cl/products/camiseta-porto-local-26-27-adultos-398,27990,"imagen_casi_identica(dhash=0,phash=0)",https://cdn.shopify.com/s/files/1/0965/9354/3474/files/img-1784346984616-0.jpg?v=1784346988
Liga Portuguesa,Porto,Camiseta FC Porto 26/27 Tercera Menta,https://camisetasdefutbol.com.co/products/camiseta-fc-porto-26-27-tercera-menta,100000,,Camiseta Porto Tercera 26/27 Adultos,https://lacabala.cl/products/camiseta-porto-tercera-26-27-adultos-399,27990,"imagen_casi_identica(dhash=0,phash=0)",https://cdn.shopify.com/s/files/1/0965/9354/3474/files/img-1787112675437-0.jpg?v=1787112679
Liga Portuguesa,Porto,Camiseta FC Porto 26/27 Visitante,https://camisetasdefutbol.com.co/products/camiseta-fc-porto-26-27-visitante,100000,,Camiseta Porto Visitante 26/27 Adultos,https://lacabala.cl/products/camiseta-porto-visitante-26-27-adultos-400,27990,"imagen_casi_identica(dhash=0,phash=0)",https://cdn.shopify.com/s/files/1/0965/9354/3474/files/img-1787112419822-0.jpg?v=1787112423
Liga Mexicana,Chivas,Camiseta Chivas Guadalajara 26/27 Local,https://camisetasdefutbol.com.co/products/camiseta-chivas-guadalajara-26-27-local,100000,,Camiseta Chivas Local 26/27 Adultos,https://lacabala.cl/products/camiseta-chivas-local-26-27-adultos-403,27990,"imagen_casi_identica(dhash=1,phash=0)",https://cdn.shopify.com/s/files/1/0965/9354/3474/files/img-1784347113352-0.jpg?v=1784347117
Liga Mexicana,Club América,Camiseta Club América 26/27 Local,https://camisetasdefutbol.com.co/products/camiseta-club-america-26-27-local,100000,,Camiseta América Local 26/27 Adultos,https://lacabala.cl/products/camiseta-america-local-26-27-adultos-404,27990,"imagen_casi_identica(dhash=1,phash=0)",https://cdn.shopify.com/s/files/1/0965/9354/3474/files/img-1784347106504-0.jpg?v=1784347110
Liga Mexicana,Club América,Camiseta Club América 26/27 Visitante,https://camisetasdefutbol.com.co/products/camiseta-club-america-26-27-visitante,100000,,Camiseta América Visitante 26/27 Adultos,https://lacabala.cl/products/camiseta-america-visitante-26-27-adultos-405,27990,"imagen_casi_identica(dhash=0,phash=0)",https://cdn.shopify.com/s/files/1/0965/9354/3474/files/img-1784696195104-0.jpg?v=1784696199
MLS,Inter Miami,Camiseta Inter Miami 26/27 Visitante,https://camisetasdefutbol.com.co/products/camiseta-inter-miami-26-27-visitante,100000,,Camiseta Inter Miami Visitante 26/27 Adultos,https://lacabala.cl/products/camiseta-inter-miami-visitante-26-27-adultos-407,27990,"imagen_casi_identica(dhash=0,phash=0)",https://cdn.shopify.com/s/files/1/0965/9354/3474/files/img-1786685060641-0.jpg?v=1786685064
Selecciones,Alemania,Camiseta Alemania 1994 Local Retro,https://camisetasdefutbol.com.co/products/camiseta-alemania-1994-local-retro,120000,,Camiseta Alemania 1994 Adultos,https://lacabala.cl/products/camiseta-alemania-1994-adultos-440,32990,"imagen_casi_identica(dhash=0,phash=0)",https://cdn.shopify.com/s/files/1/0965/9354/3474/files/img-1780748481178-0.jpg?v=1780748486
Selecciones,Alemania,Camiseta Alemania 2014 Local Manga Larga Retro,https://camisetasdefutbol.com.co/products/camiseta-alemania-2014-local-manga-larga-retro,135000,,Camiseta Alemania Local Manga Larga 2014 Adultos [PLAYER VERSION],https://lacabala.cl/products/camiseta-alemania-local-manga-larga-2014-adultos-player-version-442,34990,"imagen_casi_identica(dhash=1,phash=0)",https://cdn.shopify.com/s/files/1/0965/9354/3474/files/img-1788752153630-0.jpg?v=1788752156
Selecciones,Alemania,Camiseta Alemania 2026 Local,https://camisetasdefutbol.com.co/products/camiseta-alemania-2026-local,100000,,Camiseta Alemania Local 26/27 Adultos,https://lacabala.cl/products/camiseta-alemania-local-adultos,27990,"imagen_casi_identica(dhash=1,phash=0)",https://cdn.shopify.com/s/files/1/0965/9354/3474/files/download_62415193-8c89-4443-8346-81a9655eb96e.jpg?v=1776655659
Selecciones,Alemania,Camiseta Alemania 2026 Portero Verde,https://camisetasdefutbol.com.co/products/camiseta-alemania-2026-portero-verde,110000,,Camiseta Alemania Portero 26/27 Adultos,https://lacabala.cl/products/camiseta-alemania-portero-25-26-adultos,27990,"imagen_casi_identica(dhash=1,phash=0)",https://cdn.shopify.com/s/files/1/0965/9354/3474/files/img-1783301810641-0.jpg?v=1783301814
Selecciones,Alemania,Camiseta Alemania 2026 Portero Verde Manga Larga,https://camisetasdefutbol.com.co/products/camiseta-alemania-2026-portero-verde-manga-larga,125000,,Camiseta Alemania Portero 26/27 Adultos Manga Larga,https://lacabala.cl/products/camiseta-alemania-portero-25-26-adultos-manga-larga,29990,"imagen_casi_identica(dhash=1,phash=0)",https://cdn.shopify.com/s/files/1/0965/9354/3474/files/img-1783301724129-0.jpg?v=1783301727
Selecciones,Alemania,Camiseta Alemania 2026 Versión Jugador Local,https://camisetasdefutbol.com.co/products/camiseta-alemania-2026-version-jugador-local,110000,,Camiseta Alemania Local 25/26 Adultos [PLAYER VERSION],https://lacabala.cl/products/camiseta-alemania-local-25-26-adultos-player-vesion-copia,32990,"imagen_casi_identica(dhash=1,phash=0)",https://cdn.shopify.com/s/files/1/0965/9354/3474/files/download_08da1f80-3a36-40d4-bade-59de2d0ba40a.jpg?v=1776655662
Selecciones,Arabia Saudita,Camiseta Arabia Saudita 2026 Local,https://camisetasdefutbol.com.co/products/camiseta-arabia-saudita-2026-local,100000,,Camiseta Arabia Saudita Local 26/27 Adultos,https://lacabala.cl/products/camiseta-arabia-saudita-local-26-27-adultos-448,27990,"imagen_casi_identica(dhash=1,phash=2)",https://cdn.shopify.com/s/files/1/0965/9354/3474/files/download_014c5615-463b-4e72-bb89-5e5a424311b9.jpg?v=1776655679
Selecciones,Argelia,Camiseta Argelia 2026 Versión Jugador Local,https://camisetasdefutbol.com.co/products/camiseta-argelia-2026-version-jugador-local,110000,,Camiseta Argelia Local 26/27 Adultos [PLAYER VERSION],https://lacabala.cl/products/camiseta-argelia-local-26-27-adultos-player-version-452,32990,"imagen_casi_identica(dhash=0,phash=0)",https://cdn.shopify.com/s/files/1/0965/9354/3474/files/download_86aed33d-60ee-452c-9076-e3f10212aa83.jpg?v=1776655321
Selecciones,Argelia,Camiseta Argelia 2026 Visitante,https://camisetasdefutbol.com.co/products/camiseta-argelia-2026-visitante,100000,,Camiseta Argelia Visitante 26/27 Adultos,https://lacabala.cl/products/camiseta-argelia-visitante-26-27-adultos-453,27990,"imagen_casi_identica(dhash=0,phash=2)",https://cdn.shopify.com/s/files/1/0965/9354/3474/files/download_0f95ceb3-0c6a-4dd4-9254-986628e3ac99.jpg?v=1776655316
Selecciones,Argentina,Camiseta Argentina 1994 Local Retro,https://camisetasdefutbol.com.co/products/camiseta-argentina-1994-local-retro,120000,,Camiseta Argentina 94/95 Local Adultos,https://lacabala.cl/products/argentina-94-95-local,31990,"imagen_casi_identica(dhash=0,phash=0)",https://cdn.shopify.com/s/files/1/0965/9354/3474/files/img-1781502026279-0.jpg?v=1781502029
Selecciones,Argentina,Camiseta Argentina 2006 Local Retro,https://camisetasdefutbol.com.co/products/camiseta-argentina-2006-local-retro,120000,,Camiseta Argentina Local 2006 Adultos,https://lacabala.cl/products/camiseta-argentina-local-2006-adultos-462,32990,"imagen_casi_identica(dhash=0,phash=0)",https://cdn.shopify.com/s/files/1/0965/9354/3474/files/img-1781502086071-0.jpg?v=1781502089
Selecciones,Argentina,Camiseta Argentina 2011 Visitante Retro,https://camisetasdefutbol.com.co/products/camiseta-argentina-2011-visitante-retro,120000,,Camiseta Argentina Visitante 2011 Adultos,https://lacabala.cl/products/camiseta-argentina-visitante-2011-adultos-464,32990,"imagen_casi_identica(dhash=1,phash=0)",https://cdn.shopify.com/s/files/1/0965/9354/3474/files/img-1781502008725-0.jpg?v=1781502012
Selecciones,Argentina,Camiseta Argentina 2026 Local,https://camisetasdefutbol.com.co/products/camiseta-argentina-2026-local,100000,,Camiseta Argentina Local 26/27 Adultos,https://lacabala.cl/products/camiseta-argentina-local-adultos,28990,"imagen_casi_identica(dhash=2,phash=0)",https://cdn.shopify.com/s/files/1/0965/9354/3474/files/argentina2026.webp?v=1780897923
Selecciones,Argentina,Camiseta Argentina 2026 Manga Larga Local,https://camisetasdefutbol.com.co/products/camiseta-argentina-2026-manga-larga-local,120000,,Camiseta Argentina Local 26/27 Adultos Manga Larga,https://lacabala.cl/products/camiseta-argentina-local-25-26-adultos-manga-larga,30990,"imagen_casi_identica(dhash=2,phash=0)",https://cdn.shopify.com/s/files/1/0965/9354/3474/files/download_cfe5e652-9152-4d6a-81c7-da02c2f80bc1.jpg?v=1776655381
Selecciones,Argentina,Camiseta Argentina 2026 Visitante,https://camisetasdefutbol.com.co/products/camiseta-argentina-2026-visitante,100000,,Camiseta Argentina Visitante 25/26 Adultos,https://lacabala.cl/products/camiseta-argentina-visitante-adultos,28990,"imagen_casi_identica(dhash=0,phash=0)",https://cdn.shopify.com/s/files/1/0965/9354/3474/files/img-1786684938655-0.jpg?v=1786684943
Selecciones,Argentina,Camiseta Argentina 2026 Visitante Versión Jugador,https://camisetasdefutbol.com.co/products/camiseta-argentina-2026-visitante-version-jugador,110000,,Camiseta Argentina Visitante 26/27 Adultos [PLAYER VERSION],https://lacabala.cl/products/camiseta-argentina-visitante-26-27-adultos-player-vesion,32990,"imagen_casi_identica(dhash=0,phash=0)",https://cdn.shopify.com/s/files/1/0965/9354/3474/files/img-1780746184817-0.jpg?v=1780746189
Selecciones,Argentina,Camiseta Argentina Remixed,https://camisetasdefutbol.com.co/products/camiseta-argentina-local,100000,,Camiseta Argentina Local Remixed Adultos,https://lacabala.cl/products/camiseta-argentina-local-remixed-adultos-472,31990,"imagen_casi_identica(dhash=0,phash=2)",https://cdn.shopify.com/s/files/1/0965/9354/3474/files/img-1780746175116-0.jpg?v=1780746179
Selecciones,Argentina,Camiseta Argentina Terrace Icons Retro,https://camisetasdefutbol.com.co/products/camiseta-argentina-local-retro,120000,,Camiseta Argentina Icons 26/27 Adultos,https://lacabala.cl/products/camiseta-argentina-icons-26-27-adultos-475,27990,"imagen_casi_identica(dhash=0,phash=0)",https://cdn.shopify.com/s/files/1/0965/9354/3474/files/img-1780746194056-0.jpg?v=1780746199
Selecciones,Australia,Camiseta Australia 2026 Local,https://camisetasdefutbol.com.co/products/camiseta-australia-2026-local,100000,,Camiseta Australia Local 26/27 Adultos,https://lacabala.cl/products/camiseta-australia-local-26-27-adultos-481,27990,"imagen_casi_identica(dhash=1,phash=0)",https://cdn.shopify.com/s/files/1/0965/9354/3474/files/img-1780759006433-0.jpg?v=1780759010
Selecciones,Austria,Camiseta Austria 2026 Local,https://camisetasdefutbol.com.co/products/camiseta-austria-2026-local,100000,,Camiseta Austria Local 26/27 Adultos,https://lacabala.cl/products/camiseta-austria-local-26-27-adultos,27990,"imagen_casi_identica(dhash=1,phash=0)",https://cdn.shopify.com/s/files/1/0965/9354/3474/files/img-1780975344062-0.jpg?v=1780975348
Selecciones,Bosnia,Camiseta Bosnia 2026 Local,https://camisetasdefutbol.com.co/products/camiseta-bosnia-2026-local,100000,,Camiseta Bosnia Local 26/27 Adultos,https://lacabala.cl/products/camiseta-bosnia-local-26-27-adultos-484,27990,"imagen_casi_identica(dhash=0,phash=0)",https://cdn.shopify.com/s/files/1/0965/9354/3474/files/img-1780975372541-0.jpg?v=1780975376
Selecciones,Bosnia,Camiseta Bosnia 2026 Visitante,https://camisetasdefutbol.com.co/products/camiseta-bosnia-2026-visitante,100000,,Camiseta Bosnia Visitante 26/27 Adultos,https://lacabala.cl/products/camiseta-bosnia-visitante-26-27-adultos-485,27990,"imagen_casi_identica(dhash=1,phash=0)",https://cdn.shopify.com/s/files/1/0965/9354/3474/files/img-1780975464486-0.jpg?v=1780975468
Selecciones,Brasil,Camiseta Brasil 1971 Local Retro,https://camisetasdefutbol.com.co/products/camiseta-brasil-1971-local-retro,120000,,Camiseta Brasil 1971 Adultos,https://lacabala.cl/products/camiseta-brasil-1971-adultos-489,32990,"imagen_casi_identica(dhash=2,phash=0)",https://cdn.shopify.com/s/files/1/0965/9354/3474/files/img-1780746771824-0.jpg?v=1780746775
Selecciones,Brasil,Camiseta Brasil 2002 Visitante Manga Larga Retro,https://camisetasdefutbol.com.co/products/camiseta-brasil-2002-visitante-manga-larga-retro,135000,,Camiseta Brasil Visitante Manga Larga 2002 Adultos,https://lacabala.cl/products/camiseta-brasil-visitante-manga-larga-2002-adultos-502,34990,"imagen_casi_identica(dhash=0,phash=0)",https://cdn.shopify.com/s/files/1/0965/9354/3474/files/img-1788752095298-0.jpg?v=1788752097
Selecciones,Brasil,Camiseta Brasil 2026 Portero Manga Larga,https://camisetasdefutbol.com.co/products/camiseta-brasil-2026-portero-manga-larga,125000,,Camiseta Brasil Portero Manga Larga 26/27 Adultos,https://lacabala.cl/products/camiseta-brasil-portero-manga-larga-26-27-adultos-500,29990,"imagen_casi_identica(dhash=0,phash=0)",https://cdn.shopify.com/s/files/1/0965/9354/3474/files/img-1783301860596-0.jpg?v=1783301864
Selecciones,Brasil,Camiseta Brasil 2026 Portero Verde,https://camisetasdefutbol.com.co/products/camiseta-brasil-2026-portero-verde,110000,,Camiseta Brasil Portero 26/27 Adultos,https://lacabala.cl/products/camiseta-brasil-portero-26-27-adultos-499,27990,"imagen_casi_identica(dhash=0,phash=2)",https://cdn.shopify.com/s/files/1/0965/9354/3474/files/img-1783301680005-0.jpg?v=1783301683
Selecciones,Brasil,Camiseta Brasil 2026 Visitante,https://camisetasdefutbol.com.co/products/camiseta-brasil-2026-visitante,100000,,Camiseta Brasil Visitante 25/26 Adultos,https://lacabala.cl/products/camiseta-brasil-visitante-adultos,27990,"imagen_casi_identica(dhash=0,phash=0)",https://cdn.shopify.com/s/files/1/0965/9354/3474/files/download_419f495f-9559-4697-b86e-cafefce1d70b.jpg?v=1776655598
Selecciones,Bélgica,Camiseta Bélgica 2026 Local,https://camisetasdefutbol.com.co/products/camiseta-belgica-2026-local,100000,,Camiseta Bélgica Local 26/27 Adultos,https://lacabala.cl/products/camiseta-belgica-local-26-27-adultos-506,27990,"imagen_casi_identica(dhash=0,phash=0)",https://cdn.shopify.com/s/files/1/0965/9354/3474/files/download_bf3b0134-9c90-489e-9eae-64324b44dc64.jpg?v=1776655627
Selecciones,Cabo Verde,Camiseta Cabo Verde 2026 Local,https://camisetasdefutbol.com.co/products/camiseta-cabo-verde-2026-local,100000,,Camiseta Cabo Verde Local 26/27 Adultos,https://lacabala.cl/products/camiseta-cabo-verde-26-27-adultos,27990,"imagen_casi_identica(dhash=0,phash=2)",https://cdn.shopify.com/s/files/1/0965/9354/3474/files/f957c2d8b20ffef2af2b0db8d96771cd.jpg?v=1780547786
Selecciones,Cabo Verde,Camiseta Cabo Verde 2026 Visitante,https://camisetasdefutbol.com.co/products/camiseta-cabo-verde-2026-visitante,100000,,Camiseta Cabo Verde Visitante 26/27 Adultos,https://lacabala.cl/products/camiseta-cabo-verde-visitante-26-27-adultos,27990,"imagen_casi_identica(dhash=1,phash=0)",https://cdn.shopify.com/s/files/1/0965/9354/3474/files/img-1780975443349-0.jpg?v=1780975446
Selecciones,Cabo Verde,Equipación para niños 2026 Cabo Verde Visitante,https://camisetasdefutbol.com.co/products/equipacion-para-ninos-2026-cabo-verde-visitante,100000,,Camiseta + Short Cabo Verde Visitante 26/27 Niños,https://lacabala.cl/products/camiseta-short-cabo-verde-visitante-26-27-ninos,29990,"imagen_casi_identica(dhash=2,phash=0)",https://cdn.shopify.com/s/files/1/0965/9354/3474/files/img-1788018996144-0.jpg?v=1788018999
Selecciones,Canadá,Camiseta Canadá 2026 Local,https://camisetasdefutbol.com.co/products/camiseta-canada-2026-local,100000,,Camiseta Canadá Local 26/27 Adultos,https://lacabala.cl/products/camiseta-canada-local-26-27-adultos,27990,"imagen_casi_identica(dhash=0,phash=0)",https://cdn.shopify.com/s/files/1/0965/9354/3474/files/38dad1f77598bfe07706b52003436e14.jpg?v=1780547869
Selecciones,Canadá,"Camiseta Canadá 2026 Local, Versión Jugador",https://camisetasdefutbol.com.co/products/camiseta-canada-2026-local-version-jugador,110000,,Camiseta Canadá Local 26/27 Adultos [PLAYER VERSION],https://lacabala.cl/products/camiseta-canada-local-26-27-adultos-player-version-512,32990,"imagen_casi_identica(dhash=0,phash=0)",https://cdn.shopify.com/s/files/1/0965/9354/3474/files/img-1783732316680-0.jpg?v=1783732320
Selecciones,Canadá,Camiseta Canadá 2026 Portero Manga Larga,https://camisetasdefutbol.com.co/products/camiseta-canada-2026-portero-manga-larga,125000,,Camiseta Canadá Portero Manga Larga 26/27 Adultos,https://lacabala.cl/products/camiseta-canada-portero-manga-larga-26-27-adultos-513,29990,"imagen_casi_identica(dhash=0,phash=0)",https://cdn.shopify.com/s/files/1/0965/9354/3474/files/img-1783301853887-0.jpg?v=1783301857
Selecciones,Canadá,Camiseta Canadá 2026 Visitante,https://camisetasdefutbol.com.co/products/camiseta-canada-2026-visitante,100000,,Camiseta Canadá Visitante 26/27 Adultos,https://lacabala.cl/products/camiseta-canada-visitante-26-27-adultos,27990,"imagen_casi_identica(dhash=1,phash=2)",https://cdn.shopify.com/s/files/1/0965/9354/3474/files/img-1780975456647-0.jpg?v=1780975460
Selecciones,Chile,Camiseta Chile 2026 Local,https://camisetasdefutbol.com.co/products/camiseta-chile-2026-local,100000,,Camiseta Chile Local 26/27 Adultos,https://lacabala.cl/products/camiseta-chile-local-adultos,27990,"imagen_casi_identica(dhash=1,phash=0)",https://cdn.shopify.com/s/files/1/0965/9354/3474/files/415e4d41.jpg?v=1779165422
Selecciones,Chile,Camiseta Chile 2026 Visitante,https://camisetasdefutbol.com.co/products/camiseta-chile-2026-visitante,100000,,Camiseta Chile Visitante 26/27 Adultos,https://lacabala.cl/products/camiseta-chile-visitante-26-27-adultos,27990,"imagen_casi_identica(dhash=0,phash=0)",https://cdn.shopify.com/s/files/1/0965/9354/3474/files/img-1786684945728-0.jpg?v=1786684951
Selecciones,Colombia,Camiseta Colombia 2026 Local,https://camisetasdefutbol.com.co/products/camiseta-colombia-2026-local,100000,,Camiseta Colombia Local 26/27 Adultos,https://lacabala.cl/products/camiseta-colombia-local-adultos,27990,"imagen_casi_identica(dhash=0,phash=0)",https://cdn.shopify.com/s/files/1/0965/9354/3474/files/86ec827e.jpg?v=1779668383
Selecciones,Colombia,Camiseta Colombia 2026 Manga Larga Local,https://camisetasdefutbol.com.co/products/camiseta-colombia-2026-manga-larga-local,120000,,Camiseta Colombia Local 26/27 Adultos Manga Larga,https://lacabala.cl/products/camiseta-colombia-local-26-27-adultos-manga-larga,29990,"imagen_casi_identica(dhash=0,phash=0)",https://cdn.shopify.com/s/files/1/0965/9354/3474/files/01ca4cf5.jpg?v=1779666652
Selecciones,Colombia,Camiseta Colombia 2026 Versión Jugador Local,https://camisetasdefutbol.com.co/products/camiseta-colombia-2026-version-jugador-local,110000,,Camiseta Colombia Local 25/26 Adultos [PLAYER VERSION],https://lacabala.cl/products/camiseta-colombia-local-25-26-adultos-player-vesion-copia,32990,"imagen_casi_identica(dhash=1,phash=0)",https://cdn.shopify.com/s/files/1/0965/9354/3474/files/9714c7f8_1.jpg?v=1779666547
Selecciones,Colombia,Kit Niños Colombia 2026 Local,https://camisetasdefutbol.com.co/products/kit-ninos-colombia-2026-local,100000,,Camiseta + Short Colombia 26/27 Niños,https://lacabala.cl/products/camiseta-short-colombia-ninos,27990,"imagen_casi_identica(dhash=0,phash=0)",https://cdn.shopify.com/s/files/1/0965/9354/3474/files/download_53efc8c7-b3ad-4f9b-b503-cbe10807e354.jpg?v=1776655539
Selecciones,Corea del Sur,Camiseta Corea del Sur 2026 Local,https://camisetasdefutbol.com.co/products/camiseta-corea-del-sur-2026-local,100000,,Camiseta Corea del Sur Local 26/27 Adultos,https://lacabala.cl/products/camiseta-corea-del-sur-local-26-27-adultos,27990,"imagen_casi_identica(dhash=2,phash=2)",https://cdn.shopify.com/s/files/1/0965/9354/3474/files/Camiseta_Corea_del_Sur_2026_Local_front.jpg?v=1779153625
Selecciones,Corea del Sur,Camiseta Corea del Sur 2026 Visitante,https://camisetasdefutbol.com.co/products/camiseta-corea-del-sur-2026-visitante,100000,,Camiseta Corea del Sur Visitante 26/27 Adultos,https://lacabala.cl/products/camiseta-japon-local-26-27-adultos-copia,27990,imagen_principal_identica,https://cdn.shopify.com/s/files/1/0965/9354/3474/files/Camiseta_Corea_del_Sur_2026_Visitante_front.jpg?v=1779153632
Selecciones,Croacia,Camiseta Croacia 2026 Local,https://camisetasdefutbol.com.co/products/camiseta-croacia-2026-locals,100000,,Camiseta Croacia Local 26/27 Adultos,https://lacabala.cl/products/camiseta-croacia-local-25-26-adultos,27990,"imagen_casi_identica(dhash=2,phash=0)",https://cdn.shopify.com/s/files/1/0965/9354/3474/files/download_f76f01f5-5870-49b5-a1ac-4467b67da12a.jpg?v=1776655629
Selecciones,Croacia,"Camiseta Croacia 2026 Local, Versión Jugador",https://camisetasdefutbol.com.co/products/camiseta-croacia-2026-local-version-jugador,110000,,Camiseta Croacia Local 26/27 Adultos [PLAYER VERSION],https://lacabala.cl/products/camiseta-croacia-local-26-27-adultos-player-version-522,32990,"imagen_casi_identica(dhash=1,phash=0)",https://cdn.shopify.com/s/files/1/0965/9354/3474/files/img-1780747077714-0.jpg?v=1780747083
Selecciones,Curazao,Camiseta Curazao 2026 Local,https://camisetasdefutbol.com.co/products/camiseta-curazao-2026-local,100000,,Camiseta Curazao Local 26/27 Adultos,https://lacabala.cl/products/camiseta-curazao-local-26-27-adultos-524,27990,"imagen_casi_identica(dhash=0,phash=2)",https://cdn.shopify.com/s/files/1/0965/9354/3474/files/8f9266acab774ca38876bb7b31ed5827.jpg?v=1780547892
Selecciones,Curazao,Camiseta Curazao 2026 Visitante,https://camisetasdefutbol.com.co/products/camiseta-curazao-2026-visitante,100000,,Camiseta Curazao Visitante 26/27 Adultos,https://lacabala.cl/products/camiseta-curazao-visitante-26-27-adultos-525,27990,"imagen_casi_identica(dhash=1,phash=0)",https://cdn.shopify.com/s/files/1/0965/9354/3474/files/3200548d.jpg?v=1781997069
Selecciones,Ecuador,Camiseta Ecuador 2026 Local,https://camisetasdefutbol.com.co/products/camiseta-ecuador-2026-local,100000,,Camiseta Ecuador Local 26/27 Adultos,https://lacabala.cl/products/camiseta-ecuador-local-26-27-adultos-528,27990,"imagen_casi_identica(dhash=0,phash=0)",https://cdn.shopify.com/s/files/1/0965/9354/3474/files/Camiseta_Ecuador_2026_Local_front.jpg?v=1779153654
Selecciones,Ecuador,Camiseta Ecuador 2026 Visitante,https://camisetasdefutbol.com.co/products/camiseta-ecuador-2026-visitante,100000,,Camiseta Ecuador Visitante 26/27 Adultos,https://lacabala.cl/products/camiseta-ecuador-visitante-26-27-adultos-529,27990,"imagen_casi_identica(dhash=1,phash=2)",https://cdn.shopify.com/s/files/1/0965/9354/3474/files/Camiseta_Ecuador_2026_Visitante_front.jpg?v=1779153663
Selecciones,Egipto,Camiseta Egipto 2026 Visitante,https://camisetasdefutbol.com.co/products/camiseta-egipto-2026-visitante,100000,,Camiseta Egipto Visitante 26/27 Adultos,https://lacabala.cl/products/camiseta-egipto-visitante-26-27-adultos-532,27990,"imagen_casi_identica(dhash=0,phash=0)",https://cdn.shopify.com/s/files/1/0965/9354/3474/files/3acbac2b8810b59b74b20e955aa4cf48.jpg?v=1780547796
Selecciones,Escocia,Camiseta Escocia 2026 Local,https://camisetasdefutbol.com.co/products/camiseta-escocia-2026-local,100000,,Camiseta Escocia Local 26/27 Adultos,https://lacabala.cl/products/camiseta-escocia-local-26-27-adultos,27990,"imagen_casi_identica(dhash=1,phash=0)",https://cdn.shopify.com/s/files/1/0965/9354/3474/files/575e7234.jpg?v=1782002380
Selecciones,Escocia,"Camiseta Escocia 2026 Local, Versión Jugador",https://camisetasdefutbol.com.co/products/camiseta-escocia-2026-local-version-jugador,110000,,Camiseta Escocia Local 26/27 Adultos [PLAYER VERSION],https://lacabala.cl/products/camiseta-escocia-local-26-27-adultos-player-version,32990,"imagen_casi_identica(dhash=2,phash=0)",https://cdn.shopify.com/s/files/1/0965/9354/3474/files/img-1780747520921-0.jpg?v=1780747524
Selecciones,Escocia,Camiseta Escocia 2026 Visitante,https://camisetasdefutbol.com.co/products/camiseta-escocia-2026-visitante,100000,,Camiseta Escocia Visitante 26/27 Adultos,https://lacabala.cl/products/camiseta-escocia-visitante-26-27-adultos,27990,"imagen_casi_identica(dhash=0,phash=0)",https://cdn.shopify.com/s/files/1/0965/9354/3474/files/img-1780747528948-0.jpg?v=1780747533
Selecciones,España,Camiseta España 2026 Local para Mujer,https://camisetasdefutbol.com.co/products/camiseta-espana-2026,100000,,Camiseta España Local 26/27 Mujer,https://lacabala.cl/products/camiseta-espana-local-26-27-mujer,27990,"imagen_casi_identica(dhash=1,phash=0)",https://cdn.shopify.com/s/files/1/0965/9354/3474/files/esp-246645214-0.jpg?v=1784695187
Selecciones,España,Camiseta España 2026 Portero Azul,https://camisetasdefutbol.com.co/products/camiseta-espana-2026-portero-azul,110000,,Camiseta España Portero Local 26/27 Adultos,https://lacabala.cl/products/camiseta-espana-portero-local-26-27-adultos,27990,"imagen_casi_identica(dhash=1,phash=0)",https://cdn.shopify.com/s/files/1/0965/9354/3474/files/img-1783301874097-0.jpg?v=1783301879
Selecciones,España,Camiseta España 2026 Portero Rojo Manga Larga,https://camisetasdefutbol.com.co/products/camiseta-espana-2026-portero-rojo-manga-larga,125000,,Camiseta España Portero Visitante 26/27 Adultos,https://lacabala.cl/products/camiseta-espana-portero-visitante-26-27-adultos,27990,"imagen_casi_identica(dhash=0,phash=0)",https://cdn.shopify.com/s/files/1/0965/9354/3474/files/img-1783301493151-0.jpg?v=1783301496
Selecciones,España,Camiseta España 2026 Versión Jugador,https://camisetasdefutbol.com.co/products/camiseta-espana-2026-jugador,110000,,Camiseta España Local 26/27 Adultos [PLAYER VERSION],https://lacabala.cl/products/camiseta-espana-local-26-27-adultos-player-vesion,32990,"imagen_casi_identica(dhash=1,phash=2)",https://cdn.shopify.com/s/files/1/0965/9354/3474/files/esp-246645255-0.jpg?v=1784695178
Selecciones,España,Camiseta España 2026 Visitante,https://camisetasdefutbol.com.co/products/camiseta-espana-2026-visitante,100000,,Camiseta España Visitante 26/27 Adultos,https://lacabala.cl/products/camiseta-espana-visitante-adultos,28990,imagen_principal_identica,https://cdn.shopify.com/s/files/1/0965/9354/3474/files/esp-246645295-0.jpg?v=1784695174
Selecciones,España,Camiseta España 2026 Visitante para Mujer,https://camisetasdefutbol.com.co/products/camiseta-espana-2026-visitante-para-mujer,100000,,Camiseta España Visitante 26/27 Mujer,https://lacabala.cl/products/camiseta-espana-visitante-26-27-mujer,27990,imagen_principal_identica,https://cdn.shopify.com/s/files/1/0965/9354/3474/files/img-1784695208440-0.jpg?v=1784695212
Selecciones,España,"Camiseta España 2026 Visitante, Versión Jugador",https://camisetasdefutbol.com.co/products/camiseta-espana-2026-visitante-version-jugador,110000,,Camiseta España Visitante 26/27 Adultos [PLAYER VERSION],https://lacabala.cl/products/camiseta-espana-visitante-26-27-adultos-player-version-543,32990,"imagen_casi_identica(dhash=1,phash=0)",https://cdn.shopify.com/s/files/1/0965/9354/3474/files/esp-246645311-0.jpg?v=1784695182
Selecciones,Estados Unidos,Camiseta Estados Unidos 2026 Local,https://camisetasdefutbol.com.co/products/camiseta-estados-unidos-2026-local,100000,,Camiseta Estados Unidos Local 26/27 Adultos [PLAYER VERSION],https://lacabala.cl/products/camiseta-estados-unidos-local-26-27-adultos-player-version-551,32990,"imagen_casi_identica(dhash=0,phash=2)",https://cdn.shopify.com/s/files/1/0965/9354/3474/files/Camiseta_Estados_Unidos_2026_Local_front.jpg?v=1779153640
Selecciones,Estados Unidos,"Camiseta Estados Unidos 2026 Local, Versión Jugador",https://camisetasdefutbol.com.co/products/camiseta-estados-unidos-2026-local-version-jugador,110000,,Camiseta Estados Unidos Local 26/27 Adultos [PLAYER VERSION],https://lacabala.cl/products/camiseta-estados-unidos-local-26-27-adultos-player-version-551,32990,"imagen_casi_identica(dhash=0,phash=2)",https://cdn.shopify.com/s/files/1/0965/9354/3474/files/img-1786684987594-0.jpg?v=1786684991
Selecciones,Estados Unidos,Camiseta Estados Unidos 2026 Portero Manga Larga,https://camisetasdefutbol.com.co/products/camiseta-estados-unidos-2026-portero-manga-larga,125000,,Camiseta Estados Unidos Portero Manga Larga 26/27 Adultos,https://lacabala.cl/products/camiseta-estados-unidos-portero-manga-larga-26-27-adultos-553,29990,"imagen_casi_identica(dhash=2,phash=0)",https://cdn.shopify.com/s/files/1/0965/9354/3474/files/img-1783301818125-0.jpg?v=1783301822
Selecciones,Estados Unidos,Camiseta Estados Unidos 2026 Visitante,https://camisetasdefutbol.com.co/products/camiseta-estados-unidos-2026-visitante,100000,,Camiseta Estados Unidos Visitante 26/27 Adultos [PLAYER VERSION],https://lacabala.cl/products/camiseta-estados-unidos-visitante-26-27-adultos-player-version-555,32990,"imagen_casi_identica(dhash=0,phash=0)",https://cdn.shopify.com/s/files/1/0965/9354/3474/files/Camiseta_Estados_Unidos_2026_Visitante_front.jpg?v=1779153647
Selecciones,Estados Unidos,"Camiseta Estados Unidos 2026 Visitante, Versión Jugador",https://camisetasdefutbol.com.co/products/camiseta-estados-unidos-2026-visitante-version-jugador,110000,,Camiseta Estados Unidos Visitante 26/27 Adultos [PLAYER VERSION],https://lacabala.cl/products/camiseta-estados-unidos-visitante-26-27-adultos-player-version-555,32990,"imagen_casi_identica(dhash=0,phash=0)",https://cdn.shopify.com/s/files/1/0965/9354/3474/files/img-1783732222366-0.jpg?v=1783732225
Selecciones,Francia,Camiseta Francia 1994 Local Retro,https://camisetasdefutbol.com.co/products/camiseta-francia-1994-local-retro,120000,,Camiseta Francia 1994 Local Adultos,https://lacabala.cl/products/camiseta-francia-1994-local-adultos,31990,"imagen_casi_identica(dhash=1,phash=0)",https://cdn.shopify.com/s/files/1/0965/9354/3474/files/img-1780747234735-0.jpg?v=1780747240
Selecciones,Francia,Camiseta Francia 2018 Local Retro,https://camisetasdefutbol.com.co/products/camiseta-francia-2018-local-retro,120000,,Camiseta Francia Local 2018 Adultos,https://lacabala.cl/products/camiseta-francia-local-2018-adultos-558,32990,"imagen_casi_identica(dhash=0,phash=0)",https://cdn.shopify.com/s/files/1/0965/9354/3474/files/img-1781503068172-0.jpg?v=1781503071
Selecciones,Francia,Camiseta Francia 2026 Local,https://camisetasdefutbol.com.co/products/camiseta-francia-2026-local,100000,,Camiseta Francia Local 25/26 Adultos,https://lacabala.cl/products/camiseta-francia-local-adultos,27990,"imagen_casi_identica(dhash=0,phash=0)",https://cdn.shopify.com/s/files/1/0965/9354/3474/files/Francia_2026_Local_front.jpg?v=1779154048
Selecciones,Francia,Camiseta Francia 2026 Portero Manga Larga,https://camisetasdefutbol.com.co/products/camiseta-francia-2026-portero-manga-larga,125000,,Camiseta Francia Portero Manga Larga 26/27 Adultos,https://lacabala.cl/products/camiseta-francia-portero-manga-larga-26-27-adultos-560,29990,"imagen_casi_identica(dhash=0,phash=2)",https://cdn.shopify.com/s/files/1/0965/9354/3474/files/img-1783301833830-0.jpg?v=1783301837
Selecciones,Francia,Camiseta Francia 2026 Versión Jugador Local,https://camisetasdefutbol.com.co/products/camiseta-francia-2026-jugador,110000,,Camiseta Francia Local 26/27 Adultos [PLAYER VERSION],https://lacabala.cl/products/camiseta-francia-local-26-27-adultos-player-version,32990,"imagen_casi_identica(dhash=1,phash=0)",https://cdn.shopify.com/s/files/1/0965/9354/3474/files/download_a9fe3251-8071-4359-8a98-763b2ea2c785.jpg?v=1776655610
Selecciones,Francia,"Camiseta Francia 2026 Visitante, Versión Jugador",https://camisetasdefutbol.com.co/products/camiseta-francia-2026-visitante-version-jugador,110000,,Camiseta Francia Visitante 26/27 Adultos [PLAYER VERSION],https://lacabala.cl/products/camiseta-francia-visitante-26-27-adultos-player-version-561,32990,"imagen_casi_identica(dhash=0,phash=0)",https://cdn.shopify.com/s/files/1/0965/9354/3474/files/img-1780747207429-0.jpg?v=1780747212
Selecciones,Inglaterra,Camiseta Inglaterra 1990 Local Retro,https://camisetasdefutbol.com.co/products/camiseta-inglaterra-1990-local-retro,120000,,Camiseta Inglaterra 1990 Adultos,https://lacabala.cl/products/camiseta-inglaterra-1990-adultos,31990,"imagen_casi_identica(dhash=0,phash=0)",https://cdn.shopify.com/s/files/1/0965/9354/3474/files/img-1780747763372-0.jpg?v=1780747767
Selecciones,Inglaterra,Camiseta Inglaterra 2026 Local Versión Jugador,https://camisetasdefutbol.com.co/products/camiseta-inglaterra-2026-local-version-jugador-version,110000,,Camiseta Inglaterra Local 25/26 Adultos [PLAYER VERSION],https://lacabala.cl/products/camiseta-inglaterra-local-25-26-adultos-player-version,32990,"imagen_casi_identica(dhash=0,phash=0)",https://cdn.shopify.com/s/files/1/0965/9354/3474/files/download_33d64d26-2994-46e3-9929-6e296e2cb235.jpg?v=1776655624
Selecciones,Inglaterra,Camiseta Inglaterra 2026 Portero Manga Larga,https://camisetasdefutbol.com.co/products/camiseta-inglaterra-2026-portero-manga-larga,125000,,Camiseta Inglaterra Portero Manga Larga 26/27 Adultos,https://lacabala.cl/products/camiseta-inglaterra-portero-manga-larga-26-27-adultos-577,29990,"imagen_casi_identica(dhash=0,phash=0)",https://cdn.shopify.com/s/files/1/0965/9354/3474/files/img-1783301841700-0.jpg?v=1783301845
Selecciones,Inglaterra,Camiseta Inglaterra 2026 Visitante,https://camisetasdefutbol.com.co/products/camiseta-inglaterra-2026-visitante,100000,,Camiseta Inglaterra Visitante 26/27 Adultos,https://lacabala.cl/products/camiseta-inglaterra-visitante-26-27-adultos,27990,"imagen_casi_identica(dhash=1,phash=2)",https://cdn.shopify.com/s/files/1/0965/9354/3474/files/img-1780758834846-0.jpg?v=1780758839
Selecciones,Inglaterra,Camiseta Inglaterra 2026 Visitante Manga Larga,https://camisetasdefutbol.com.co/products/camiseta-inglaterra-2026-visitante-manga-larga,120000,,Camiseta Inglaterra Visitante Manga Larga 26/27 Adultos,https://lacabala.cl/products/camiseta-inglaterra-visitante-manga-larga-26-27-adultos-579,29990,"imagen_casi_identica(dhash=2,phash=0)",https://cdn.shopify.com/s/files/1/0965/9354/3474/files/Camiseta_Inglaterra_2026_Visitante_Manga_Larga_front.jpg?v=1779153731
Selecciones,Inglaterra,"Camiseta Inglaterra 2026 Visitante, Versión Jugador",https://camisetasdefutbol.com.co/products/camiseta-inglaterra-2026-visitante-version-jugador,110000,,Camiseta Inglaterra Visitante 26/27 Adultos [PLAYER VERSION],https://lacabala.cl/products/camiseta-inglaterra-visitante-26-27-adultos-player-version-580,32990,"imagen_casi_identica(dhash=0,phash=2)",https://cdn.shopify.com/s/files/1/0965/9354/3474/files/img-1780747771092-0.jpg?v=1780747775
Selecciones,Inglaterra,Camiseta Inglaterra 94/95 Local Retro,https://camisetasdefutbol.com.co/products/camiseta-inglaterra-94-95-local-retro,120000,,Camiseta Inglaterra 1994/95 Adultos,https://lacabala.cl/products/inglaterra-94-95,31990,"imagen_casi_identica(dhash=1,phash=2)",https://cdn.shopify.com/s/files/1/0965/9354/3474/files/img-1780747812816-0.jpg?v=1780747816
Selecciones,Italia,Camiseta Italia 1995 Local Retro,https://camisetasdefutbol.com.co/products/camiseta-italia-1995-local-retro,120000,,Camiseta Italia 1995 Local Adultos,https://lacabala.cl/products/camiseta-italia-1995-local-adultos,31990,"imagen_casi_identica(dhash=2,phash=0)",https://cdn.shopify.com/s/files/1/0965/9354/3474/files/img-1781502233981-0.jpg?v=1781502238
Selecciones,Italia,Camiseta Italia 2006 Local Retro,https://camisetasdefutbol.com.co/products/camiseta-italia-2006-local-retro,120000,,Camiseta Italia 2006 Local Adultos,https://lacabala.cl/products/italia-2006-local,31990,"imagen_casi_identica(dhash=0,phash=2)",https://cdn.shopify.com/s/files/1/0965/9354/3474/files/img-1781502253754-0.jpg?v=1781502259
Selecciones,Italia,Camiseta Italia 2012 Local Retro,https://camisetasdefutbol.com.co/products/camiseta-italia-2012-local-retro,120000,,Camiseta Italia Local 2012 Adultos,https://lacabala.cl/products/camiseta-italia-local-2012-adultos-588,32990,"imagen_casi_identica(dhash=0,phash=0)",https://cdn.shopify.com/s/files/1/0965/9354/3474/files/img-1781502242961-0.jpg?v=1781502247
Selecciones,Italia,Camiseta Italia 2026 Local,https://camisetasdefutbol.com.co/products/camiseta-italia-2026-local,100000,,Camiseta Italia Local 26/27 Adultos,https://lacabala.cl/products/camiseta-italia-local-adultos,27990,"imagen_casi_identica(dhash=0,phash=2)",https://cdn.shopify.com/s/files/1/0965/9354/3474/files/download_9490f3af-e89c-49d8-92a9-3d81134a9dc0.jpg?v=1776655648
Selecciones,Italia,Camiseta Italia 2026 Visitante,https://camisetasdefutbol.com.co/products/camiseta-italia-2026-visitante,100000,,Camiseta Italia Visitante 26/27 Adultos,https://lacabala.cl/products/camiseta-italia-visitante-adultos,27990,"imagen_casi_identica(dhash=0,phash=0)",https://cdn.shopify.com/s/files/1/0965/9354/3474/files/img-1786684979504-0.jpg?v=1786684984
Selecciones,Jamaica,"Camiseta Jamaica 2026 Visitante, Versión Jugador",https://camisetasdefutbol.com.co/products/camiseta-jamaica-2026-visitante-version-jugador,110000,,Camiseta Jamaica Visitante 26/27 Adultos [PLAYER VERSION],https://lacabala.cl/products/camiseta-jamaica-visitante-26-27-adultos-player-version-590,32990,"imagen_casi_identica(dhash=0,phash=0)",https://cdn.shopify.com/s/files/1/0965/9354/3474/files/img-1783732249034-0.jpg?v=1783732252
Selecciones,Japón,Camiseta Japón 2026 Local,https://camisetasdefutbol.com.co/products/camiseta-japon-2026-local,100000,,Camiseta Japón Local 26/27 Adultos,https://lacabala.cl/products/camiseta-japon-local-26-27-adultos,27990,"imagen_casi_identica(dhash=2,phash=0)",https://cdn.shopify.com/s/files/1/0965/9354/3474/files/download_1194c659-0bb0-4dac-b8d0-e9ea407bca19.jpg?v=1776655631
Selecciones,Japón,Camiseta Japón 2026 Local Versión Jugador versión,https://camisetasdefutbol.com.co/products/camiseta-japon-2026-local-version-jugador-version,110000,,Camiseta Japón Local 26/27 Adultos [PLAYER VERSION],https://lacabala.cl/products/camiseta-japon-local-26-27-adultos-player-version,32990,"imagen_casi_identica(dhash=0,phash=0)",https://cdn.shopify.com/s/files/1/0965/9354/3474/files/download_5f772475-48a9-4d85-b225-5eb059288e48.jpg?v=1776655633
Selecciones,Japón,"Camiseta Japón 2026 Visitante, Versión Jugador",https://camisetasdefutbol.com.co/products/camiseta-japon-2026-visitante-version-jugador,110000,,Camiseta Japón Visitante 26/27 Adultos [PLAYER VERSION],https://lacabala.cl/products/camiseta-japon-visitante-26-27-adultos-player-version-625,32990,"imagen_casi_identica(dhash=0,phash=0)",https://cdn.shopify.com/s/files/1/0965/9354/3474/files/img-1780758990273-0.jpg?v=1780758994
Selecciones,Japón,Camiseta de Japón Visitante Versión Jugador,https://camisetasdefutbol.com.co/products/camiseta-de-japon-visitante-player-version,110000,,Camiseta Japón Visitante 26/27 Adultos [PLAYER VERSION],https://lacabala.cl/products/camiseta-japon-visitante-26-27-adultos-player-version-625,32990,"imagen_casi_identica(dhash=0,phash=0)",https://cdn.shopify.com/s/files/1/0965/9354/3474/files/e9ebbe11.jpg?v=1782839971
Selecciones,Marruecos,Camiseta Marruecos 2026 Local,https://camisetasdefutbol.com.co/products/camiseta-marruecos-2026-local,100000,,Camiseta Marruecos Local 26/27 Adultos,https://lacabala.cl/products/camiseta-marruecos-local-26-27-adultos-628,27990,"imagen_casi_identica(dhash=1,phash=0)",https://cdn.shopify.com/s/files/1/0965/9354/3474/files/download_3d52afad-06de-448a-951d-6ef99886d3d1.jpg?v=1776655670
Selecciones,Marruecos,"Camiseta Marruecos 2026 Visitante, Versión Jugador",https://camisetasdefutbol.com.co/products/camiseta-marruecos-2026-visitante-version-jugador,110000,,Camiseta Marruecos Visitante 26/27 Adultos [PLAYER VERSION],https://lacabala.cl/products/camiseta-marruecos-visitante-26-27-adultos-player-version-629,32990,"imagen_casi_identica(dhash=0,phash=2)",https://cdn.shopify.com/s/files/1/0965/9354/3474/files/img-1780759493572-0.jpg?v=1780759498
Selecciones,México,Camiseta México 2010 Local Retro,https://camisetasdefutbol.com.co/products/camiseta-mexico-2010-local-retro,120000,,Camiseta México Local 2010 Adultos,https://lacabala.cl/products/camiseta-mexico-local-2010-adultos-632,32990,"imagen_casi_identica(dhash=1,phash=0)",https://cdn.shopify.com/s/files/1/0965/9354/3474/files/img-1780759908718-0.jpg?v=1780759912
Selecciones,México,Camiseta México 2026 Local,https://camisetasdefutbol.com.co/products/camiseta-mexico-2026-local,100000,,Camiseta México Local 26/27 Adultos,https://lacabala.cl/products/camiseta-mexico-local-26-27-adultos,27990,"imagen_casi_identica(dhash=1,phash=2)",https://cdn.shopify.com/s/files/1/0965/9354/3474/files/f134b054.jpg?v=1779165971
Selecciones,México,Camiseta México 2026 Remixed Verde,https://camisetasdefutbol.com.co/products/camiseta-mexico-2026-remixed-verde,100000,,Camiseta México Remixed Adultos,https://lacabala.cl/products/camiseta-mexico-remixed-adultos-635,34990,"imagen_casi_identica(dhash=1,phash=0)",https://cdn.shopify.com/s/files/1/0965/9354/3474/files/img-1780759692187-0.jpg?v=1780759695
Selecciones,México,Camiseta México 2026 Visitante,https://camisetasdefutbol.com.co/products/camiseta-mexico-2026-visitante,100000,,Camiseta México Visitante 26/27 Adultos,https://lacabala.cl/products/camiseta-mexico-visitante-26-27-adultos,27990,"imagen_casi_identica(dhash=0,phash=0)",https://cdn.shopify.com/s/files/1/0965/9354/3474/files/img-1780759753970-0.jpg?v=1780759757
Selecciones,Noruega,Camiseta Noruega 2026 Local,https://camisetasdefutbol.com.co/products/camiseta-noruega-2026-local,100000,,Camiseta Noruega Local 26/27 Adultos,https://lacabala.cl/products/camiseta-noruega-local-26-27-adultos-copia,27990,"imagen_casi_identica(dhash=1,phash=0)",https://cdn.shopify.com/s/files/1/0965/9354/3474/files/24fb1541b2d679992e06b23d573b2386.jpg?v=1780547745
Selecciones,Noruega,Camiseta Noruega 2026 Visitante,https://camisetasdefutbol.com.co/products/camiseta-noruega-2026-visitante,100000,,Camiseta Noruega Visitante 26/27 Adultos,https://lacabala.cl/products/camiseta-noruega-visitante-26-27-adultos,27990,"imagen_casi_identica(dhash=0,phash=2)",https://cdn.shopify.com/s/files/1/0965/9354/3474/files/img-1780975437003-0.jpg?v=1780975440
Selecciones,Noruega,Camiseta Noruega Blanca Concept,https://camisetasdefutbol.com.co/products/camiseta-noruega-blanca-concept,100000,,Camiseta Noruega Local Tercera 26/27 Adultos,https://lacabala.cl/products/camiseta-noruega-local-tercera-26-27-adultos,27990,"imagen_casi_identica(dhash=0,phash=0)",https://cdn.shopify.com/s/files/1/0965/9354/3474/files/img-1783873934761-0.jpg?v=1783873938
Selecciones,Paraguay,Camiseta Paraguay 2026 Local,https://camisetasdefutbol.com.co/products/camiseta-paraguay-2026-local,100000,,Camiseta Paraguay Local 26/27 Adultos,https://lacabala.cl/products/camiseta-paraguay-local-26-27-adultos,27990,"imagen_casi_identica(dhash=0,phash=0)",https://cdn.shopify.com/s/files/1/0965/9354/3474/files/Camiseta_Paraguay_2026_Local_front.jpg?v=1779153670
Selecciones,Paraguay,Camiseta Paraguay 2026 Visitante,https://camisetasdefutbol.com.co/products/camiseta-paraguay-2026-visitante,100000,,Camiseta Paraguay Visitante 26/27 Adultos,https://lacabala.cl/products/camiseta-paraguay-visitante-26-27-adultos-644,27990,"imagen_casi_identica(dhash=0,phash=0)",https://cdn.shopify.com/s/files/1/0965/9354/3474/files/img-1780746931811-0.jpg?v=1780746935
Selecciones,Países Bajos,Camiseta Países Bajos 2026 Local,https://camisetasdefutbol.com.co/products/camiseta-paises-bajos-2026-local,100000,,Camiseta Países Bajos Visitante 26/27 Adultos,https://lacabala.cl/products/camiseta-paises-bajos-visitante-26-27-adultos,27990,"imagen_casi_identica(dhash=0,phash=0)",https://cdn.shopify.com/s/files/1/0965/9354/3474/files/Camiseta_Paises_Bajos_2026_Local_front.jpg?v=1779153610
Selecciones,Países Bajos,"Camiseta Países Bajos 2026 Local, Versión Jugador",https://camisetasdefutbol.com.co/products/camiseta-paises-bajos-2026-local-version-jugador,110000,,Camiseta Países Bajos Local 26/27 Adultos [PLAYER VERSION],https://lacabala.cl/products/camiseta-paises-bajos-local-26-27-adultos-player-version-649,32990,"imagen_casi_identica(dhash=0,phash=2)",https://cdn.shopify.com/s/files/1/0965/9354/3474/files/img-1780747348290-0.jpg?v=1780747352
Selecciones,Países Bajos,Camiseta Países Bajos 2026 Portero Manga Larga,https://camisetasdefutbol.com.co/products/camiseta-paises-bajos-2026-portero-manga-larga,125000,,Camiseta Países Bajos Portero Manga Larga 26/27 Adultos,https://lacabala.cl/products/camiseta-paises-bajos-portero-manga-larga-26-27-adultos-650,29990,"imagen_casi_identica(dhash=0,phash=0)",https://cdn.shopify.com/s/files/1/0965/9354/3474/files/img-1783301825342-0.jpg?v=1783301829
Selecciones,Países Bajos,Camiseta Países Bajos 2026 Visitante,https://camisetasdefutbol.com.co/products/camiseta-paises-bajos-2026-visitante,100000,,Camiseta Países Bajos Local 26/27 Adultos,https://lacabala.cl/products/camiseta-paises-bajos-local-25-26-adultos,27990,"imagen_casi_identica(dhash=0,phash=0)",https://cdn.shopify.com/s/files/1/0965/9354/3474/files/Camiseta_Paises_Bajos_2026_Visitante_front.jpg?v=1779153618
Selecciones,Países Bajos,"Camiseta Países Bajos 2026 Visitante, Versión Jugador",https://camisetasdefutbol.com.co/products/camiseta-paises-bajos-2026-visitante-version-jugador,110000,,Camiseta Países Bajos Visitante 26/27 Adultos [PLAYER VERSION],https://lacabala.cl/products/camiseta-paises-bajos-visitante-26-27-adultos-player-version-651,32990,"imagen_casi_identica(dhash=0,phash=0)",https://cdn.shopify.com/s/files/1/0965/9354/3474/files/img-1780747356454-0.jpg?v=1780747360
Selecciones,Países Bajos,Camiseta Países Bajos 78/80 Local Retro,https://camisetasdefutbol.com.co/products/camiseta-paises-bajos-78-80-local-retro,120000,,Camiseta Paises Bajos 1978/80 Adultos,https://lacabala.cl/products/camiseta-paises-bajos-1978-80-adultos,31990,"imagen_casi_identica(dhash=1,phash=0)",https://cdn.shopify.com/s/files/1/0965/9354/3474/files/img-1780747272091-0.jpg?v=1780747276
Selecciones,Países Bajos,Camiseta Países Bajos 97/98 Local Retro,https://camisetasdefutbol.com.co/products/camiseta-paises-bajos-97-98-local-retro,120000,,Camiseta Países Bajos 1997/98 Adultos,https://lacabala.cl/products/camiseta-paises-bajos-1997-98-adultos-645,32990,"imagen_casi_identica(dhash=0,phash=0)",https://cdn.shopify.com/s/files/1/0965/9354/3474/files/img-1780747409003-0.jpg?v=1780747413
Selecciones,Portugal,Camiseta 2022 Versión Jugador Portugal Mundial Local,https://camisetasdefutbol.com.co/products/camiseta-2022-version-jugador-portugal-mundial-local,110000,,Camiseta Portugal Local 2022 Adultos [PLAYER VERSION],https://lacabala.cl/products/camiseta-portugal-local-2022-adultos-player-version-662,32990,"imagen_casi_identica(dhash=0,phash=0)",https://cdn.shopify.com/s/files/1/0965/9354/3474/files/download_2f16b150-76d1-4234-b9d6-09fbbaff0244.jpg?v=1776654803
Selecciones,Portugal,Camiseta Portugal 2004 Local Retro,https://camisetasdefutbol.com.co/products/camiseta-portugal-2004-local-retro,120000,,Camiseta Portugal Local 2006 Adultos,https://lacabala.cl/products/camiseta-portugal-local-2006-adultos-659,32990,"imagen_casi_identica(dhash=0,phash=2)",https://cdn.shopify.com/s/files/1/0965/9354/3474/files/img-1786684920513-0.jpg?v=1786684924
Selecciones,Portugal,Camiseta Portugal 2014 Local Retro,https://camisetasdefutbol.com.co/products/camiseta-portugal-2014-local-retro,120000,,Camiseta Portugal 2014 Adultos,https://lacabala.cl/products/camiseta-portugal-2014-adultos-657,32990,"imagen_casi_identica(dhash=0,phash=0)",https://cdn.shopify.com/s/files/1/0965/9354/3474/files/img-1780748603626-0.jpg?v=1780748608
Selecciones,Portugal,Camiseta Portugal 2016 Visitante Retro,https://camisetasdefutbol.com.co/products/camiseta-portugal-2016-visitante-retro,120000,,Camiseta Portugal Visitante 2016 Adultos,https://lacabala.cl/products/camiseta-portugal-visitante-2016-adultos-663,32990,"imagen_casi_identica(dhash=1,phash=0)",https://cdn.shopify.com/s/files/1/0965/9354/3474/files/img-1780748907329-0.jpg?v=1780748911
Selecciones,Portugal,Camiseta Portugal 2018 Local Retro,https://camisetasdefutbol.com.co/products/camiseta-portugal-2018-local-retro,120000,,Camiseta Portugal Local 2018 Adultos,https://lacabala.cl/products/camiseta-portugal-local-2018-adultos-661,32990,"imagen_casi_identica(dhash=1,phash=2)",https://cdn.shopify.com/s/files/1/0965/9354/3474/files/img-1780748629650-0.jpg?v=1780748633
Selecciones,Portugal,Camiseta Portugal 2022 Local Retro,https://camisetasdefutbol.com.co/products/camiseta-portugal-2022-local-retro,120000,,Camiseta Portugal Local 2022 Adultos [PLAYER VERSION],https://lacabala.cl/products/camiseta-portugal-local-2022-adultos-player-version-662,32990,"imagen_casi_identica(dhash=0,phash=0)",https://cdn.shopify.com/s/files/1/0965/9354/3474/files/img-1780748898917-0.jpg?v=1780748902
Selecciones,Portugal,Camiseta Portugal 2022 Visitante Retro,https://camisetasdefutbol.com.co/products/camiseta-portugal-2022-visitante-retro,120000,,Camiseta Portugal Visitante 2022 Adultos [PLAYER VERSION],https://lacabala.cl/products/camiseta-portugal-visitante-2022-adultos-player-version-664,32990,"imagen_casi_identica(dhash=2,phash=0)",https://cdn.shopify.com/s/files/1/0965/9354/3474/files/img-1780748891587-0.jpg?v=1780748895
Selecciones,Portugal,Camiseta Portugal 2026 Edición Especial Blanco,https://camisetasdefutbol.com.co/products/camiseta-portugal-2026-edicion-especial-blanco,100000,,Camiseta Portugal Edición Especial Blanca 26/27 Adultos,https://lacabala.cl/products/camiseta-portugal-edicion-especial-blanca-26-27-adultos,27990,"imagen_casi_identica(dhash=1,phash=0)",https://cdn.shopify.com/s/files/1/0965/9354/3474/files/img-1780749064048-0.jpg?v=1780749067
Selecciones,Portugal,Camiseta Portugal 2026 Local,https://camisetasdefutbol.com.co/products/camiseta-portugal-2026-local,100000,,Camiseta Portugal Local 26/27 Adultos,https://lacabala.cl/products/camiseta-portugal-local-adultos,27990,"imagen_casi_identica(dhash=0,phash=2)",https://cdn.shopify.com/s/files/1/0965/9354/3474/files/0e7e842b.jpg?v=1779165262
Selecciones,Portugal,Camiseta Portugal 2026 Portero Verde,https://camisetasdefutbol.com.co/products/camiseta-portugal-2026-portero-verde,110000,,Camiseta Portugal Portero Local 26/27 Adultos,https://lacabala.cl/products/camiseta-portugal-portero-local-26-27-adultos,27990,"imagen_casi_identica(dhash=1,phash=0)",https://cdn.shopify.com/s/files/1/0965/9354/3474/files/img-1783301581560-0.jpg?v=1783301585
Selecciones,Portugal,Camiseta Portugal 2026 Versión Jugador Local,https://camisetasdefutbol.com.co/products/camiseta-portugal-2026-version-jugador-local,110000,,Camiseta Portugal Local 26/27 Adultos [PLAYER VERSION],https://lacabala.cl/products/camiseta-bayern-munich-125-aniversario-25-26-adultos-copia,32990,"imagen_casi_identica(dhash=1,phash=0)",https://cdn.shopify.com/s/files/1/0965/9354/3474/files/download_fb6d8879-896d-46f3-97f7-8c18fa801b99.jpg?v=1776655667
Selecciones,Portugal,Camiseta Portugal 2026 Visitante,https://camisetasdefutbol.com.co/products/camiseta-portugal-2026-visitante,100000,,Camiseta Portugal Visitante 25/26 Adultos,https://lacabala.cl/products/camiseta-portugal-visitante-25-26-adultos-1,27990,"imagen_casi_identica(dhash=1,phash=0)",https://cdn.shopify.com/s/files/1/0965/9354/3474/files/img-1780748658986-0.jpg?v=1780748662
Selecciones,Portugal,"Camiseta Portugal 2026 Visitante, Versión Jugador",https://camisetasdefutbol.com.co/products/camiseta-portugal-2026-visitante-version-jugador,110000,,Camiseta Portugal Visitante 26/27 Adultos [PLAYER VERSION],https://lacabala.cl/products/camiseta-portugal-visitante-26-27-adultos-player-vesion,32990,"imagen_casi_identica(dhash=1,phash=0)",https://cdn.shopify.com/s/files/1/0965/9354/3474/files/img-1780748641911-0.jpg?v=1780748645
Selecciones,Qatar,Camiseta Catar 2026 Local,https://camisetasdefutbol.com.co/products/camiseta-catar-2026-local,100000,,Camiseta Qatar Local 26/27 Adultos,https://lacabala.cl/products/camiseta-qatar-local-26-27-adultos-668,27990,"imagen_casi_identica(dhash=2,phash=0)",https://cdn.shopify.com/s/files/1/0965/9354/3474/files/img-1780975365642-0.jpg?v=1780975369
Selecciones,Qatar,Camiseta Catar 2026 Visitante,https://camisetasdefutbol.com.co/products/camiseta-catar-2026-visitante,100000,,Camiseta Qatar Visitante 26/27 Adultos,https://lacabala.cl/products/camiseta-qatar-visitante-26-27-adultos-669,27990,"imagen_casi_identica(dhash=1,phash=0)",https://cdn.shopify.com/s/files/1/0965/9354/3474/files/ce5f8f3c25f8a0e2b6bb719985bbb3a6.jpg?v=1780547835
Selecciones,RD Congo,Camiseta RD Congo 2026 Local,https://camisetasdefutbol.com.co/products/camiseta-rd-congo-2026-local,100000,,Camiseta Congo Local 26/27 Adultos,https://lacabala.cl/products/camiseta-congo-local-26-27-adultos-517,27990,"imagen_casi_identica(dhash=1,phash=2)",https://cdn.shopify.com/s/files/1/0965/9354/3474/files/141d0fb5_1.jpg?v=1785198216
Selecciones,República Checa,Camiseta 2026 República Checa Visitante,https://camisetasdefutbol.com.co/products/camiseta-republica-checa-2026-visitante,100000,,Camiseta República Checa Visitante 26/27 Adultos,https://lacabala.cl/products/camiseta-republica-checa-visitante-26-27-adultos-671,27990,"imagen_casi_identica(dhash=1,phash=0)",https://cdn.shopify.com/s/files/1/0965/9354/3474/files/5c25eef4b2738f0ac984ffeca80c49c4.jpg?v=1778301311
Selecciones,República Checa,Camiseta República Checa 2026 Local,https://camisetasdefutbol.com.co/products/camiseta-republica-checa-2026-local,100000,,Camiseta República Checa Local 26/27 Adultos,https://lacabala.cl/products/camiseta-republica-checa-local-26-27-adultos-670,27990,"imagen_casi_identica(dhash=2,phash=2)",https://cdn.shopify.com/s/files/1/0965/9354/3474/files/img-1780975351385-0.jpg?v=1780975354
Selecciones,Senegal,Camiseta Senegal 2026 Local,https://camisetasdefutbol.com.co/products/camiseta-senegal-2026-local,100000,,Camiseta Senegal Local 26/27 Adultos,https://lacabala.cl/products/camiseta-senegal-local-26-27-adultos-672,27990,"imagen_casi_identica(dhash=0,phash=0)",https://cdn.shopify.com/s/files/1/0965/9354/3474/files/download_e9b6ea6d-9f01-433f-b80f-9f3901f7929f.jpg?v=1776655674
Selecciones,Senegal,Camiseta Senegal 2026 Visitante,https://camisetasdefutbol.com.co/products/camiseta-senegal-2026-visitante,100000,,Camiseta Senegal Visitante 26/27 Adultos,https://lacabala.cl/products/camiseta-senegal-visitante-26-27-adultos-673,27990,"imagen_casi_identica(dhash=1,phash=2)",https://cdn.shopify.com/s/files/1/0965/9354/3474/files/img-1780759548633-0.jpg?v=1780759552
Selecciones,Sudáfrica,Camiseta Sudáfrica 2026 Visitante,https://camisetasdefutbol.com.co/products/camiseta-sudafrica-2026-visitante,100000,,Camiseta Sudáfrica Visitante 26/27 Adultos,https://lacabala.cl/products/camiseta-sudafrica-visitante-26-27-adultos-675,27990,"imagen_casi_identica(dhash=0,phash=0)",https://cdn.shopify.com/s/files/1/0965/9354/3474/files/b246e380.jpg?v=1782002726
Selecciones,Sudáfrica,"Camiseta Sudáfrica 2026 Visitante, Versión Jugador",https://camisetasdefutbol.com.co/products/camiseta-sudafrica-2026-visitante-version-jugador,110000,,Camiseta Sudáfrica Visitante 26/27 Adultos [PLAYER VERSION],https://lacabala.cl/products/camiseta-sudafrica-visitante-26-27-adultos-player-version-676,32990,"imagen_casi_identica(dhash=2,phash=0)",https://cdn.shopify.com/s/files/1/0965/9354/3474/files/img-1783732235785-0.jpg?v=1783732239
Selecciones,Suecia,Camiseta Suecia 2026 Local,https://camisetasdefutbol.com.co/products/camiseta-suecia-2026-local,100000,,Camiseta Suecia Local 26/27 Adultos,https://lacabala.cl/products/camiseta-suecia-local-26-27-adultos-679,27990,"imagen_casi_identica(dhash=0,phash=0)",https://cdn.shopify.com/s/files/1/0965/9354/3474/files/e3b105317a44bd0bc621bee8237c5a4d.jpg?v=1780547754
Selecciones,Suecia,Camiseta Suecia 2026 Visitante,https://camisetasdefutbol.com.co/products/camiseta-suecia-2026-visitante,100000,,Camiseta Suecia Visitante 26/27 Adultos,https://lacabala.cl/products/camiseta-suecia-visitante-26-27-adultos-680,27990,"imagen_casi_identica(dhash=1,phash=2)",https://cdn.shopify.com/s/files/1/0965/9354/3474/files/3e323c2c6dd735bc244a9f6acc76cbf1.jpg?v=1780547763
Selecciones,Suecia,Camiseta Suecia 26/27 Visitante,https://camisetasdefutbol.com.co/products/camiseta-suecia-26-27-visitante,100000,,Camiseta Suecia Visitante 26/27 Adultos,https://lacabala.cl/products/camiseta-suecia-visitante-26-27-adultos-680,27990,"imagen_casi_identica(dhash=1,phash=2)",https://cdn.shopify.com/s/files/1/0965/9354/3474/files/img-1783228911642-0.jpg?v=1783228915
Selecciones,Suiza,Camiseta Suiza 2026 Local,https://camisetasdefutbol.com.co/products/camiseta-suiza-2026-local,100000,,Camiseta Suiza Local 26/27 Adultos [PLAYER VERSION],https://lacabala.cl/products/camiseta-suiza-local-26-27-adultos-player-version-683,32990,"imagen_casi_identica(dhash=1,phash=0)",https://cdn.shopify.com/s/files/1/0965/9354/3474/files/aefe9622ef788fce76858108cf754850.jpg?v=1780547770
Selecciones,Suiza,"Camiseta Suiza 2026 Local, Versión Jugador",https://camisetasdefutbol.com.co/products/camiseta-suiza-2026-local-version-jugador,110000,,Camiseta Suiza Local 26/27 Adultos [PLAYER VERSION],https://lacabala.cl/products/camiseta-suiza-local-26-27-adultos-player-version-683,32990,"imagen_casi_identica(dhash=1,phash=0)",https://cdn.shopify.com/s/files/1/0965/9354/3474/files/img-1783732281760-0.jpg?v=1783732285
Selecciones,Suiza,Camiseta Suiza 2026 Visitante,https://camisetasdefutbol.com.co/products/camiseta-suiza-2026-visitante,100000,,Camiseta Suiza Visitante 26/27 Adultos,https://lacabala.cl/products/camiseta-suiza-visitante-26-27-adultos-684,27990,"imagen_casi_identica(dhash=2,phash=0)",https://cdn.shopify.com/s/files/1/0965/9354/3474/files/16a84f0b1b24d5c9a45d85a44edcae5b.jpg?v=1780547777
Selecciones,Uruguay,Camiseta Uruguay 2026 Local,https://camisetasdefutbol.com.co/products/camiseta-uruguay-2026-local,100000,,Camiseta Uruguay Local 26/27 Adultos,https://lacabala.cl/products/camiseta-uruguay-local-25-26-adultos,27990,"imagen_casi_identica(dhash=1,phash=0)",https://cdn.shopify.com/s/files/1/0965/9354/3474/files/download_f6febd37-fca8-4f87-b11d-f14b8a75e9cb.jpg?v=1776655644
Selecciones,Uruguay,"Camiseta Uruguay 2026 Local, Versión Jugador",https://camisetasdefutbol.com.co/products/camiseta-uruguay-2026-local-version-jugador,110000,,Camiseta Uruguay Local 26/27 Adultos [PLAYER VERSION],https://lacabala.cl/products/camiseta-uruguay-local-26-27-adultos-player-version-687,32990,"imagen_casi_identica(dhash=0,phash=0)",https://cdn.shopify.com/s/files/1/0965/9354/3474/files/img-1780746959197-0.jpg?v=1780746963
Selecciones,Venezuela,Camiseta Venezuela 1998 Visitante Retro,https://camisetasdefutbol.com.co/products/camiseta-venezuela-1998-visitante-retro,120000,,Camiseta Venezuela Local 1998 Adultos,https://lacabala.cl/products/camiseta-venezuela-local-1998-adultos-690,32990,"imagen_casi_identica(dhash=2,phash=0)",https://cdn.shopify.com/s/files/1/0965/9354/3474/files/img-1786161849466-0.jpg?v=1786161853
Selecciones,Venezuela,Camiseta Venezuela 2026 Local,https://camisetasdefutbol.com.co/products/camiseta-venezuela-2026-local,100000,,Camiseta Venezuela Local 26/27 Adultos,https://lacabala.cl/products/camiseta-venezuela-local-25-26-adultos,27990,"imagen_casi_identica(dhash=0,phash=0)",https://cdn.shopify.com/s/files/1/0965/9354/3474/files/img-1786684971968-0.jpg?v=1786684976
Oasis,Oasis,Camiseta Oasis 1996 Retro Azul,https://camisetasdefutbol.com.co/products/camiseta-oasis-1996-retro-azul,120000,,Camiseta Oasis Band Retro Blue Adultos,https://lacabala.cl/products/camiseta-oasis-band-retro-blue-adultos,31990,"imagen_casi_identica(dhash=1,phash=0)",https://cdn.shopify.com/s/files/1/0965/9354/3474/files/img-1784400973051-0.jpg?v=1784400976
Oasis,Oasis,Camiseta Oasis 1996 Retro Rosa,https://camisetasdefutbol.com.co/products/camiseta-oasis-1996-retro-rosa,120000,,Camiseta Oasis Band Retro Pink 1996 Adultos,https://lacabala.cl/products/camiseta-oasis-band-retro-pink-1996-adultos,31990,"imagen_casi_identica(dhash=1,phash=0)",https://cdn.shopify.com/s/files/1/0965/9354/3474/files/img-1784400979013-0.jpg?v=1784400983
Oasis,Oasis,Camiseta Oasis Live '25 Azul,https://camisetasdefutbol.com.co/products/camiseta-oasis-live-25-azul,120000,,Camiseta Oasis Band Retro Celeste Adultos,https://lacabala.cl/products/camiseta-oasis-band-retro-celeste-adultos-695,27990,"imagen_casi_identica(dhash=2,phash=2)",https://cdn.shopify.com/s/files/1/0965/9354/3474/files/img-1784400949937-0.jpg?v=1784400954
Oasis,Oasis,Camiseta Oasis Live '25 Blanca,https://camisetasdefutbol.com.co/products/camiseta-oasis-live-25-blanca,120000,,Camiseta Oasis Band Retro Blanco Adultos,https://lacabala.cl/products/camiseta-oasis-band-retro-blanco-adultos-696,27990,"imagen_casi_identica(dhash=0,phash=0)",https://cdn.shopify.com/s/files/1/0965/9354/3474/files/img-1784400956123-0.jpg?v=1784400959
Oasis,Oasis,Camiseta Oasis Live '25 Negra,https://camisetasdefutbol.com.co/products/camiseta-oasis-live-25-negra,120000,,Camiseta Oasis Band Retro Negro Adultos,https://lacabala.cl/products/camiseta-oasis-band-retro-negro-adultos-693,27990,"imagen_casi_identica(dhash=0,phash=2)",https://cdn.shopify.com/s/files/1/0965/9354/3474/files/img-1784400961383-0.jpg?v=1784400964
Otras Ligas,AFC Richmond,Camiseta AFC Richmond Local - Ted Lasso,https://camisetasdefutbol.com.co/products/camiseta-afc-richmond-local,120000,,Camiseta AFC Richmond Local - Ted Lasso,https://lacabala.cl/products/camiseta-afc-richmond-local-ted-lasso,31990,imagen_principal_mismo_archivo,https://cdn.shopify.com/s/files/1/0965/9354/3474/files/richmond-frente.png?v=1783729421
Otras Ligas,Al Nassr,Camiseta Al-Nassr 26/27 Local,https://camisetasdefutbol.com.co/products/camiseta-al-nassr-26-27-local,100000,,Camiseta Al Nassr Local 26/27 Adultos,https://lacabala.cl/products/camiseta-al-nassr-local-26-27-adultos-412,27990,"imagen_casi_identica(dhash=1,phash=0)",https://cdn.shopify.com/s/files/1/0965/9354/3474/files/img-1784347225036-0.jpg?v=1784347229
Otras Ligas,Al Nassr,"Camiseta Al-Nassr 26/27 Visitante, Versión Jugador",https://camisetasdefutbol.com.co/products/camiseta-al-nassr-26-27-visitante-version-jugador,110000,,Camiseta Al Nassr 26/27 Adultos [PLAYER VERSION],https://lacabala.cl/products/camiseta-al-nassr-26-27-adultos-player-version-413,32990,"imagen_casi_identica(dhash=2,phash=0)",https://cdn.shopify.com/s/files/1/0965/9354/3474/files/img-1789258010803-0.jpg?v=1789258014
Otras Ligas,Atlético Nacional,Camiseta Atlético Nacional 26/27 Local,https://camisetasdefutbol.com.co/products/camiseta-atletico-nacional-26-27-local,100000,,Camiseta Atlético Nacional 26/27 Adultos,https://lacabala.cl/products/camiseta-atletico-nacional-26-27-adultos-414,27990,"imagen_casi_identica(dhash=2,phash=0)",https://cdn.shopify.com/s/files/1/0965/9354/3474/files/img-1784347141885-0.jpg?v=1784347146
Otras Ligas,Celtic,Camiseta Celtic 26/27 Local,https://camisetasdefutbol.com.co/products/camiseta-celtic-26-27-local,100000,,Camiseta Celtic Local 26/27 Adultos,https://lacabala.cl/products/camiseta-celtic-local-26-27-adultos-419,27990,"imagen_casi_identica(dhash=1,phash=0)",https://cdn.shopify.com/s/files/1/0965/9354/3474/files/img-1784696188366-0.jpg?v=1784696191
Otras Ligas,Celtic,"Camiseta Celtic 26/27 Local, Versión Jugador",https://camisetasdefutbol.com.co/products/camiseta-celtic-26-27-local-version-jugador,110000,,Camiseta Celtic Local 26/27 Adultos [PLAYER VERSION],https://lacabala.cl/products/camiseta-celtic-local-26-27-adultos-player-version-420,34990,"imagen_casi_identica(dhash=0,phash=0)",https://cdn.shopify.com/s/files/1/0965/9354/3474/files/img-1783732175146-0.jpg?v=1783732179
Otras Ligas,Nacional,Camiseta Nacional 26/27 Portero Azul,https://camisetasdefutbol.com.co/products/camiseta-nacional-26-27-portero-azul,110000,,Camiseta Nacional Portero 26/27 Adultos,https://lacabala.cl/products/camiseta-nacional-portero-26-27-adultos-426,27990,"imagen_casi_identica(dhash=0,phash=0)",https://cdn.shopify.com/s/files/1/0965/9354/3474/files/img-1783301666212-0.jpg?v=1783301669
Otras Ligas,Nacional,Camiseta Nacional de Montevideo 26/27 Local,https://camisetasdefutbol.com.co/products/camiseta-nacional-de-montevideo-26-27-local,100000,,Camiseta Nacional Local 26/27 Adultos,https://lacabala.cl/products/camiseta-nacional-local-26-27-adultos-425,27990,"imagen_casi_identica(dhash=1,phash=0)",https://cdn.shopify.com/s/files/1/0965/9354/3474/files/img-1784400635488-0.jpg?v=1784400638
Otras Ligas,Olimpia,Camiseta Olimpia 26/27 Local,https://camisetasdefutbol.com.co/products/camiseta-olimpia-26-27-local,100000,,Camiseta Olimpia 26/27 Adultos,https://lacabala.cl/products/camiseta-olimpia-26-27-adultos-427,27990,"imagen_casi_identica(dhash=0,phash=0)",https://cdn.shopify.com/s/files/1/0965/9354/3474/files/img-1784347164509-0.jpg?v=1784347168
Otras Ligas,Otros,Camiseta Remo 26/27 Local,https://camisetasdefutbol.com.co/products/camiseta-remo-26-27-local,100000,,Camiseta Remo Local 26/27 Adultos,https://lacabala.cl/products/camiseta-remo-local-26-27-adultos-374,27990,"imagen_casi_identica(dhash=0,phash=0)",https://cdn.shopify.com/s/files/1/0965/9354/3474/files/img-1784400754421-0.jpg?v=1784400758
Otras Ligas,Otros,Camiseta Remo 26/27 Visitante,https://camisetasdefutbol.com.co/products/camiseta-remo-26-27-visitante,100000,,Camiseta Remo Visitante 26/27 Adultos,https://lacabala.cl/products/camiseta-remo-visitante-26-27-adultos-375,27990,"imagen_casi_identica(dhash=2,phash=0)",https://cdn.shopify.com/s/files/1/0965/9354/3474/files/img-1789258652923-0.jpg?v=1789258655
Otras Ligas,Peñarol,Camiseta Peñarol 26/27 Visitante,https://camisetasdefutbol.com.co/products/camiseta-penarol-26-27-visitante,100000,,Camiseta Peñarol Local 26/27 Adultos,https://lacabala.cl/products/camiseta-penarol-local-26-27-adultos-434,27990,"imagen_casi_identica(dhash=1,phash=0)",https://cdn.shopify.com/s/files/1/0965/9354/3474/files/img-1784347156448-0.jpg?v=1784347160
